ID,Category,Category name,Title,Requirement,Rationale,Sources,Provenance,Legal status,Plane,Perspectives,Actors,Verification method,Status,Reviewer,Concepts,Created,Last verified,URL,Source extract,Priority,Clusters,Applicability,Review proposal,Review note,Also covered
EBW-AIF-001,AIF,AI-first and agent interoperability,Human can deny wallet tool invocations,"Where the wallet or an agent exposes wallet functions as MCP tools, the application shall let the user deny each tool invocation that has legal or financial effect, and shall indicate clearly when a tool is invoked.","The specification only says SHOULD; for signing, sealing or submitting on behalf of a legal person a human decision point is derived as an obligation.","SRC-MCP-TOOLS (Tools, User Interaction Model)",D,ecosystem,governance,B2B; B2G; B2C,wallet user; agent,test,draft,pending,CON-AGENT-MANDATE; CON-AI-SAFETY; CON-TRUSTED-AI,2026-10-03,2026-10-03,https://spherity.github.io/business-wallet-requirements/requirements/ebw-aif-001/,there SHOULD always be a human in the loop with the ability to deny tool invocations,P2,"K16 AI-first and agent interoperability; K03 Mandates, representation and delegation (employees, machines, agents); K10 Evidence, logging and audit",wallet-general,reword,Derived obligation strengthens MCP SHOULD; legal or financial effect is undefined and untestable.,
EBW-AIF-002,AIF,AI-first and agent interoperability,Tool annotations treated as untrusted,"Where the wallet or an agent acts as an MCP client, it shall treat tool annotations as untrusted unless they come from a trusted server.",A malicious server could otherwise label a destructive wallet action as read-only to skip confirmation.,"SRC-MCP-TOOLS (Tools, Data Types (annotations))",S,ecosystem,control,M2M; A2A; B2B,agent; MCP client,test,draft,pending,CON-AI-SAFETY; CON-AISP,2026-10-03,2026-10-03,https://spherity.github.io/business-wallet-requirements/requirements/ebw-aif-002/,clients MUST consider tool annotations to be untrusted unless they come from trusted servers.,P2,"K16 AI-first and agent interoperability; K11 Security, resilience and incident handling; K18 Planes and evidence graph (control, data, verifiable evidence)",wallet-general,ok,,
EBW-AIF-003,AIF,AI-first and agent interoperability,Auth-required state is not itself an authorisation,"Where the wallet or an agent implements A2A, the agent shall not treat the TASK_STATE_AUTH_REQUIRED transition, by itself, as authorisation for any operation, and shall define how an authorised operation is identified and checked.","A2A does not define the scope or revocation of an in-task authorisation, so a mandate model must be supplied by the implementer.",SRC-A2A (Section 7.6.4 In-Task Authorization Scope),S,ecosystem,governance,M2M; A2A; B2B,agent,analysis,draft,pending,CON-AGENT-MANDATE; CON-MANDATE,2026-10-03,2026-10-03,https://spherity.github.io/business-wallet-requirements/requirements/ebw-aif-003/,"Agents MUST NOT treat the TASK_STATE_AUTH_REQUIRED state transition, by itself, as authorization for any particular operation.",P2,"K16 AI-first and agent interoperability; K03 Mandates, representation and delegation (employees, machines, agents)",wallet-general,split,"Two obligations: no implicit authorisation, and defined authorisation identification.",
EBW-AIF-004,AIF,AI-first and agent interoperability,"Agents act by delegation, not impersonation","Where the wallet or an agent acts on behalf of a user or legal person, the agent shall use explicit on-behalf-of delegation that proves its delegated scope while remaining identifiable as distinct from the principal.",Impersonation hides who acted and defeats accountability for business transactions.,"SRC-OIDF-AGENTIC (Executive Summary, Critical future challenges)",D,ecosystem,governance,B2B; B2G; A2A,agent; wallet provider,analysis,draft,pending,CON-AGENT-MANDATE; CON-MANDATE; CON-TRUSTED-AI,2026-10-03,2026-10-03,https://spherity.github.io/business-wallet-requirements/requirements/ebw-aif-004/,agents prove their delegated scope while remaining identifiable as distinct from the user they represent,P1,"K03 Mandates, representation and delegation (employees, machines, agents); K16 AI-first and agent interoperability; K10 Evidence, logging and audit",core,reword,"Rationale does not state the derivation; quote covers only distinct identifiability and scope proof, not a ban on impersonation.",also held in EBW-AIF-013
EBW-AIF-005,AIF,AI-first and agent interoperability,"Agent identity carries model, version and capabilities","Where the wallet or an agent presents an agent identity to a relying party, the identity shall be accompanied by metadata on the underlying model, version and capabilities so that the relying party can apply risk-based access control.",The whitepaper holds that workload identity says what an agent is but not how it behaves; the wording here is derived from that observation.,SRC-OIDF-AGENTIC (Section 2.8 Identity for AI Agents),D,ecosystem,trust,B2B; B2G; A2A,agent; relying party,inspection,draft,pending,CON-AISP; CON-TRUSTED-AI,2026-10-03,2026-10-03,https://spherity.github.io/business-wallet-requirements/requirements/ebw-aif-005/,"Agent identity must be enriched with metadata about its underlying model, version",P3,K16 AI-first and agent interoperability; K06 Identity and identifiers; K01 Credential data model and formats,relying-party-side,reword,"Quote truncated; ""capabilities"" and risk-based access control are not evidenced. Statement tests unclear.",also covered in EBW-TRU-055
EBW-AIF-006,AIF,AI-first and agent interoperability,Delegation path verifiable end to end,"Where the wallet or an agent delegates sub-tasks to other agents, a resource server at the end of the chain shall be able to cryptographically verify the entire delegation path back to the original principal and each step shall narrow scope.",Verifying only the final agent leaves the origin of authority unprovable.,SRC-OIDF-AGENTIC (Section 3.2 Delegated Authorization and Transitive Trust),D,ecosystem,trust,B2B; A2A,agent; resource server,analysis,draft,pending,CON-AGENT-MANDATE; CON-MANDATE; CON-REVOCATION,2026-10-03,2026-10-03,https://spherity.github.io/business-wallet-requirements/requirements/ebw-aif-006/,must be able to cryptographically verify the entire delegation path back to the original user,P2,"K03 Mandates, representation and delegation (employees, machines, agents); K16 AI-first and agent interoperability; K04 Key custody and wallet architecture",core,split,"""Each step shall narrow scope"" is not in the quote; split verification from attenuation.",also held in EBW-AIF-008
EBW-AIF-007,AIF,AI-first and agent interoperability,Autonomous agent actions distinguished from delegated ones,"Where the wallet or an agent can act without an attributable upstream principal, such autonomous actions shall be clearly distinguished from delegated actions, for example by separate identities or token scopes.",A relying party must know whether a human or legal person authorised an action.,SRC-WIMSE-ARCH (Section 3.4.11 AI and ML-Based Intermediaries),S,standard,governance,B2B; B2G; A2A,agent,inspection,draft,pending,CON-AGENT-MANDATE; CON-TRUSTED-AI,2026-10-03,2026-10-03,https://spherity.github.io/business-wallet-requirements/requirements/ebw-aif-007/,Such autonomous actions MUST be clearly distinguished from delegated ones,P2,"K16 AI-first and agent interoperability; K03 Mandates, representation and delegation (employees, machines, agents)",wallet-general,ok,,
EBW-AIF-008,AIF,AI-first and agent interoperability,Each delegation hop scopes and re-binds context,"Where the wallet or an agent takes part in a multi-hop chain of agent delegation, each hop shall explicitly scope and re-bind the security context.",Without it authority can expand beyond what the principal granted.,SRC-WIMSE-ARCH (Section 3.4.11 AI and ML-Based Intermediaries),S,standard,governance,B2B; A2A,agent,analysis,draft,pending,CON-AGENT-MANDATE; CON-MANDATE,2026-10-03,2026-10-03,https://spherity.github.io/business-wallet-requirements/requirements/ebw-aif-008/,each hop in the chain MUST explicitly scope and re-bind the security context,P2,"K03 Mandates, representation and delegation (employees, machines, agents); K16 AI-first and agent interoperability; K11 Security, resilience and incident handling",wallet-general,merge-with EBW-AIF-006,Re-binding context is a mechanism for the scope narrowing split out of AIF-006; fold them.,also covered in EBW-AIF-006
EBW-AIF-009,AIF,AI-first and agent interoperability,Agent DID authentication separate from authorisation,"Where the wallet or an agent authenticates with the W3C AI Agent Protocol DID profile, the server shall evaluate its authorisation policy independently after authentication and return an authorisation failure when the DID lacks permission.",Proof of key control must not be mistaken for a mandate.,SRC-W3C-AIAP-ID (Authentication and Authorization Boundary),S,ecosystem,governance,M2M; A2A; B2B,agent; server,test,draft,pending,CON-AGENT-MANDATE; CON-AISP,2026-10-03,2026-10-03,https://spherity.github.io/business-wallet-requirements/requirements/ebw-aif-009/,the server MUST independently evaluate its authorization policy.,P2,"K16 AI-first and agent interoperability; K03 Mandates, representation and delegation (employees, machines, agents); K08 Protocols and interfaces",wallet-general,ok,Overlaps AIF-003 principle; keep because protocol-specific to W3C DID profile.,
EBW-AIF-010,AIF,AI-first and agent interoperability,"Agent mandate states principal, agent, scope, limits, validity","An agent mandate shall state the principal, the agent, the scope of permitted actions, the limits on those actions and the validity period.","A verifier can only check an action against a mandate whose scope, limits and validity are explicit and machine-readable.","SRC-EBW-PROPOSAL (Article 3, point (19); cf. Directive (EU) 2025/25 Article 16c(4) and ST 9684/26 Annex point 12(1)(c))",D,proposal,trust,B2B; B2G; A2A,wallet owner; authorised representative; AI agent,inspection,draft,pending,CON-AGENT-MANDATE; CON-MANDATE,2026-10-03,2026-10-03,https://spherity.github.io/business-wallet-requirements/requirements/ebw-aif-010/,‘mandate’ means the authorisation granted by a European Business Wallet owner to an authorised representative,P1,"K03 Mandates, representation and delegation (employees, machines, agents); K01 Credential data model and formats; K16 AI-first and agent interoperability",core,reword,Quote is only the Article 2 mandate definition; limits and validity are derived but rationale does not mark it. Check against MAN-series requirements.,
EBW-AIF-011,AIF,AI-first and agent interoperability,Agent functions must not weaken core functionalities,"Where a provider of European Business Wallets offers agentic AI functionality as an additional functionality, that functionality shall not interfere with or compromise the confidentiality, availability or integrity of the minimum core functionalities.","Recital 28 names agentic AI as an anticipated additional use case, which Article 5(2) permits only without harm to the core.",SRC-EBW-PROPOSAL (Article 5(2); recital 28),D,proposal,trust,B2B; B2G; A2A,wallet provider; AI agent,inspection,draft,pending,CON-TRUSTED-AI; CON-AGENT-MANDATE,2026-10-03,2026-10-03,https://spherity.github.io/business-wallet-requirements/requirements/ebw-aif-011/,"do not interfere with or compromise the confidentiality, availability, or integrity of the minimum core functionalities",P1,"K11 Security, resilience and incident handling; K16 AI-first and agent interoperability; K13 Governance, supervision and liability",core,ok,Derives obligation for provider from optional-functionality wording; verify Article 5(2) text.,
EBW-AIF-012,AIF,AI-first and agent interoperability,Agent actions distinguishable in wallet log,"The European Business Wallet shall record, for each action performed by an AI agent, the agent identifier and the mandate relied on, so that it is distinguishable from direct user action in the log of transactions.",Article 6(1)(d) allows automatic interaction without manual intervention; auditors must still tell agent actions from human ones.,SRC-EBW-PROPOSAL (Article 5(1)(m); Article 6(1)(d)),D,proposal,assurance,B2B; B2G; A2A,wallet provider; wallet owner; AI agent,test,draft,pending,CON-AGENT-MANDATE; CON-TRUSTED-AI,2026-10-03,2026-10-03,https://spherity.github.io/business-wallet-requirements/requirements/ebw-aif-012/,to allow interaction with the European Business Wallets automatically without manual intervention or through direct user action,P1,"K10 Evidence, logging and audit; K16 AI-first and agent interoperability; K03 Mandates, representation and delegation (employees, machines, agents)",core,reword,Quote only says automatic interaction is allowed; logging of agent identifier and mandate is a derivation. Relates to NFR-002.,
EBW-AIF-013,AIF,AI-first and agent interoperability,Agent identified separately from principal,An AI agent acting for an owner shall be identified by an identifier of its own that is distinct from the identifier of the principal and expressed as the actor of the delegation.,Verifiers and auditors must tell who acts from on whose behalf the action is taken.,SRC-RFC-8693 (Section 4.1),S,standard,trust,B2B; B2G; A2A,AI agent; wallet owner; authorisation server,inspection,draft,pending,CON-AGENT-MANDATE; CON-TRUSTED-AI,2026-10-03,2026-10-03,https://spherity.github.io/business-wallet-requirements/requirements/ebw-aif-013/,express that delegation has occurred and identify the acting party to whom authority has been delegated,P2,"K03 Mandates, representation and delegation (employees, machines, agents); K16 AI-first and agent interoperability; K06 Identity and identifiers",wallet-general,merge-with EBW-AIF-004,AIF-004 (distinct and identifiable) and AIF-013 (own identifier as actor) state the same obligation.,also covered in EBW-AIF-004; also covered in EBW-FUN-037; also covered in EBW-INT-029
EBW-AIF-014,AIF,AI-first and agent interoperability,Agent keys separate from principal credentials,"The agent provider shall ensure that an AI agent cannot access, or use without a trusted surface, the signing key used to create mandates for that agent.","If the agent can use the key that creates its own mandates, it can authorise itself beyond the owner's consent.","SRC-AP2 (Agent Authorization, Trusted Agent Provider)",S,ecosystem,trust,B2B; A2A,agent provider; AI agent,audit,draft,pending,CON-AGENT-MANDATE; CON-TRUSTED-AI,2026-10-03,2026-10-03,https://spherity.github.io/business-wallet-requirements/requirements/ebw-aif-014/,"The Agent Provider MUST ensure that the Agent is not able to access the Agent Provider signing key, or use it without the Trusted Surface.",P2,"K04 Key custody and wallet architecture; K16 AI-first and agent interoperability; K03 Mandates, representation and delegation (employees, machines, agents)",provider-side,ok,"Quote is AP2 specific (Agent Provider signing key, Trusted Surface); generalise terms.",
EBW-AIF-015,AIF,AI-first and agent interoperability,Owner identity preserved under delegation,The mandate and authorisation system shall not give an authorised representative or AI agent possession of the owner identification data or the private keys of the owner's wallet unit.,Recital 18 requires delegation that preserves the integrity of the identity of the owner of the wallet.,SRC-EBW-PROPOSAL (Recital 18),D,proposal,trust,B2B; B2G; A2A,wallet provider; AI agent; authorised representative,inspection,draft,pending,CON-AGENT-MANDATE; CON-WUA; CON-MANDATE,2026-10-03,2026-10-03,https://spherity.github.io/business-wallet-requirements/requirements/ebw-aif-015/,in such a way as to preserve the integrity of the identity of the owner of that Wallet,P1,"K04 Key custody and wallet architecture; K03 Mandates, representation and delegation (employees, machines, agents); K06 Identity and identifiers",core,reword,Recital 18 wording is about preserving identity integrity; ban on possession of keys is a stronger derivation. Recitals are non-binding.,also covered in EBW-TRU-058
EBW-AIF-016,AIF,AI-first and agent interoperability,Informed consent on a trusted surface before mandate creation,"Before a mandate is created for an AI agent, a trusted surface shall present the mandate content to the principal and obtain the principal's informed consent.",A mandate that the agent drafts and the principal never saw gives no assurance of what was approved.,"SRC-AP2 (Specification, Roles)",S,ecosystem,trust,B2B; B2C; A2A,wallet owner; agent provider; trusted surface,test,draft,pending,CON-AGENT-MANDATE; CON-TRUSTED-AI,2026-10-03,2026-10-03,https://spherity.github.io/business-wallet-requirements/requirements/ebw-aif-016/,a UI surface that is trusted to get informed user consent for an Intent before creating a user-signed Mandate,P2,"K03 Mandates, representation and delegation (employees, machines, agents); K16 AI-first and agent interoperability; K04 Key custody and wallet architecture",wallet-general,ok,,also held in EBW-AIF-017
EBW-AIF-017,AIF,AI-first and agent interoperability,Consent surface not driven by an AI model,The trusted surface that obtains consent for a mandate shall be operated without a non-deterministic AI model handling its communication.,A model-driven consent surface could be manipulated by the same agent it is meant to constrain.,"SRC-AP2 (Specification, Agentic vs Non-Agentic)",S,ecosystem,trust,B2B; B2C; A2A,agent provider; trusted surface,inspection,draft,pending,CON-AGENT-MANDATE; CON-AI-SAFETY,2026-10-03,2026-10-03,https://spherity.github.io/business-wallet-requirements/requirements/ebw-aif-017/,The following role MUST be non-agentic:,P3,"K16 AI-first and agent interoperability; K03 Mandates, representation and delegation (employees, machines, agents)",wallet-general,merge-with EBW-AIF-016,"Quote fragment ""following role MUST be non-agentic"" lacks the role; ""non-deterministic AI model"" in statement is a gloss.",also covered in EBW-AIF-016
EBW-AIF-018,AIF,AI-first and agent interoperability,Mandate verification in deterministic code,"Validation of mandates and processing of their constraints shall be performed in deterministic code, not by an AI model.",Verification that depends on a language model can be steered by prompt injection.,"SRC-AP2 (Specification, Agentic vs Non-Agentic)",S,ecosystem,control,B2B; A2A,verifier; relying party; wallet provider,inspection,draft,pending,CON-AGENT-MANDATE; CON-AI-SAFETY,2026-10-03,2026-10-03,https://spherity.github.io/business-wallet-requirements/requirements/ebw-aif-018/,it MUST happen in deterministic code regardless of whether the role is agentic or not,P2,"K16 AI-first and agent interoperability; K03 Mandates, representation and delegation (employees, machines, agents); K18 Planes and evidence graph (control, data, verifiable evidence)",wallet-general,ok,"Testable only by architecture review; ""AI model"" needs definition.",
EBW-AIF-019,AIF,AI-first and agent interoperability,Mandate limits enforced outside the agent,"The verifier or the wallet, not the AI agent, shall enforce the limits of a mandate on each action the agent attempts.","AP2 treats every agent and model as a potential attacker, so limits cannot depend on the agent's own compliance.",SRC-AP2 (Security and Privacy Considerations),S,ecosystem,control,B2B; A2A,verifier; wallet provider; AI agent,test,draft,pending,CON-AGENT-MANDATE; CON-AI-SAFETY,2026-10-03,2026-10-03,https://spherity.github.io/business-wallet-requirements/requirements/ebw-aif-019/,all LLMs and Agents MUST be considered potential attackers and are explicitly included in the threat model,P2,"K03 Mandates, representation and delegation (employees, machines, agents); K16 AI-first and agent interoperability; K18 Planes and evidence graph (control, data, verifiable evidence)",wallet-general,reword,"Quote is threat-model statement, not enforcement duty; derivation not marked. Overlaps AIF-018.",
EBW-AIF-020,AIF,AI-first and agent interoperability,Unknown mandate constraints fail evaluation,A verifier shall treat any mandate constraint it does not recognise as failing evaluation.,Failing closed prevents an agent from using constraint types the verifier cannot enforce.,"SRC-AP2 (Agent Authorization, Verification and Processing Rules)",S,ecosystem,control,B2B; A2A,verifier; relying party,test,draft,pending,CON-AGENT-MANDATE,2026-10-03,2026-10-03,https://spherity.github.io/business-wallet-requirements/requirements/ebw-aif-020/,Any unknown Constraints MUST be treated as failing evaluation.,P2,"K03 Mandates, representation and delegation (employees, machines, agents); K16 AI-first and agent interoperability; K18 Planes and evidence graph (control, data, verifiable evidence)",relying-party-side,ok,,
EBW-AIF-021,AIF,AI-first and agent interoperability,Cumulative budget across agent actions,"When a mandate contains a budget constraint, the verifier shall track the total of previous actions under that mandate and reject an action that would exceed the budget.",Per-action limits alone do not bound the total exposure of a reusable mandate.,"SRC-AP2 (Payment Mandate, Budget constraint)",S,ecosystem,control,B2B; A2A,verifier; AI agent,test,draft,pending,CON-AGENT-MANDATE; CON-MANDATE,2026-10-03,2026-10-03,https://spherity.github.io/business-wallet-requirements/requirements/ebw-aif-021/,the requested amount plus the total sum of amounts from previously closed Payment Mandates MUST be less than or equal to max,P3,"K03 Mandates, representation and delegation (employees, machines, agents); K16 AI-first and agent interoperability; K18 Planes and evidence graph (control, data, verifiable evidence)",relying-party-side,ok,AP2 payment mandate specific; not general to business wallet; consider dropping if no payment scope.,
EBW-AIF-022,AIF,AI-first and agent interoperability,No new closed mandate before the previous is resolved,An AI agent shall not present a further closed mandate under the same open mandate before it has received a rejection receipt for the previous one.,This prevents one open mandate from approving several overlapping actions.,"SRC-AP2 (Specification, Autonomous (Human Not Present))",S,ecosystem,control,B2B; A2A,AI agent,test,draft,pending,CON-AGENT-MANDATE,2026-10-03,2026-10-03,https://spherity.github.io/business-wallet-requirements/requirements/ebw-aif-022/,Shopping Agents MUST NOT present any subsequent open Payment or Checkout Mandates without receiving a rejection receipt from the previous one.,P3,"K03 Mandates, representation and delegation (employees, machines, agents); K16 AI-first and agent interoperability; K18 Planes and evidence graph (control, data, verifiable evidence)",wallet-general,ok,Quote refers to Shopping Agents and Open Payment or Checkout Mandates; statement generalises.,
EBW-AIF-023,AIF,AI-first and agent interoperability,Agent discloses only needed mandate content,"When presenting a mandate with selective disclosures, the AI agent shall disclose only the parts needed for the verifier to evaluate the closed mandate.",Mandate constraints can reveal business intent that the verifier does not need.,"SRC-AP2 (Specification, Autonomous (Human Not Present))",S,ecosystem,data,B2B; A2A,AI agent,test,draft,pending,CON-AGENT-MANDATE; CON-PRIVACY,2026-10-03,2026-10-03,https://spherity.github.io/business-wallet-requirements/requirements/ebw-aif-023/,Shopping Agents MUST present only the disclosures from the open Mandates needed in the evaluation of the closed Mandates.,P2,"K09 Privacy and data protection; K01 Credential data model and formats; K18 Planes and evidence graph (control, data, verifiable evidence)",wallet-general,ok,,
EBW-AIF-024,AIF,AI-first and agent interoperability,Mandate validity no longer than the task needs,A mandate for an AI agent shall carry an expiry no later than the time needed to complete the assigned task.,A short validity period limits the damage window if the agent or its key is compromised.,"SRC-AP2 (Specification, Autonomous (Human Not Present))",S,ecosystem,control,B2B; A2A,wallet owner; agent provider,inspection,draft,pending,CON-AGENT-MANDATE; CON-MANDATE,2026-10-03,2026-10-03,https://spherity.github.io/business-wallet-requirements/requirements/ebw-aif-024/,to set the exp claim for these Mandates to the smallest value that will allow the Shopping Agent to complete the assigned task.,P2,"K07 Credential lifecycle; K03 Mandates, representation and delegation (employees, machines, agents); K18 Planes and evidence graph (control, data, verifiable evidence)",wallet-general,reword,"""No later than the time needed"" is hard to test.",
EBW-AIF-025,AIF,AI-first and agent interoperability,Delegation depth bounded by the mandate,"A mandate shall state whether the AI agent may sub-delegate and the maximum number of delegation steps, and a verifier shall reject a chain that exceeds it.","AP2 leaves agent-to-agent delegation unspecified and Council text requires over-delegation to be prevented, so the depth must be bounded explicitly.","SRC-AP2 (Specification, Agent-to-Agent Delegation; cf. ST 9684/26 Annex point 12(3)(b))",D,ecosystem,control,B2B; A2A,wallet owner; AI agent; verifier,test,draft,pending,CON-AGENT-MANDATE; CON-MANDATE,2026-10-03,2026-10-03,https://spherity.github.io/business-wallet-requirements/requirements/ebw-aif-025/,it is possible to use this protocol to support delegation of Mandates from one Shopping Agent to another,P2,"K03 Mandates, representation and delegation (employees, machines, agents); K16 AI-first and agent interoperability; K18 Planes and evidence graph (control, data, verifiable evidence)",core,reword,Quote only says delegation is possible; the depth limit is a derivation not marked as such. Overlaps AIF-006.,
EBW-AIF-026,AIF,AI-first and agent interoperability,Signed receipt for every mandate presentation,"Upon accepting or rejecting a presented mandate, the verifier shall return a signed receipt that references a hash of the received mandate.",The receipt gives both parties evidence of what was presented and with what outcome.,"SRC-AP2 (Agent Authorization, Action Authorization)",S,ecosystem,assurance,B2B; A2A,verifier; AI agent,test,draft,pending,CON-AGENT-MANDATE,2026-10-03,2026-10-03,https://spherity.github.io/business-wallet-requirements/requirements/ebw-aif-026/,"Upon acceptance or rejection of the Mandate, the Verifier MUST return a signed Mandate Receipt.",P2,"K10 Evidence, logging and audit; K16 AI-first and agent interoperability; K08 Protocols and interfaces",wallet-general,ok,Hash reference of mandate in receipt not in quote.,
EBW-AIF-027,AIF,AI-first and agent interoperability,Non-repudiable evidence of mandate use,"The parties to an agent-initiated transaction shall retain the open mandate, the closed mandate and the receipt so that together they can be verified as evidence of what the principal authorised.","AP2 leaves retention open, yet dispute resolution depends on the complete set of records.","SRC-AP2 (Specification, Dispute Evidence)",D,ecosystem,assurance,B2B; A2A,verifier; AI agent; wallet owner,audit,draft,pending,CON-AGENT-MANDATE; CON-MANDATE,2026-10-03,2026-10-03,https://spherity.github.io/business-wallet-requirements/requirements/ebw-aif-027/,can be brought together to provide a non-repudiable picture of the transaction,P2,"K10 Evidence, logging and audit; K16 AI-first and agent interoperability; K03 Mandates, representation and delegation (employees, machines, agents)",wallet-general,reword,"Retention duty and period are unstated; ""non-repudiable"" is legal conclusion. Overlaps NFR-002, NFR-014.",
EBW-AIF-028,AIF,AI-first and agent interoperability,Human approval above a mandate-defined threshold,"A mandate shall be able to define thresholds or action classes above which the action requires approval by a natural person, and the wallet or verifier shall withhold the action until that approval is given.",AI Act Article 14(3) requires oversight commensurate with autonomy and risk; thresholds make this enforceable per mandate. Chapter III Sections 1-3 of Regulation (EU) 2024/1689 apply from 2 December 2027 (Annex III systems) or 2 August 2028 (Annex I systems) under Article 113 as amended by Regulation (EU) 2026/1744.,SRC-AIACT (Article 14(3) and 14(4)(d)),D,in force,control,B2B; B2G; A2A,wallet owner; AI agent; verifier,test,draft,pending,CON-AGENT-MANDATE; CON-AI-SAFETY,2026-10-03,2026-10-03,https://spherity.github.io/business-wallet-requirements/requirements/ebw-aif-028/,"The oversight measures shall be commensurate with the risks, level of autonomy and context of use of the high-risk AI system",P2,"K03 Mandates, representation and delegation (employees, machines, agents); K16 AI-first and agent interoperability; K18 Planes and evidence graph (control, data, verifiable evidence)",wallet-general,reword,"Art 14(3) does not require thresholds; derivation unmarked, applies only if high-risk. Overlaps EBW-LEG-041.",
EBW-AIF-029,AIF,AI-first and agent interoperability,AI literacy of staff operating AI systems,The provider and the deployer of an AI system used in or with a business wallet shall take measures to support the development of AI literacy of their staff and other persons dealing with the operation and use of the AI system on their behalf.,"Applies to every AI system regardless of risk class, so a wallet provider or agent operator using AI must train its operators. Mapping to wallet provider or agent operator is a derivation (D).","SRC-AIACT (Article 4(1), as replaced by Regulation (EU) 2026/1744, Article 1(5))",D,in force,governance,B2B; A2A,provider of AI system; deployer of AI system; business wallet provider; agent operator,audit,draft,pending,CON-TRUSTED-AI; CON-AI-SAFETY,2026-10-03,2026-10-03,https://spherity.github.io/business-wallet-requirements/requirements/ebw-aif-029/,shall take measures to support the development of AI literacy of their staff and other persons dealing with the operation,P3,"K16 AI-first and agent interoperability; K13 Governance, supervision and liability",provider-side,drop,"Art 4 applies to AI providers and deployers generally; no wallet design effect. Quote truncated (""to their best extent"" dropped).",
EBW-AIF-030,AIF,AI-first and agent interoperability,Lifecycle risk management system for high-risk AI,"The provider of a high-risk AI system shall establish, implement, document and maintain a risk management system as a continuous iterative process over the entire lifecycle of that system.",Gives the baseline process under which risks of an AI agent acting with wallet credentials are identified and mitigated. Applies only if the AI system is classified high-risk under Article 6; mapping to a wallet or agent operator is a derivation. Chapter III Sections 1-3 of Regulation (EU) 2024/1689 apply from 2 December 2027 (Annex III systems) or 2 August 2028 (Annex I systems) under Article 113 as amended by Regulation (EU) 2026/1744.,SRC-AIACT (Article 9(1)-(2)),D,in force,assurance,B2B; A2A,provider of high-risk AI system; agent operator,audit,draft,pending,CON-TRUSTED-AI; CON-AI-SAFETY,2026-10-03,2026-10-03,https://spherity.github.io/business-wallet-requirements/requirements/ebw-aif-030/,"shall be established, implemented, documented and maintained in relation to high-risk AI systems",P3,"K16 AI-first and agent interoperability; K11 Security, resilience and incident handling; K13 Governance, supervision and liability",provider-side,reword,Rationale states conditional high-risk scope but statement does not; add scope.,
EBW-AIF-031,AIF,AI-first and agent interoperability,Risk evaluation includes foreseeable misuse,The provider of a high-risk AI system shall estimate and evaluate the risks that may emerge when the system is used in accordance with its intended purpose and under conditions of reasonably foreseeable misuse.,"For agents holding signing or sealing authority, misuse (for example prompt injection triggering a signature) must be assessed up front. Applies only if the AI system is classified high-risk under Article 6; mapping to a wallet or agent operator is a derivation. Chapter III Sections 1-3 of Regulation (EU) 2024/1689 apply from 2 December 2027 (Annex III systems) or 2 August 2028 (Annex I systems) under Article 113 as amended by Regulation (EU) 2026/1744.",SRC-AIACT (Article 9(2)(b)),D,in force,assurance,B2B; A2A,provider of high-risk AI system; agent operator,analysis,draft,pending,CON-AI-SAFETY; CON-AGENT-MANDATE,2026-10-03,2026-10-03,https://spherity.github.io/business-wallet-requirements/requirements/ebw-aif-031/,under conditions of reasonably foreseeable misuse,P3,"K16 AI-first and agent interoperability; K11 Security, resilience and incident handling",provider-side,reword,Rationale states conditional high-risk scope but statement does not; add scope.,
EBW-AIF-032,AIF,AI-first and agent interoperability,Pre-market testing against defined metrics,"The provider of a high-risk AI system shall test the system, prior to placing it on the market or putting it into service, against previously defined metrics and probabilistic thresholds appropriate to its intended purpose.",Makes agent behaviour verifiable before it is trusted with credentials. Applies only if the AI system is classified high-risk under Article 6; mapping to a wallet or agent operator is a derivation. Chapter III Sections 1-3 of Regulation (EU) 2024/1689 apply from 2 December 2027 (Annex III systems) or 2 August 2028 (Annex I systems) under Article 113 as amended by Regulation (EU) 2026/1744.,SRC-AIACT (Article 9(8)),D,in force,assurance,B2B; A2A,provider of high-risk AI system,test,draft,pending,CON-TRUSTED-AI; CON-AI-SAFETY,2026-10-03,2026-10-03,https://spherity.github.io/business-wallet-requirements/requirements/ebw-aif-032/,Testing shall be carried out against prior defined metrics and probabilistic thresholds,P3,"K16 AI-first and agent interoperability; K14 Conformity, certification and assurance",provider-side,reword,Rationale states conditional high-risk scope but statement does not; add scope.,
EBW-AIF-033,AIF,AI-first and agent interoperability,"Data governance for training, validation and testing data","The provider of a high-risk AI system that uses training of AI models shall subject training, validation and testing data sets to data governance and management practices covering design choices, data origin, preparation operations and bias examination.","Constrains how wallet data (credentials, records, messages) may be used to train or tune AI models. Applies only if the AI system is classified high-risk under Article 6; mapping to a wallet or agent operator is a derivation. Chapter III Sections 1-3 of Regulation (EU) 2024/1689 apply from 2 December 2027 (Annex III systems) or 2 August 2028 (Annex I systems) under Article 113 as amended by Regulation (EU) 2026/1744.",SRC-AIACT (Article 10(1)-(2)),D,in force,data,B2B,provider of high-risk AI system; business wallet provider,audit,draft,pending,CON-TRUSTED-AI; CON-PRIVACY,2026-10-03,2026-10-03,https://spherity.github.io/business-wallet-requirements/requirements/ebw-aif-033/,shall be subject to data governance and management practices appropriate for the intended purpose,P3,K16 AI-first and agent interoperability; K09 Privacy and data protection; K01 Credential data model and formats,provider-side,reword,Rationale states conditional high-risk scope but statement does not; add scope.,
EBW-AIF-034,AIF,AI-first and agent interoperability,Logging capability supports traceability and monitoring,"The provider of a high-risk AI system shall provide logging capabilities that record events relevant for identifying risk situations or substantial modifications, for post-market monitoring and for deployer monitoring of operation.","Complements EBW-LEG-040 (existence of logging) by fixing the purposes the log content must serve, relevant for audit trails of agent actions on wallet data. Applies only if the AI system is classified high-risk under Article 6; mapping to a wallet or agent operator is a derivation. Chapter III Sections 1-3 of Regulation (EU) 2024/1689 apply from 2 December 2027 (Annex III systems) or 2 August 2028 (Annex I systems) under Article 113 as amended by Regulation (EU) 2026/1744.",SRC-AIACT (Article 12(2)),D,in force,assurance,B2B; A2A,provider of high-risk AI system; agent operator,test,draft,pending,CON-TRUSTED-AI; CON-AGENT-MANDATE,2026-10-03,2026-10-03,https://spherity.github.io/business-wallet-requirements/requirements/ebw-aif-034/,logging capabilities shall enable the recording of events relevant for,P3,"K10 Evidence, logging and audit; K16 AI-first and agent interoperability",provider-side,merge-with EBW-LEG-040,Art 12(2) purposes can be folded into LEG-040 as an additional clause.,also covered in EBW-LEG-040
EBW-AIF-035,AIF,AI-first and agent interoperability,Deployer retains logs of high-risk AI system for six months,"The deployer of a high-risk AI system shall keep the logs automatically generated by that system, to the extent under its control, for a period appropriate to the intended purpose of at least six months.",An organisation running an AI agent against its business wallet must retain the agent's logs itself. Applies only if the AI system is classified high-risk under Article 6; mapping to a wallet or agent operator is a derivation. Chapter III Sections 1-3 of Regulation (EU) 2024/1689 apply from 2 December 2027 (Annex III systems) or 2 August 2028 (Annex I systems) under Article 113 as amended by Regulation (EU) 2026/1744.,SRC-AIACT (Article 26(6)),D,in force,assurance,B2B; A2A,deployer of high-risk AI system; agent operator,inspection,draft,pending,CON-TRUSTED-AI; CON-AGENT-MANDATE,2026-10-03,2026-10-03,https://spherity.github.io/business-wallet-requirements/requirements/ebw-aif-035/,shall keep the logs automatically generated by that high-risk AI system to the extent such logs are under their control,P3,"K10 Evidence, logging and audit; K16 AI-first and agent interoperability; K09 Privacy and data protection",horizontal,reword,Rationale states conditional high-risk scope but statement does not; add scope. Also GDPR retention tension.,
EBW-AIF-036,AIF,AI-first and agent interoperability,Instructions for use in a digital format,"The provider of a high-risk AI system shall accompany the system with instructions for use in an appropriate digital format containing at least provider identity, performance characteristics and limitations, accuracy metrics, human oversight measures and log-handling mechanisms.",Deployers (including enterprises delegating wallet operations to an agent) need this information to use the system within its intended purpose. Applies only if the AI system is classified high-risk under Article 6; mapping to a wallet or agent operator is a derivation. Chapter III Sections 1-3 of Regulation (EU) 2024/1689 apply from 2 December 2027 (Annex III systems) or 2 August 2028 (Annex I systems) under Article 113 as amended by Regulation (EU) 2026/1744.,SRC-AIACT (Article 13(2)-(3)),D,in force,governance,B2B,provider of high-risk AI system,inspection,draft,pending,CON-TRUSTED-AI,2026-10-03,2026-10-03,https://spherity.github.io/business-wallet-requirements/requirements/ebw-aif-036/,shall be accompanied by instructions for use in an appropriate digital format or otherwise,P3,"K16 AI-first and agent interoperability; K13 Governance, supervision and liability",provider-side,reword,Rationale states conditional high-risk scope but statement does not; add scope.,
EBW-AIF-037,AIF,AI-first and agent interoperability,High-risk AI system designed for effective human oversight,"The provider of a high-risk AI system shall design and develop the system, including appropriate human-machine interface tools, so that natural persons can effectively oversee it while it is in use.",Underpins human-in-the-loop approval of agent actions with legal effect such as signing or sealing. Applies only if the AI system is classified high-risk under Article 6; mapping to a wallet or agent operator is a derivation. Chapter III Sections 1-3 of Regulation (EU) 2024/1689 apply from 2 December 2027 (Annex III systems) or 2 August 2028 (Annex I systems) under Article 113 as amended by Regulation (EU) 2026/1744.,SRC-AIACT (Article 14(1)),D,in force,control,B2B; A2A,provider of high-risk AI system; agent operator,test,draft,pending,CON-TRUSTED-AI; CON-AGENT-MANDATE; CON-AI-SAFETY,2026-10-03,2026-10-03,https://spherity.github.io/business-wallet-requirements/requirements/ebw-aif-037/,can be effectively overseen by natural persons during the period in which they are in use,P3,"K16 AI-first and agent interoperability; K03 Mandates, representation and delegation (employees, machines, agents)",provider-side,merge-with EBW-LEG-041,Art 14(1) design-for-oversight and 14(4) override duties overlap LEG-041; fold with AIF-038.,also covered in EBW-LEG-041
EBW-AIF-038,AIF,AI-first and agent interoperability,"Human can disregard, override or reverse AI output","The provider of a high-risk AI system shall enable the natural persons assigned to human oversight to decide not to use the system or to disregard, override or reverse its output.",Complements EBW-LEG-041 (stop mechanism); an agent's proposed wallet action must be reversible or rejectable before effect. Applies only if the AI system is classified high-risk under Article 6; mapping to a wallet or agent operator is a derivation. Chapter III Sections 1-3 of Regulation (EU) 2024/1689 apply from 2 December 2027 (Annex III systems) or 2 August 2028 (Annex I systems) under Article 113 as amended by Regulation (EU) 2026/1744.,SRC-AIACT (Article 14(4)(d)),D,in force,control,B2B; A2A,provider of high-risk AI system; agent operator,test,draft,pending,CON-AGENT-MANDATE; CON-AI-SAFETY,2026-10-03,2026-10-03,https://spherity.github.io/business-wallet-requirements/requirements/ebw-aif-038/,"to decide, in any particular situation, not to use the high-risk AI system or to otherwise disregard, override or reverse the output",P3,"K16 AI-first and agent interoperability; K03 Mandates, representation and delegation (employees, machines, agents)",provider-side,merge-with EBW-LEG-041,Rationale calls it complement of LEG-041; same Article 14 human oversight control.,also covered in EBW-LEG-041
EBW-AIF-039,AIF,AI-first and agent interoperability,Measures against data poisoning and adversarial inputs,"The provider of a high-risk AI system shall include, where appropriate, technical solutions to prevent, detect, respond to, resolve and control attacks on training data, pre-trained components, adversarial inputs and confidentiality attacks.",Extends EBW-LEG-042 (resilience against manipulation) with the AI-specific attack classes that matter for prompt injection and model evasion against wallet-connected agents. Applies only if the AI system is classified high-risk under Article 6; mapping to a wallet or agent operator is a derivation. Chapter III Sections 1-3 of Regulation (EU) 2024/1689 apply from 2 December 2027 (Annex III systems) or 2 August 2028 (Annex I systems) under Article 113 as amended by Regulation (EU) 2026/1744.,SRC-AIACT (Article 15(5)),D,in force,control,B2B; A2A,provider of high-risk AI system,test,draft,pending,CON-AI-SAFETY; CON-TRUSTED-AI,2026-10-03,2026-10-03,https://spherity.github.io/business-wallet-requirements/requirements/ebw-aif-039/,data poisoning,P3,"K16 AI-first and agent interoperability; K11 Security, resilience and incident handling",provider-side,merge-with EBW-LEG-042,"Quote is a single word fragment ""data poisoning""; verify Article 15(5) text.",also covered in EBW-LEG-042
EBW-AIF-040,AIF,AI-first and agent interoperability,Serious incident reporting for high-risk AI systems,"The provider of a high-risk AI system placed on the Union market shall report any serious incident to the market surveillance authorities of the Member State where it occurred, not later than 15 days after becoming aware, with shorter periods for widespread infringements and deaths.",AI-caused incidents involving wallet functions would be reportable in addition to cybersecurity incident duties. Applies only if the AI system is classified high-risk under Article 6; mapping to a wallet or agent operator is a derivation.,SRC-AIACT (Article 73(1)-(2)),D,in force,governance,B2G,provider of high-risk AI system,audit,draft,pending,CON-AI-SAFETY,2026-10-03,2026-10-03,https://spherity.github.io/business-wallet-requirements/requirements/ebw-aif-040/,"not later than 15 days after the provider or, where applicable, the deployer, becomes aware of the serious incident",P3,"K11 Security, resilience and incident handling; K16 AI-first and agent interoperability; K13 Governance, supervision and liability",provider-side,reword,Rationale states conditional high-risk scope but statement does not; add scope. Overlaps wallet incident duties (LEG-027).,
EBW-AIF-041,AIF,AI-first and agent interoperability,Post-market monitoring system for high-risk AI,"The provider of a high-risk AI system shall establish and document a post-market monitoring system, proportionate to the technology and risks, that actively and systematically collects and analyses performance data throughout the system's lifetime.",Continuous monitoring of deployed agent behaviour is the feedback loop to the risk management system. Applies only if the AI system is classified high-risk under Article 6; mapping to a wallet or agent operator is a derivation.,SRC-AIACT (Article 72(1)-(2)),D,in force,assurance,B2B,provider of high-risk AI system,audit,draft,pending,CON-AI-SAFETY; CON-TRUSTED-AI,2026-10-03,2026-10-03,https://spherity.github.io/business-wallet-requirements/requirements/ebw-aif-041/,shall establish and document a post-market monitoring system,P3,"K16 AI-first and agent interoperability; K11 Security, resilience and incident handling; K10 Evidence, logging and audit",provider-side,reword,Rationale states conditional high-risk scope but statement does not; add scope.,
EBW-AIF-042,AIF,AI-first and agent interoperability,Deployer uses high-risk AI per instructions for use,The deployer of a high-risk AI system shall take appropriate technical and organisational measures to use the system in accordance with its instructions for use.,An enterprise using an AI agent with its business wallet must stay within the provider's intended purpose. Applies only if the AI system is classified high-risk under Article 6; mapping to a wallet or agent operator is a derivation. Chapter III Sections 1-3 of Regulation (EU) 2024/1689 apply from 2 December 2027 (Annex III systems) or 2 August 2028 (Annex I systems) under Article 113 as amended by Regulation (EU) 2026/1744.,SRC-AIACT (Article 26(1)),D,in force,governance,B2B; A2A,deployer of high-risk AI system; agent operator,audit,draft,pending,CON-TRUSTED-AI; CON-AGENT-MANDATE,2026-10-03,2026-10-03,https://spherity.github.io/business-wallet-requirements/requirements/ebw-aif-042/,take appropriate technical and organisational measures to ensure they use such systems in accordance with the instructions for use,P3,"K16 AI-first and agent interoperability; K13 Governance, supervision and liability",provider-side,drop,Conditional on high-risk; pure usage-compliance duty.,
EBW-AIF-043,AIF,AI-first and agent interoperability,Deployer assigns competent persons to human oversight,"The deployer of a high-risk AI system shall assign human oversight to natural persons who have the necessary competence, training and authority, as well as the necessary support.",Maps to naming accountable human principals for agent mandates in the business wallet. Applies only if the AI system is classified high-risk under Article 6; mapping to a wallet or agent operator is a derivation. Chapter III Sections 1-3 of Regulation (EU) 2024/1689 apply from 2 December 2027 (Annex III systems) or 2 August 2028 (Annex I systems) under Article 113 as amended by Regulation (EU) 2026/1744.,SRC-AIACT (Article 26(2)),D,in force,governance,B2B; A2A,deployer of high-risk AI system; agent operator,audit,draft,pending,CON-AGENT-MANDATE; CON-AI-SAFETY,2026-10-03,2026-10-03,https://spherity.github.io/business-wallet-requirements/requirements/ebw-aif-043/,"assign human oversight to natural persons who have the necessary competence, training and authority",P3,"K16 AI-first and agent interoperability; K03 Mandates, representation and delegation (employees, machines, agents)",provider-side,drop,Conditional on high-risk; naming accountable humans already covered by AIF-010 principal.,
EBW-AIF-044,AIF,AI-first and agent interoperability,Deployer suspends use and informs on risk or serious incident,"When a deployer has reason to consider that use of a high-risk AI system in accordance with its instructions may present a risk, the deployer shall without undue delay inform the provider or distributor and the market surveillance authority and shall suspend use of the system.",Defines the stop-and-notify behaviour when an agent connected to a wallet misbehaves. Applies only if the AI system is classified high-risk under Article 6; mapping to a wallet or agent operator is a derivation. Chapter III Sections 1-3 of Regulation (EU) 2024/1689 apply from 2 December 2027 (Annex III systems) or 2 August 2028 (Annex I systems) under Article 113 as amended by Regulation (EU) 2026/1744.,SRC-AIACT (Article 26(5)),D,in force,governance,B2B; B2G,deployer of high-risk AI system; agent operator,audit,draft,pending,CON-AI-SAFETY,2026-10-03,2026-10-03,https://spherity.github.io/business-wallet-requirements/requirements/ebw-aif-044/,"they shall, without undue delay, inform the provider or distributor and the relevant market surveillance authority, and shall suspend the use",P3,"K11 Security, resilience and incident handling; K16 AI-first and agent interoperability; K13 Governance, supervision and liability",horizontal,reword,Rationale states conditional high-risk scope but statement does not; add scope.,also covered in EBW-LEG-048
EBW-AIF-045,AIF,AI-first and agent interoperability,Deployer informs persons subject to high-risk AI decisions,The deployer of an Annex III high-risk AI system that makes or assists in making decisions related to natural persons shall inform those natural persons that they are subject to the use of the system.,Relevant where AI-assisted decisions about natural persons (for example employees or applicants) are taken on wallet-held data. Applies only if the AI system is classified high-risk under Article 6; mapping to a wallet or agent operator is a derivation. Chapter III Sections 1-3 of Regulation (EU) 2024/1689 apply from 2 December 2027 (Annex III systems) or 2 August 2028 (Annex I systems) under Article 113 as amended by Regulation (EU) 2026/1744.,SRC-AIACT (Article 26(11)),D,in force,governance,B2C; B2B,deployer of high-risk AI system,inspection,draft,pending,CON-TRUSTED-AI; CON-PRIVACY,2026-10-03,2026-10-03,https://spherity.github.io/business-wallet-requirements/requirements/ebw-aif-045/,shall inform the natural persons that they are subject to the use of the high-risk AI system,P3,K16 AI-first and agent interoperability; K09 Privacy and data protection,horizontal,drop,Annex III deployer duty; wallet-specific link is speculative.,
EBW-AIF-046,AIF,AI-first and agent interoperability,Fundamental rights impact assessment before deployment,"Before deploying a high-risk AI system referred to in Article 6(2), a deployer that is a body governed by public law or a private entity providing public services shall perform an assessment of the impact on fundamental rights, and shall notify its results to the market surveillance authority.",Public bodies and public-service entities adopting AI around wallet-mediated B2G processes would trigger this assessment. Applies only if the AI system is classified high-risk under Article 6; mapping to a wallet or agent operator is a derivation. Chapter III Sections 1-3 of Regulation (EU) 2024/1689 apply from 2 December 2027 (Annex III systems) or 2 August 2028 (Annex I systems) under Article 113 as amended by Regulation (EU) 2026/1744.,SRC-AIACT (Article 27(1)),D,in force,governance,B2G; G2B,deployer of high-risk AI system; public sector body,audit,draft,pending,CON-AI-SAFETY; CON-B2G-REPORTING,2026-10-03,2026-10-03,https://spherity.github.io/business-wallet-requirements/requirements/ebw-aif-046/,shall perform an assessment of the impact on fundamental rights that the use of such system may produce,P3,"K16 AI-first and agent interoperability; K13 Governance, supervision and liability",authority-side,drop,FRIA only for public deployers and Article 6(2) systems.,
EBW-AIF-047,AIF,AI-first and agent interoperability,Machine-readable marking of AI-generated output,"The provider of an AI system generating synthetic audio, image, video or text content shall ensure that the outputs are marked in a machine-readable format and detectable as artificially generated or manipulated, using technical solutions that are effective, interoperable, robust and reliable as far as technically feasible.","AI-generated documents or messages entering the wallet's data plane must be machine-detectable as synthetic; applies to any AI system, not only high-risk. Mapping to a wallet-integrated generator is a derivation (D). Marking exceptions in Art 50(2) not reproduced. Providers of systems placed on the market before 2 August 2026 have until 2 December 2026 (Article 111(4)).",SRC-AIACT (Article 50(2)),D,in force,data,B2B; B2G; A2A,provider of AI system; business wallet provider; agent operator,test,draft,pending,CON-TRUSTED-AI; CON-DATA-PLANE,2026-10-03,2026-10-03,https://spherity.github.io/business-wallet-requirements/requirements/ebw-aif-047/,marked in a machine-readable format and detectable as artificially generated or manipulated,P3,"K16 AI-first and agent interoperability; K01 Credential data model and formats; K18 Planes and evidence graph (control, data, verifiable evidence)",horizontal,reword,Applies to generative AI providers only; statement omits Art 50(2) exceptions; tie to wallet-integrated generators.,
EBW-AIF-048,AIF,AI-first and agent interoperability,"AI interaction notice clear, timely and accessible","The provider or deployer that must inform natural persons under Article 50(1) to (4) shall provide the information in a clear and distinguishable manner at the latest at the time of the first interaction or exposure, conforming to applicable accessibility requirements.",Fixes the timing and form of the AI disclosure in EBW-LEG-043 for agents or assistants interacting with people through wallet interfaces. mapping to a wallet or agent operator is a derivation. Not limited to high-risk systems.,SRC-AIACT (Article 50(5)),D,in force,data,B2C; B2B,provider of AI system; deployer of AI system,inspection,draft,pending,CON-TRUSTED-AI,2026-10-03,2026-10-03,https://spherity.github.io/business-wallet-requirements/requirements/ebw-aif-048/,in a clear and distinguishable manner at the latest at the time of the first interaction or exposure,P3,"K16 AI-first and agent interoperability; K15 Adoption, acceptance and cross-ecosystem interoperability; K18 Planes and evidence graph (control, data, verifiable evidence)",horizontal,merge-with EBW-LEG-043,Rationale itself calls it a refinement of LEG-043; add to that requirement.,also covered in EBW-LEG-043
EBW-AIF-049,AIF,AI-first and agent interoperability,Safeguards for Article 22 exceptions and special-category data,"Where a controller relies on contract necessity or explicit consent for a decision based solely on automated processing with legal or similarly significant effects, the controller shall implement suitable safeguards including the rights to obtain human intervention, to express a point of view and to contest the decision, and shall not base the decision on special categories of data unless Article 22(4) conditions are met.","Adds the Art 22(2) exception structure and the Art 22(4) special-category limit to EBW-LEG-015, which covers only paragraphs (1) and (3); relevant to agents deciding on wallet-held personal data.",SRC-GDPR (Article 22(2)-(4)),L,in force,governance,B2C; B2B,data controller; business wallet provider; agent operator,audit,draft,pending,CON-PRIVACY; CON-AGENT-MANDATE,2026-10-03,2026-10-03,https://spherity.github.io/business-wallet-requirements/requirements/ebw-aif-049/,Decisions referred to in paragraph 2 shall not be based on special categories of personal data,P2,K16 AI-first and agent interoperability; K09 Privacy and data protection,horizontal,split,Two obligations (safeguards; special-category limit); overlaps EBW-LEG-015 on Art 22 safeguards.,
EBW-AIF-050,AIF,AI-first and agent interoperability,Inform data subject of automated decision-making and its logic,"Where personal data are processed in automated decision-making including profiling under Article 22(1) and (4), the controller shall provide the data subject with meaningful information about the logic involved and the significance and envisaged consequences of the processing.",Requires explainability artefacts for agent-driven decisions affecting natural persons whose data sit in or flow through the wallet.,SRC-GDPR (Article 13(2)(f)),L,in force,governance,B2C; B2B,data controller,inspection,draft,pending,CON-PRIVACY; CON-TRUSTED-AI,2026-10-03,2026-10-03,https://spherity.github.io/business-wallet-requirements/requirements/ebw-aif-050/,"meaningful information about the logic involved, as well as the significance and the envisaged consequences",P2,K09 Privacy and data protection; K16 AI-first and agent interoperability,horizontal,ok,Applies when data collected from the data subject; statement omits that trigger.,
EBW-AIF-051,AIF,AI-first and agent interoperability,Access right covers existence and logic of automated decisions,"Upon a data subject's access request, the controller shall confirm whether automated decision-making including profiling under Article 22(1) and (4) takes place and shall provide meaningful information about the logic involved and its consequences.",Wallet-side AI processing must be able to produce this information on request (the Article 14(2)(g) indirect-collection counterpart carries the same wording).,SRC-GDPR (Article 15(1)(h)),L,in force,governance,B2C; B2B,data controller,test,draft,pending,CON-PRIVACY; CON-TRUSTED-AI,2026-10-03,2026-10-03,https://spherity.github.io/business-wallet-requirements/requirements/ebw-aif-051/,"the existence of automated decision-making, including profiling, referred to in Article 22(1) and (4)",P3,K09 Privacy and data protection; K16 AI-first and agent interoperability,horizontal,ok,"Same logic-information content as AIF-050, different trigger (access request).",
EBW-AIF-052,AIF,AI-first and agent interoperability,Interoperability assessment before binding digital requirements,"Before taking a decision on new or substantially modified binding requirements, a public sector body or Union entity shall carry out an interoperability assessment.",Public authorities that mandate wallet use or machine-readable B2G exchanges must assess cross-border interoperability effects first.,SRC-IEA (Article 3(1)),L,in force,governance,B2G; G2B; G2G,public sector body; Union entity,audit,draft,pending,CON-B2G-REPORTING; CON-CROSS-SECTOR,2026-10-03,2026-10-03,https://spherity.github.io/business-wallet-requirements/requirements/ebw-aif-052/,shall carry out an interoperability assessment,P3,"K15 Adoption, acceptance and cross-ecosystem interoperability",authority-side,ok,Authority-side procedure; Interoperable Europe Act.,
EBW-AIF-053,AIF,AI-first and agent interoperability,Publish assessment report in a machine-readable format,"The public sector body or Union entity that carried out an interoperability assessment shall publish a report of the outcome, in a machine-readable format facilitating automated translation, on an official website and share it electronically with the Interoperable Europe Board.",Machine-readable publication lets AI and automated tooling consume interoperability requirements.,SRC-IEA (Article 3(2)),L,in force,data,B2G; G2G,public sector body; Union entity,inspection,draft,pending,CON-B2G-REGISTRY; CON-CROSS-SECTOR,2026-10-03,2026-10-03,https://spherity.github.io/business-wallet-requirements/requirements/ebw-aif-053/,in a machine-readable format facilitating automated translation,P3,"K15 Adoption, acceptance and cross-ecosystem interoperability; K01 Credential data model and formats; K18 Planes and evidence graph (control, data, verifiable evidence)",authority-side,reword,Quote supports only machine-readable format facilitating automated translation.,
EBW-AIF-054,AIF,AI-first and agent interoperability,Share interoperability solutions on request,"A public sector body or Union entity shall make an interoperability solution supporting a trans-European digital public service, including technical documentation and references to open standards used, available to any other such body that requests it, subject to the stated exceptions.",Enables reuse of wallet-related public-sector components such as connectors and registry integrations.,SRC-IEA (Article 4(1)),L,in force,governance,G2G; B2G,public sector body; Union entity,inspection,draft,pending,CON-B2G-REGISTRY; CON-CROSS-SECTOR,2026-10-03,2026-10-03,https://spherity.github.io/business-wallet-requirements/requirements/ebw-aif-054/,shall make available to any other Union entity or public sector body that requests it an interoperability solution,P3,"K15 Adoption, acceptance and cross-ecosystem interoperability; K08 Protocols and interfaces",authority-side,reword,"""subject to the stated exceptions"" is untestable; name exceptions or drop clause.",
EBW-AIF-055,AIF,AI-first and agent interoperability,"DPP data based on open standards, machine-readable and transferable","The economic operator creating a digital product passport shall ensure that all data in the passport is based on open standards, developed with an interoperable format and, as appropriate, machine-readable, structured, searchable and transferable through an open interoperable data exchange network without vendor lock-in.","Core machine-processability duty for any wallet that issues, holds or presents DPP data; the wallet-provider mapping is a derivation (D).",SRC-ESPR (Article 10(1)(d)),D,in force,data,B2B; B2G; M2M,economic operator; manufacturer; business wallet provider,inspection,draft,pending,CON-EBW-DPP; CON-DATA-PLANE,2026-10-03,2026-10-03,https://spherity.github.io/business-wallet-requirements/requirements/ebw-aif-055/,"shall be based on open standards, developed with an interoperable format",P2,"K01 Credential data model and formats; K15 Adoption, acceptance and cross-ecosystem interoperability; K18 Planes and evidence graph (control, data, verifiable evidence)",horizontal,ok,"Quote shorter than statement (machine-readable, no lock-in parts). Wallet applicability only if wallet carries DPP data.",
EBW-AIF-056,AIF,AI-first and agent interoperability,DPP linked to persistent unique product identifier via data carrier,The economic operator creating a digital product passport shall connect it through a data carrier to a persistent unique product identifier that complies with the standards referred to in Annex III.,"Persistent identifiers allow machines, including AI agents, to resolve the passport deterministically.",SRC-ESPR (Article 10(1)(a) and (c)),L,in force,data,B2B; B2G; M2M,economic operator; manufacturer,inspection,draft,pending,CON-EBW-DPP,2026-10-03,2026-10-03,https://spherity.github.io/business-wallet-requirements/requirements/ebw-aif-056/,connected through a data carrier to a persistent unique product identifier,P2,"K06 Identity and identifiers; K01 Credential data model and formats; K18 Planes and evidence graph (control, data, verifiable evidence)",horizontal,ok,Wallet relevance indirect; Annex III standards clause unverified.,
EBW-AIF-057,AIF,AI-first and agent interoperability,DPP fully interoperable with other passports,"The digital product passport shall be fully interoperable with other digital product passports required under delegated acts in relation to technical, semantic and organisational aspects of end-to-end communication and data transfer.",Semantic interoperability across product groups is a precondition for AI-driven cross-sector processing of DPP data.,SRC-ESPR (Article 11(1)(a)),L,in force,data,B2B; B2G; M2M,economic operator; manufacturer; digital product passport service provider,test,draft,pending,CON-EBW-DPP; CON-CROSS-SECTOR,2026-10-03,2026-10-03,https://spherity.github.io/business-wallet-requirements/requirements/ebw-aif-057/,fully interoperable with other digital product passports,P2,"K15 Adoption, acceptance and cross-ecosystem interoperability; K01 Credential data model and formats; K18 Planes and evidence graph (control, data, verifiable evidence)",horizontal,ok,"""Fully interoperable"" is hard to test without delegated-act profiles.",
EBW-AIF-058,AIF,AI-first and agent interoperability,"DPP data authenticity, reliability and integrity ensured","The digital product passport shall be designed and operated so that data authentication, reliability and integrity are ensured and a high level of security and privacy is provided and fraud is avoided.",Provenance of DPP data must be verifiable before AI systems use it for decisions.,SRC-ESPR (Article 11(1)(g)-(h)),L,in force,trust,B2B; B2G,economic operator; digital product passport service provider,test,draft,pending,CON-EBW-DPP; CON-TRUST-PLANE,2026-10-03,2026-10-03,https://spherity.github.io/business-wallet-requirements/requirements/ebw-aif-058/,"data authentication, reliability and integrity shall be ensured",P2,"K11 Security, resilience and incident handling; K01 Credential data model and formats",horizontal,reword,"Bundles security, privacy, fraud avoidance: vague, non-atomic.",
EBW-AIF-059,AIF,AI-first and agent interoperability,DPP write access restricted by access rights,"The digital product passport shall restrict the rights to introduce, modify or update data in the passport based on the access rights specified in the applicable delegated act.","Maps to credential-based authorisation of actors, including agents, that write to a passport.",SRC-ESPR (Article 11(1)(f)),L,in force,control,B2B; M2M,economic operator; digital product passport service provider,test,draft,pending,CON-EBW-DPP; CON-AGENT-MANDATE,2026-10-03,2026-10-03,https://spherity.github.io/business-wallet-requirements/requirements/ebw-aif-059/,"rights to introduce, modify or update data in the digital product passport shall be restricted",P2,"K03 Mandates, representation and delegation (employees, machines, agents); K11 Security, resilience and incident handling; K18 Planes and evidence graph (control, data, verifiable evidence)",horizontal,ok,Access rights come from delegated acts; testable once those exist.,
EBW-AIF-060,AIF,AI-first and agent interoperability,DPP service providers do not reuse stored passport data,"A digital product passport service provider that stores or processes passport data shall not sell, reuse or process the data beyond what is necessary for the storing or processing service, unless specifically agreed with the economic operator.",Prevents using stored DPP data for AI training or analytics without agreement.,SRC-ESPR (Article 11(2)),L,in force,data,B2B,digital product passport service provider,audit,draft,pending,CON-EBW-DPP; CON-PRIVACY,2026-10-03,2026-10-03,https://spherity.github.io/business-wallet-requirements/requirements/ebw-aif-060/,"shall not sell, reuse or process such data, in whole or in part, beyond what is necessary",P2,"K09 Privacy and data protection; K13 Governance, supervision and liability",provider-side,ok,"Note: statement allows reuse if agreed with economic operator, as in quote context.",
EBW-AIF-061,AIF,AI-first and agent interoperability,Product data accessible with metadata in machine-readable format,"Connected products shall be designed and manufactured, and related services designed and provided, so that product data and related service data, including the metadata necessary to interpret and use them, are by default easily, securely, free of charge accessible in a comprehensive, structured, commonly used and machine-readable format.","Metadata for interpretation is what lets AI agents use device or product data without bespoke integration; applies to manufacturers and related-service providers, mapping to wallet-linked data flows is derived. The Article 3(1) obligation applies to connected products placed on the market after 12 September 2026 (Article 50).",SRC-DATAACT (Article 3(1)),D,in force,data,B2B; M2M,manufacturer; provider of related service; data holder,inspection,draft,pending,CON-DATA-PLANE; CON-EBW-DPP,2026-10-03,2026-10-03,https://spherity.github.io/business-wallet-requirements/requirements/ebw-aif-061/,including the relevant metadata necessary to interpret and use those data,P3,"K01 Credential data model and formats; K15 Adoption, acceptance and cross-ecosystem interoperability",horizontal,drop,"Data Act Art 3(1) binds manufacturers of connected products, not wallet or trust services; very long multi-attribute statement.",
EBW-AIF-062,AIF,AI-first and agent interoperability,"Data-space participants describe formats, vocabularies and code lists","A participant in a data space that offers data or data services to other participants shall describe data structures, data formats, vocabularies, classification schemes, taxonomies and code lists, where available, in a publicly available and consistent manner.","Publicly described semantics enable AI-driven mapping of data between spaces; complements EBW-DAT-001 and EBW-DAT-002, which cover points (a) and (c).",SRC-DATAACT (Article 33(1)(b)),L,in force,data,B2B; M2M; A2A,data-space participant,inspection,draft,pending,CON-DSP-DCP; CON-DATA-PLANE; CON-CROSS-SECTOR,2026-10-03,2026-10-03,https://spherity.github.io/business-wallet-requirements/requirements/ebw-aif-062/,described in a publicly available and consistent manner,P3,"K01 Credential data model and formats; K15 Adoption, acceptance and cross-ecosystem interoperability; K18 Planes and evidence graph (control, data, verifiable evidence)",horizontal,ok,Overlap with EBW-DAT-001/002 as stated in rationale.,
EBW-AIF-063,AIF,AI-first and agent interoperability,Interoperability of tools automating data sharing agreements,"Where applicable, a participant in a data space that offers data or data services to other participants shall provide the means to enable interoperability of tools for automating the execution of data sharing agreements, such as smart contracts.",Basis for machine-executed contract negotiation and enforcement between wallets or agents.,SRC-DATAACT (Article 33(1)(d)),L,in force,control,B2B; M2M; A2A,data-space participant,test,draft,pending,CON-DSP-DCP; CON-AGENT-MANDATE,2026-10-03,2026-10-03,https://spherity.github.io/business-wallet-requirements/requirements/ebw-aif-063/,"tools for automating the execution of data sharing agreements, such as smart contracts",P3,"K08 Protocols and interfaces; K16 AI-first and agent interoperability; K18 Planes and evidence graph (control, data, verifiable evidence)",horizontal,ok,"""Where applicable"" and ""means to enable"" are hard to test.",
EBW-AIF-064,AIF,AI-first and agent interoperability,Oversight measures commensurate with the level of autonomy,"The provider of a high-risk AI system shall identify human oversight measures that are commensurate with the risks, level of autonomy and context of use of the system, and shall either build them into the system where technically feasible or specify them for the deployer to implement.","Ties the strength of oversight to how autonomous an agent is, which is the basis for mandate-defined limits. Applies only if the system is high-risk under Article 6; mapping to an agent is a derivation. Chapter III Sections 1-3 apply from 2 December 2027 or 2 August 2028 under Article 113 as amended by Regulation (EU) 2026/1744.",SRC-AIACT (Article 14(3)),D,in force,control,B2B; A2A,provider of high-risk AI system; agent operator,analysis,draft,pending,CON-AGENT-MANDATE; CON-AI-SAFETY,2026-10-03,2026-10-03,https://spherity.github.io/business-wallet-requirements/requirements/ebw-aif-064/,"The oversight measures shall be commensurate with the risks, level of autonomy and context of use of the high-risk AI system",P2,"K16 AI-first and agent interoperability; K03 Mandates, representation and delegation (employees, machines, agents)",provider-side,ok,"Derived mapping to agents stated in rationale. Statement adds the two-way build-in or specify-for-deployer split from Art 14(3)(a)/(b), not in the truncated quote. Partly overlaps AIF-028 (same Art 14(3) location); complementary, not merged.",
EBW-AIF-065,AIF,AI-first and agent interoperability,Overseers can understand capacities and limits and monitor operation,"The provider of a high-risk AI system shall provide it to the deployer in such a way that the natural persons assigned to human oversight are enabled, as appropriate and proportionate, to understand its relevant capacities and limitations and to monitor its operation, including to detect and address anomalies, dysfunctions and unexpected performance.",A person who approves or revokes an agent's authority needs this information to do so. Applies only if the system is high-risk under Article 6; mapping to an agent is a derivation (dates as in the Article 14(3) requirement).,SRC-AIACT (Article 14(4)(a)),D,in force,control,B2B; A2A,provider of high-risk AI system; agent operator,inspection,draft,pending,CON-AGENT-MANDATE; CON-AI-SAFETY,2026-10-03,2026-10-03,https://spherity.github.io/business-wallet-requirements/requirements/ebw-aif-065/,to properly understand the relevant capacities and limitations of the high-risk AI system and be able to duly monitor its operation,P2,"K16 AI-first and agent interoperability; K03 Mandates, representation and delegation (employees, machines, agents); K10 Evidence, logging and audit",provider-side,ok,Conditional on high-risk classification; derivation to agents stated.,
EBW-AIF-066,AIF,AI-first and agent interoperability,Overseers can remain aware of automation bias,"The provider of a high-risk AI system shall provide it to the deployer in such a way that the natural persons assigned to human oversight are enabled, as appropriate and proportionate, to remain aware of the possible tendency of automatically relying or over-relying on the output of the system.",Approval prompts for agent actions invite reflexive consent; this is the Union-law basis for designing them so that approvers stay alert. Applies only if the system is high-risk under Article 6; mapping to an agent is a derivation.,SRC-AIACT (Article 14(4)(b)),D,in force,control,B2B; A2A,provider of high-risk AI system; agent operator,inspection,draft,pending,CON-AGENT-MANDATE; CON-AI-SAFETY,2026-10-03,2026-10-03,https://spherity.github.io/business-wallet-requirements/requirements/ebw-aif-066/,to remain aware of the possible tendency of automatically relying or over-relying on the output produced by a high-risk AI system (automation bias),P3,"K16 AI-first and agent interoperability; K03 Mandates, representation and delegation (employees, machines, agents)",provider-side,ok,Test criterion for 'enabled to remain aware' is undefined (inspection only). Derivation to agent approval prompts stated.,
EBW-AIF-067,AIF,AI-first and agent interoperability,Employer informs workers before using a high-risk AI system at the workplace,"Before putting a high-risk AI system into service or using it at the workplace, a deployer who is an employer shall inform the workers' representatives and the affected workers that they will be subject to its use.",Applies where an employer deploys a high-risk agent that acts on or with employees' wallet authority; the information duty follows the rules and procedures of Union and national law on information of workers. Applies only if the system is high-risk under Article 6 (dates as in Article 14(3)).,SRC-AIACT (Article 26(7)),L,in force,governance,B2B,deployer of high-risk AI system; employer,inspection,draft,pending,CON-AI-SAFETY,2026-10-03,2026-10-03,https://spherity.github.io/business-wallet-requirements/requirements/ebw-aif-067/,deployers who are employers shall inform workers’ representatives and the affected workers that they will be subject to the use,P3,"K16 AI-first and agent interoperability; K03 Mandates, representation and delegation (employees, machines, agents); K13 Governance, supervision and liability",horizontal,ok,Duty-holder (deployer who is an employer) and condition match the quote. 'Shall inform' mirrors Art 26(7); information follows Union and national worker-information rules.,
EBW-AIF-068,AIF,AI-first and agent interoperability,Owner can decommission an agent,"The wallet shall enable the owner to decommission an AI agent, which revokes all mandates and credentials issued to that agent.","Derived; the OpenID Foundation whitepaper (non-normative) says agents need a formal process through to decommissioning, and states that credentials must be revocable when no longer needed; EBW-TRU-065 and EBW-TRU-066 cover revocation of a single token or mandate but not the end of life of the agent.","SRC-OIDF-AGENTIC (Section 2.9, SSO and Provisioning (agent lifecycle management))",D,ecosystem,control,A2A; B2B,wallet provider; wallet owner; agent,test,draft,pending,CON-AGENT-MANDATE; CON-REVOCATION,2026-10-03,2026-10-03,https://spherity.github.io/business-wallet-requirements/requirements/ebw-aif-068/,"which require formal processes for creation, permissioning, and eventual decommissioning",P2,"K03 Mandates, representation and delegation (employees, machines, agents); K16 AI-first and agent interoperability; K07 Credential lifecycle",wallet-general,ok,"Provenance D with derivation stated; quote only says formal processes through 'eventual decommissioning', so owner-initiated cascade revocation is an EBW design choice. Overlaps TRU-066 (mandate revocation propagation) and TRU-065; complementary (end of agent vs single mandate). Define 'all credentials issued to that agent' before test.",
EBW-BIZ-001,BIZ,Business and adoption,Public sector acceptance within 24 months,"By 24 months after entry into force, public sector bodies shall enable economic operators to identify and authenticate, sign or seal, submit documents and send or receive notifications using the core functionalities of European Business Wallets for reporting obligations or administrative procedures.",Core adoption mandate for the public sector.,SRC-EBW-PROPOSAL (Article 16(1)),L,proposal,control,B2G; G2B,public sector body; wallet owner,audit,draft,pending,CON-B2G-REPORTING; CON-AUTHORITY-ACCESS,2026-10-03,2026-10-03,https://spherity.github.io/business-wallet-requirements/requirements/ebw-biz-001/,public sector bodies shall enable economic operators to take the following actions,P1,"K15 Adoption, acceptance and cross-ecosystem interoperability; K12 Registered delivery and notifications; K18 Planes and evidence graph (control, data, verifiable evidence)",authority-side,ok,"Quote fragment lacks 24 months, action list and procedures scope; verify Article 16(1) text.",
EBW-BIZ-002,BIZ,Business and adoption,Pre-contract disclosure of terms and limitations,"Before entering a contract, the qualified trust service provider shall inform any person seeking to use the service of the precise terms and conditions, including limitations on use, in a clear and easily accessible manner.","Gives customers, including SMEs, transparency on service terms.",SRC-EIDAS-CONSOL (Article 24(2)(d)),L,in force,governance,B2B,qualified trust service provider; customer,inspection,draft,pending,CON-QUALIFIED-SERVICES,2026-10-03,2026-10-03,https://spherity.github.io/business-wallet-requirements/requirements/ebw-biz-002/,"before entering into a contractual relationship, inform, in a clear, comprehensive and easily accessible manner",P3,"K13 Governance, supervision and liability; K14 Conformity, certification and assurance",provider-side,recategorise GOV,Not a business requirement; overlaps EBW-GOV-008 on limitation notice.,
EBW-BIZ-003,BIZ,Business and adoption,No obligation on economic operators to adopt a business wallet,The business wallet framework shall not impose an obligation on economic operators to obtain or use a European Business Wallet; adoption shall remain their choice.,"Derived from the proposal explanatory memorandum, which states the choice and ties it to Think Small First; the operative duty (Article 16) falls on public sector bodies only; the Council text keeps an evaluation of mandatory use (Article 21).","SRC-EBW-PROPOSAL (Explanatory memorandum, proportionality)",D,proposal,governance,B2G; B2B,economic operator; public sector body,analysis,draft,pending,CON-CROSS-SECTOR,2026-10-03,2026-10-03,https://spherity.github.io/business-wallet-requirements/requirements/ebw-biz-003/,the proposal does not impose any obligation on economic operators,P3,"K15 Adoption, acceptance and cross-ecosystem interoperability",authority-side,ok,"Negative design constraint; recital/memorandum only, Council keeps review of mandatory use.",
EBW-BIZ-004,BIZ,Business and adoption,Sole traders reach wallet trust services through the EUDI Wallet,"Self-employed individuals and sole traders shall be able to use their European Digital Identity Wallets to access the trust services offered for European Business Wallets, including the secure communication channel and electronic signatures, without acquiring a full European Business Wallet.","Derived from the explanatory memorandum; the operative basis is Article 5(3) for the qualified registered delivery service only, so the wider access is an intention, not a text duty.","SRC-EBW-PROPOSAL (Explanatory memorandum, proportionality)",D,proposal,trust,B2G; B2C,self-employed person; sole trader; wallet provider,analysis,draft,pending,CON-EBW-EUDIW,2026-10-03,2026-10-03,https://spherity.github.io/business-wallet-requirements/requirements/ebw-biz-004/,without the need to acquire a fully-fledged Business Wallet,P2,"K02 Wallet subject model; K15 Adoption, acceptance and cross-ecosystem interoperability",core,reword,Statement broader than quote and than Art 5(3); scope to secure channel and signatures is unsupported.,
EBW-BIZ-005,BIZ,Business and adoption,Microenterprise onboarding by web or mobile application,The onboarding of a microenterprise to a business wallet shall be achievable with a web-based or mobile application requiring only minimal installation and configuration and no individual contracting procedure.,"Derived from the impact assessment cost model (microenterprise one-off cost EUR 620: training EUR 520, activation EUR 100, contracting EUR 0); it is a design target, not a legal duty.",SRC-EC-SWD-2025-837 (Section 6.1.2 and footnote 158),D,proposal,governance,B2G; B2B,microenterprise; wallet provider,analysis,draft,pending,CON-CROSS-SECTOR,2026-10-03,2026-10-03,https://spherity.github.io/business-wallet-requirements/requirements/ebw-biz-005/,requiring only minimal installation and configuration,P2,"K15 Adoption, acceptance and cross-ecosystem interoperability",core,reword,"Quote only supports minimal installation; ""no individual contracting"" comes from footnote cost value. Not testable as written.",
EBW-BIZ-006,BIZ,Business and adoption,Cost model with size-specific one-off and recurring costs,"The cost-benefit assessment of the business wallet shall distinguish microenterprises, SMEs of 10 to 250 employees and corporates, with one-off costs for training and onboarding, activation and IT implementation and contracting, and recurring licensing and maintenance fees.","Derived from the impact assessment (Table 5: yearly cost EUR 500 micro, EUR 5,000 SME, EUR 50,000 corporate); lets pricing and onboarding be tested against the Commission assumptions.","SRC-EC-SWD-2025-837 (Section 6.1.2, Table 5)",D,proposal,governance,B2G; B2B,microenterprise; SME; wallet provider,analysis,draft,pending,CON-CROSS-SECTOR,2026-10-03,2026-10-03,https://spherity.github.io/business-wallet-requirements/requirements/ebw-biz-006/,"Licensing fee and maintenance costs €500 €5,000 €50,000",P3,"K15 Adoption, acceptance and cross-ecosystem interoperability",authority-side,drop,Describes a Commission analysis method; no wallet or provider obligation.,
EBW-BIZ-007,BIZ,Business and adoption,Review assesses the impact on micro-enterprises and SMEs,"The Commission report reviewing the application of the Regulation shall include a specific assessment of the impact of the Regulation on micro-enterprises and small and medium-sized enterprises, and shall assess whether an obligation to use European Business Wallets is necessary.",The Council text adds SME impact and time and cost savings to the review; the Commission text has only the question of an obligation.,SRC-COUNCIL-ST-9684-26 (Article 21(1)),L,proposal,governance,B2G,Commission,inspection,draft,pending,CON-CROSS-SECTOR,2026-10-03,2026-10-03,https://spherity.github.io/business-wallet-requirements/requirements/ebw-biz-007/,including a specific assessment of the impact of this Regulation on micro-enterprises and small and medium-sized enterprises,P3,"K15 Adoption, acceptance and cross-ecosystem interoperability",authority-side,ok,Council text only; Commission obligation.,
EBW-BIZ-008,BIZ,Business and adoption,Compensation for data access capped at cost for SME recipients,"Where the data recipient is an SME or a not-for-profit research organisation without non-SME partner or linked enterprises, any compensation agreed for making data available shall not exceed the costs of making the data available.",Cost protection for small data recipients in data spaces; applies in business-to-business data sharing under Chapter III.,SRC-DATAACT (Article 9(4)),L,in force,governance,B2B,data holder; SME; data recipient,audit,draft,pending,CON-DSP-DCP,2026-10-03,2026-10-03,https://spherity.github.io/business-wallet-requirements/requirements/ebw-biz-008/,"any compensation agreed shall not exceed the costs referred to in paragraph 2, point (a)",P3,"K15 Adoption, acceptance and cross-ecosystem interoperability",horizontal,ok,Recategorise to DAT or DOM arguably; applies to data holders.,
EBW-CER-001,CER,Certification and conformity,Audit of qualified providers,"A qualified trust service provider shall be audited by a conformity assessment body at least every 24 months, and the audit report shall be submitted to the supervisory body within three working days.",Keeps qualified status dependent on regular independent assessment.,SRC-EIDAS-CONSOL (Article 20(1)),L,in force,governance,B2B; B2G; B2C,Trust service provider; Conformity assessment body; Supervisory body,audit,draft,pending,CON-TRUST-PLANE,2026-10-03,2026-10-03,https://spherity.github.io/business-wallet-requirements/requirements/ebw-cer-001/,Qualified trust service providers shall be audited at their own expense at least every 24 months by a conformity assessment body.,P3,"K14 Conformity, certification and assurance; K13 Governance, supervision and liability",provider-side,reword,No quote. Second half duplicates CER-002; remove it.,
EBW-CER-002,CER,Certification and conformity,Submission of conformity assessment report,The qualified trust service provider shall submit the conformity assessment report to the supervisory body within three working days of receipt.,Gives supervisors timely evidence; complements the existing 24-month audit requirement.,SRC-EIDAS-CONSOL (Article 20(1)),L,in force,assurance,B2G,qualified trust service provider; supervisory body; conformity assessment body,audit,draft,pending,CON-QUALIFIED-SERVICES,2026-10-03,2026-10-03,https://spherity.github.io/business-wallet-requirements/requirements/ebw-cer-002/,shall submit the resulting conformity assessment report to the supervisory body within three working days of receipt,P3,"K13 Governance, supervision and liability; K14 Conformity, certification and assurance",provider-side,ok,,
EBW-CER-003,CER,Certification and conformity,Advance notice of planned audits,The qualified trust service provider shall inform the supervisory body at least one month before any planned audit and allow the supervisory body to observe on request.,Enables supervisory observation of audits.,SRC-EIDAS-CONSOL (Article 20(1a)),L,in force,assurance,B2G,qualified trust service provider; supervisory body,audit,draft,pending,CON-QUALIFIED-SERVICES,2026-10-03,2026-10-03,https://spherity.github.io/business-wallet-requirements/requirements/ebw-cer-003/,inform the supervisory body at the latest one month before any planned audits,P3,"K13 Governance, supervision and liability; K14 Conformity, certification and assurance",provider-side,reword,Observation on request is not supported by the quote.,
EBW-CER-004,CER,Certification and conformity,Supervisory ad hoc audits at provider expense,The qualified trust service provider shall accept audits or conformity assessments requested by the supervisory body at any time at the provider's expense.,Allows supervisors to verify compliance outside the regular audit cycle.,SRC-EIDAS-CONSOL (Article 20(2)),L,in force,assurance,B2G,qualified trust service provider; supervisory body,audit,draft,pending,CON-QUALIFIED-SERVICES,2026-10-03,2026-10-03,https://spherity.github.io/business-wallet-requirements/requirements/ebw-cer-004/,the supervisory body may at any time audit or request a conformity assessment body to perform,P3,"K13 Governance, supervision and liability; K14 Conformity, certification and assurance",provider-side,reword,"""At provider expense"" unsupported by the quote as extracted.",
EBW-CER-005,CER,Certification and conformity,Creation device certification validity,"The validity of a certification of a qualified electronic signature creation device shall not exceed five years, provided vulnerability assessments are carried out every two years, and the certification shall be cancelled where identified vulnerabilities are not remedied.",Time-bounds device assurance for seals and signatures.,SRC-EIDAS-CONSOL (Article 30(3a)),L,in force,assurance,B2B,certification body; device manufacturer,certification,draft,pending,CON-QUALIFIED-SERVICES,2026-10-03,2026-10-03,https://spherity.github.io/business-wallet-requirements/requirements/ebw-cer-005/,"shall not exceed five years, provided that vulnerabilities assessments are carried out every two years",P2,"K04 Key custody and wallet architecture; K14 Conformity, certification and assurance",provider-side,reword,Cancellation clause beyond quote.,
EBW-CER-006,CER,Certification and conformity,Seal devices follow signature device rules,"The qualified electronic seal creation device, its certification and its remote management service shall meet the requirements applicable to signature creation devices.",Aligns device assurance for sealing.,SRC-EIDAS-CONSOL (Article 39 and 39a),L,in force,assurance,B2B,qualified trust service provider; device manufacturer,certification,draft,pending,CON-QUALIFIED-SERVICES,2026-10-03,2026-10-03,https://spherity.github.io/business-wallet-requirements/requirements/ebw-cer-006/,Article 29 shall apply mutatis mutandis to requirements for qualified electronic seal creation devices.,P2,"K04 Key custody and wallet architecture; K14 Conformity, certification and assurance",provider-side,reword,"""Requirements applicable to signature devices"" is not testable as written.",
EBW-CER-007,CER,Certification and conformity,Certificate holder reports breaches to certification body,The holder of a certificate of conformity for a wallet solution shall notify its certification body without undue delay of any breach or compromise likely to affect conformity.,Keeps certification current with the threat state.,SRC-CIR-2024-2981 (Article 5(2)),L,in force,assurance,B2G,wallet provider; certification body,audit,draft,pending,CON-EBW-EUDIW,2026-10-03,2026-10-03,https://spherity.github.io/business-wallet-requirements/requirements/ebw-cer-007/,shall notify their certification body without undue delay of any breach or compromise of the wallet solution,P2,"K14 Conformity, certification and assurance; K11 Security, resilience and incident handling",wallet-general,ok,,
EBW-CER-008,CER,Certification and conformity,Certification body suspends and cancels on unremedied compromise,"The certification body shall suspend a certificate of conformity without undue delay once it confirms that a notified breach affects conformity, and shall cancel it if the breach is not remedied in a timely manner.",Bounds the period an unsafe wallet stays certified.,SRC-CIR-2024-2981 (Article 12(1)-(2)),L,in force,assurance,B2G,certification body,audit,draft,pending,CON-EBW-EUDIW,2026-10-03,2026-10-03,https://spherity.github.io/business-wallet-requirements/requirements/ebw-cer-008/,"shall suspend, without undue delay, the certificate of conformity of the wallet solutions",P3,"K14 Conformity, certification and assurance; K13 Governance, supervision and liability",authority-side,ok,Quote covers suspension only; cancellation rests on 12(2).,
EBW-CER-009,CER,Certification and conformity,Critical-asset operations meet LoA substantial design rules,"Where critical assets relate to performing electronic identification at assurance level substantial, the European Business Wallet shall perform cryptographic operations processing critical assets in accordance with the characteristics and design requirements for electronic identification means at assurance level substantial in Implementing Regulation (EU) 2015/1502.",Ties wallet key handling to a defined assurance level. Commission text only: the Council general approach (ST 9684/26) and EP Amendment 132 delete this point.,"SRC-EBW-PROPOSAL (Annex, point 3(3))",L,proposal,assurance,B2B; B2G; G2B,wallet provider,certification,draft,pending,CON-LOA; CON-TRUST-PLANE,2026-10-03,2026-10-03,https://spherity.github.io/business-wallet-requirements/requirements/ebw-cer-009/,performed in accordance with the requirements for the characteristics and design of electronic identification means at assurance level substantial,P1,"K04 Key custody and wallet architecture; K14 Conformity, certification and assurance",core,reword,Quote does not name Reg 2015/1502 explicitly; ties to critical-assets definition. Contested across texts.,
EBW-CER-010,CER,Certification and conformity,Secure cryptographic components meet LoA substantial design,The wallet secure cryptographic applications and devices shall comply with the requirements for the characteristics and design of electronic identification means at assurance level substantial in Implementing Regulation (EU) 2015/1502.,Sets the certifiable baseline for the key-protection components. Commission text only: deleted in the Council general approach and by EP Amendment 134.,"SRC-EBW-PROPOSAL (Annex, point 4(1)(g))",L,proposal,assurance,B2B; B2G; G2B,wallet provider,certification,draft,pending,CON-LOA,2026-10-03,2026-10-03,https://spherity.github.io/business-wallet-requirements/requirements/ebw-cer-010/,comply with the requirements for the characteristics and design of electronic identification means at assurance level substantial,P1,"K04 Key custody and wallet architecture; K14 Conformity, certification and assurance",core,ok,Overlaps CER-009 in assurance level; deleted by Council and EP. Contested.,
EBW-CER-011,CER,Certification and conformity,"Verify issuance, delivery and activation at LoA substantial","The wallet solution shall support mechanisms that enable providers of owner identification data to verify issuance, delivery and activation in compliance with assurance level substantial requirements in Implementing Regulation (EU) 2015/1502.",Sets the assurance floor for identification data issuance. The Council text and EP Amendment 140 raise this to high.,"SRC-EBW-PROPOSAL (Annex, point 14(2)(c))",L,proposal,assurance,B2G; G2B,wallet provider; identification data provider,certification,draft,pending,CON-LOA; CON-LEGAL-PERSON-ID,2026-10-03,2026-10-03,https://spherity.github.io/business-wallet-requirements/requirements/ebw-cer-011/,"verify issuance, delivery and activation in compliance with assurance level substantial",P2,"K14 Conformity, certification and assurance; K07 Credential lifecycle",core,reword,"Subject ""wallet solution shall support mechanisms"" vague; conflicts with other texts on level.",
EBW-CER-012,CER,Certification and conformity,Activate a unit only with a certified secure device,The wallet provider shall activate a new wallet unit only after verifying that the unit includes a wallet secure cryptographic application and device certified as compliant with the requirements for assurance level high.,It ties activation of a unit to the certification evidence of the key custody component.,"SRC-ARF-HLR (Annex 2.02, Topic 40, WIAM_08)",S,standard,assurance,B2B; B2G; G2B,wallet provider,inspection,draft,pending,CON-WUA; CON-TRUST-PLANE,2026-10-03,2026-10-03,https://spherity.github.io/business-wallet-requirements/requirements/ebw-cer-012/,SHALL only activate a new Wallet Unit if it has verified that the Wallet Unit includes a WSCA/WSCD that is certified,P1,"K04 Key custody and wallet architecture; K14 Conformity, certification and assurance",wallet-general,ok,"Standard-derived (ARF); statement says level high, quote truncated before level; verify full text.",
EBW-CER-013,CER,Certification and conformity,Secure device assessed at assurance level high,National certification schemes for wallet solutions shall require that the wallet secure cryptographic device is assessed against the requirements of assurance level high as a prerequisite to certification.,"It fixes the assurance floor of the key custody component for EUDI Wallets, in contrast to the level substantial in the business wallet proposal.","SRC-CIR-2024-2981 (Annex IV, section 2, point (3))",L,in force,assurance,B2B; B2G; G2B,national scheme owner; certification body,certification,draft,pending,CON-WUA; CON-TRUST-PLANE,2026-10-03,2026-10-03,https://spherity.github.io/business-wallet-requirements/requirements/ebw-cer-013/,the WSCD shall be assessed against the requirements of assurance level high as set out in Implementing Regulation (EU) 2015/1502,P2,"K14 Conformity, certification and assurance; K04 Key custody and wallet architecture",authority-side,ok,Obligation on Member State schemes; relevance to EBW open.,
EBW-CER-014,CER,Certification and conformity,Vulnerability assessment of the secure device at AVA_VAN.5,"National certification schemes shall require the evaluation of a wallet secure cryptographic device that is within the object of certification to include a vulnerability assessment at level AVA_VAN.5 of EN ISO/IEC 15408-3, unless a lower level is duly justified to the certification body.",It names the depth of evaluation expected for the hardware that holds the keys.,"SRC-CIR-2024-2981 (Annex IV, section 2, point (3), second subparagraph)",L,in force,assurance,B2B; B2G; G2B,national scheme owner; certification body,certification,draft,pending,CON-WUA,2026-10-03,2026-10-03,https://spherity.github.io/business-wallet-requirements/requirements/ebw-cer-014/,shall include a vulnerability assessment as set out in EN ISO/IEC 15408-3:2022 at level AVA_VAN.5,P2,"K14 Conformity, certification and assurance; K04 Key custody and wallet architecture",authority-side,ok,Scheme-side; wallet-general; EBW relevance open.,
EBW-CER-015,CER,Certification and conformity,Device assumptions stay verified after certification,"National certification schemes shall require evaluation activities that confirm, after issuance of the certificate, that the assumptions made on the wallet secure cryptographic device are still verified, and shall require applicants to describe the measures that keep them verified throughout the certification lifecycle.","Hardware not provided by the wallet provider can change after certification, and the assumption must be re-checked.","SRC-CIR-2024-2981 (Annex IV, section 2, point (4))",L,in force,assurance,B2B; B2G; G2B,national scheme owner; wallet provider,audit,draft,pending,CON-WUA,2026-10-03,2026-10-03,https://spherity.github.io/business-wallet-requirements/requirements/ebw-cer-015/,to confirm after issuance of the certificate that the assumptions are still verified,P3,"K14 Conformity, certification and assurance; K04 Key custody and wallet architecture",authority-side,ok,,
EBW-CER-016,CER,Certification and conformity,Unsuitable secure device blocks the certificate,"National certification schemes shall deem a wallet secure cryptographic device unsuitable, so that the wallet solution is not issued a certificate of conformity, where verifications of the device remain inconclusive and compensating requirements for the wallet secure cryptographic application are not possible.",It states the consequence when the key custody hardware cannot be shown to meet the requirements.,"SRC-CIR-2024-2981 (Annex IV, section 2, point (6))",L,in force,assurance,B2B; B2G; G2B,national scheme owner; certification body,certification,draft,pending,CON-WUA,2026-10-03,2026-10-03,https://spherity.github.io/business-wallet-requirements/requirements/ebw-cer-016/,the wallet solution shall not be issued a certificate of conformity,P3,"K14 Conformity, certification and assurance; K04 Key custody and wallet architecture",authority-side,ok,,
EBW-CER-017,CER,Certification and conformity,Evaluation of architectures with several secure devices,National certification schemes shall include evaluation activities that ensure the overall solution offers the expected level of security where an architecture uses several wallet secure cryptographic devices or performs some operations on critical assets outside the device.,Split-key and hosted-plus-local designs spread key operations over several components and need a combined evaluation.,"SRC-CIR-2024-2981 (Annex IV, section 2, point (2)(b))",L,in force,assurance,B2B; B2G; G2B,national scheme owner; certification body,certification,draft,pending,CON-WUA,2026-10-03,2026-10-03,https://spherity.github.io/business-wallet-requirements/requirements/ebw-cer-017/,national certification schemes shall include evaluation activities to ensure that the overall solution offers the expected level of security,P2,"K04 Key custody and wallet architecture; K14 Conformity, certification and assurance",authority-side,ok,Relevant to hybrid hosted/local custody options.,
EBW-CER-018,CER,Certification and conformity,Enforce unproven assumptions on the operating environment,"National certification schemes shall require, for each assumption on the operating environment of the wallet solution that is not backed by a certificate of conformity or other acceptable assurance information, a description of the mechanism the wallet provider uses to enforce the assumption and a justification that the mechanism is sufficient.","Where the device is supplied by the user, the provider must show how it enforces what it assumes about that device.","SRC-CIR-2024-2981 (Article 8(3), point (f))",L,in force,assurance,B2B; B2G; G2B,national scheme owner; wallet provider,audit,draft,pending,CON-WUA,2026-10-03,2026-10-03,https://spherity.github.io/business-wallet-requirements/requirements/ebw-cer-018/,a description of the mechanism that the wallet provider uses to enforce the assumption,P3,"K14 Conformity, certification and assurance; K04 Key custody and wallet architecture",authority-side,ok,,
EBW-CER-019,CER,Certification and conformity,Sole control assurance level 2 for remote qualified signing in wallets,Wallet providers and qualified trust service providers providing the remote qualified signature or seal creation part of a wallet solution shall comply with sole control assurance level 2 as defined in EN 419 241-1.,It sets the strength of the control of the signer over a remotely held key; the standard itself was not read in this pass.,"SRC-ARF-HLR (Annex 2.02, Topic 16, QES_23)",S,standard,assurance,B2B; B2G; G2B,wallet provider; qualified trust service provider,certification,draft,pending,CON-QUALIFIED-SERVICES,2026-10-03,2026-10-03,https://spherity.github.io/business-wallet-requirements/requirements/ebw-cer-019/,SHALL comply with Sole Control Assurance Level (SCAL) 2 as defined in CEN EN 419 241-1,P2,"K04 Key custody and wallet architecture; K14 Conformity, certification and assurance",wallet-general,ok,Standard not read; SCAL 2 level unverified against EN 419 241-1.,
EBW-CER-020,CER,Certification and conformity,CSP-B verifies certificates of conformity,"The core service provider-B shall, where applicable, verify the provided certificates of conformity for all requested roles.",Prevents unverified role claims at onboarding.,SRC-CX-0006 (Section 2.3),S,ecosystem,assurance,B2B; M2M,core service provider-B,inspection,draft,pending,CON-CROSS-SECTOR,2026-10-03,2026-10-03,https://spherity.github.io/business-wallet-requirements/requirements/ebw-cer-020/,"where applicable, verify the provided certificates of conformity for all requested roles",P3,"K14 Conformity, certification and assurance; K17 Cross-jurisdiction identity, identifiers and assurance (EBW and non-EBW)",authority-side,ok,"CX-Neptune preview, not certifiable. Duty-holder is CSP-B; EBW analogue is the provider verifying conformity of a role claim. Statement carries the source's 'where applicable'; testability needs the role list.",
EBW-CER-021,CER,Certification and conformity,Certificate lists the sites and addresses it covers,"The certificate provider shall identify in the certificate offer all sites and addresses, by BPNS and BPNA, for which the certificate is valid.",Binds a certificate to the legal entity and its covered locations.,SRC-CX-0135 (Section 2.1.4.2),S,ecosystem,assurance,B2B; M2M,certificate provider,inspection,draft,pending,CON-LEGAL-PERSON-ID; CON-CROSS-SECTOR,2026-10-03,2026-10-03,https://spherity.github.io/business-wallet-requirements/requirements/ebw-cer-021/,MUST contain all BPNSs and BPNAs for which the certificate is valid,P3,"K14 Conformity, certification and assurance; K06 Identity and identifiers; K17 Cross-jurisdiction identity, identifiers and assurance (EBW and non-EBW)",provider-side,ok,Depends on BPN site/address levels that EBW does not have; would need an EBW equivalent (e.g. LEI/EUID plus address). Do not adopt BPNS/BPNA as EBW terms.,
EBW-CER-022,CER,Certification and conformity,Remote device provider follows the device certification report,A qualified trust service provider managing remote qualified signature creation devices shall comply with any requirements identified in the certification report of the specific remote device.,It ties the hosted qualified key to the evaluated configuration of the device and decides what a custody provider must evidence.,SRC-EIDAS-CONSOL (Article 29a(1)(c)),L,in force,assurance,B2B; B2G; G2B,qualified trust service provider,audit,draft,pending,CON-QUALIFIED-SERVICES,2026-10-03,2026-10-03,https://spherity.github.io/business-wallet-requirements/requirements/ebw-cer-022/,complies with any requirements identified in the certification report of the specific remote qualified electronic signature creation device,P2,"K04 Key custody and wallet architecture; K14 Conformity, certification and assurance",provider-side,ok,Quote reaches the statement. Applies only where the EBW uses QTSP-managed remote devices.,
EBW-CER-023,CER,Certification and conformity,Evidence for an owner-operated module before activation,"Where a hardware security module operated by the owner is to act as the secure cryptographic device of a wallet unit, the wallet provider shall obtain and record evidence of its evaluation, at the level that applies to the provider's own devices, before it activates the unit.","Derived (criteria C2, C8 of the DEC-03 page): no source says whether an owner-run module counts as the device of Annex point 3(1); EUDI Wallet certification requires a prerequisite assessment of the device whoever provides it, and the EBW level is open (Commission substantial, Council text silent).","SRC-CIR-2024-2981 (Annex IV, section 2, point (3))",D,in force,assurance,B2B; B2G; G2B,wallet provider; wallet owner,certification,draft,pending,CON-WUA; CON-LOA,2026-10-03,2026-10-03,https://spherity.github.io/business-wallet-requirements/requirements/ebw-cer-023/,the WSCD shall be assessed against the requirements of assurance level high as set out in Implementing Regulation (EU) 2015/1502,P2,"K04 Key custody and wallet architecture; K14 Conformity, certification and assurance; K02 Wallet subject model",provider-side,ok,"Derivation stated (C2, C8). Quote is the EUDI WSCD level-high rule, so ""level that applies to the provider's own devices"" is the bridge; do not read as law. Related GOV-050 and TRU-169.",
EBW-CON-001,CON,Constraints and assumptions,Public sector infrastructures migrate to post-quantum cryptography,The public sector bodies that exchange data with business wallets shall consider migrating the digital infrastructures and services they operate to post-quantum cryptography as soon as possible.,Business wallet interactions with public bodies are only as quantum-resilient as the public side. Derived: Recommendation (EU) 2024/1101 is addressed to Member States and is not binding.,SRC-REC-2024-1101 (Recital 5),D,in force,trust,B2G; G2B; G2G,public sector body,analysis,draft,pending,CON-PQC; CON-B2G-REPORTING,2026-10-03,2026-10-03,https://spherity.github.io/business-wallet-requirements/requirements/ebw-con-001/,Member States should consider migrating their current digital infrastructures and services for public administrations and other critical infrastructures to Post-Quantum Cryptography as soon as possible,P3,"K11 Security, resilience and incident handling; K15 Adoption, acceptance and cross-ecosystem interoperability",authority-side,drop,"Quote is Member States ""should consider""; statement widens to bodies exchanging with wallets and says shall. Covered by TRN-002/003.",
EBW-CON-002,CON,Constraints and assumptions,vLEI credentials are ACDC based,All instantiated vLEI credentials shall be ACDC compliant.,Records that the GLEIF vLEI credential form is tied to ACDC and not to the EU attestation formats.,"SRC-GLEIF-EGF-TR2 (Section 2, point 3)",S,ecosystem,trust,B2B,vLEI issuer,inspection,draft,pending,CON-LEGAL-PERSON-ID; CON-MULTI-TRUST,2026-10-03,2026-10-03,https://spherity.github.io/business-wallet-requirements/requirements/ebw-con-002/,All instantiated vLEI credentials MUST be ACDC compliant.,P3,"K01 Credential data model and formats; K17 Cross-jurisdiction identity, identifiers and assurance (EBW and non-EBW)",provider-side,ok,Ecosystem constraint of GLEIF; relevant only as exclusion/bridging case.,
EBW-CON-003,CON,Constraints and assumptions,vLEI issuer and holder identifiers are KERI AIDs,Issuer and holder identifiers of vLEI credentials shall be KERI AIDs.,"Records the KERI dependency that the project owner wants to exclude, so that any LEI credential is specified separately.","SRC-GLEIF-EGF-TR2 (Section 3, point 1)",S,ecosystem,trust,B2B,vLEI issuer; vLEI holder,inspection,draft,pending,CON-LEGAL-PERSON-ID; CON-MULTI-TRUST,2026-10-03,2026-10-03,https://spherity.github.io/business-wallet-requirements/requirements/ebw-con-003/,Issuer and Holder Identifiers MUST be KERI AIDs.,P3,"K06 Identity and identifiers; K17 Cross-jurisdiction identity, identifiers and assurance (EBW and non-EBW); K01 Credential data model and formats",provider-side,ok,"Rationale states project owner exclusion; keep as context, not as EBW requirement.",
EBW-CON-004,CON,Constraints and assumptions,DPP requirements differ per product group and legal act,"The business wallet design shall not assume a single DPP data model or access scheme, because DPP requirements are set per product group either by delegated acts under Regulation (EU) 2024/1781 or by separate Union legislation.",Derived from the Commission DPP page (read 3 October 2026): no product-specific ESPR delegated act is listed as adopted yet; iron and steel is planned for Q4 2026 and the first mandatory DPP is for batteries on 18 February 2027.,"SRC-EC-DPP-PAGE (Section ""Legal basis"")",D,in force,governance,B2B; B2G,Commission; economic operator,analysis,draft,pending,CON-EBW-DPP; CON-CROSS-SECTOR,2026-10-03,2026-10-03,https://spherity.github.io/business-wallet-requirements/requirements/ebw-con-004/,either through the foreseen product-specific 'delegated acts' adopted under the Ecodesign Regulation,P3,"K01 Credential data model and formats; K15 Adoption, acceptance and cross-ecosystem interoperability",horizontal,reword,"Design guidance, not a legal duty; ""shall not assume"" untestable.",
EBW-CON-005,CON,Constraints and assumptions,Wallet authorisations do not create or limit a legal mandate,"Authorisations granted through the authorisation system of a European Business Wallet shall be treated as technical and shall not create, limit or otherwise affect any power of attorney or legal mandate under national or Union law.","Derived from recital 18 of the Council text (a recital, not an operative duty); it prevents the wallet from being used as proof of legal representation beyond national law.",SRC-COUNCIL-ST-9684-26 (Recital 18),D,proposal,control,B2B; B2G,European Business Wallet owner; wallet provider,analysis,draft,pending,CON-MANDATE,2026-10-03,2026-10-03,https://spherity.github.io/business-wallet-requirements/requirements/ebw-con-005/,"to not create, limit, or otherwise affect any power of attorney or legal mandate provided under applicable national or Union law",P1,"K03 Mandates, representation and delegation (employees, machines, agents); K18 Planes and evidence graph (control, data, verifiable evidence)",core,ok,Recital only; Council text. Not operative in the Commission text.,
EBW-CON-006,CON,Constraints and assumptions,Existing electronic format requirements remain applicable,"Where existing Union or national law includes requirements relating to electronic formats as part of an administrative procedure, those requirements shall remain applicable and shall be observed when the core functionalities of a European Business Wallet are used.",The principle of equivalence does not replace procedure-specific format rules.,"SRC-COUNCIL-ST-9684-26 (Article 4, third paragraph)",L,proposal,governance,B2G,public sector body; European Business Wallet owner,analysis,draft,pending,CON-B2G-REPORTING,2026-10-03,2026-10-03,https://spherity.github.io/business-wallet-requirements/requirements/ebw-con-006/,such requirements remain applicable and shall be observed,P2,"K15 Adoption, acceptance and cross-ecosystem interoperability; K01 Credential data model and formats",core,ok,"Council text only; ""shall be observed"" is by users and authorities.",
EBW-CON-007,CON,Constraints and assumptions,Council text ties legal equivalence to qualified trust services,"Where a European Business Wallet owner or authorised user makes use of a qualified trust service forming part of the core functionalities, the resulting action shall have the same legal effect as if carried out in person, in paper form or by other compliant means.","The Council text narrows the equivalence to qualified trust services; the Commission text applies it to the core functionalities as a whole, so the legal-effect boundary is still open.","SRC-COUNCIL-ST-9684-26 (Article 4, first paragraph)",L,proposal,governance,B2G; B2B,European Business Wallet owner; authorised user,analysis,draft,pending,CON-QUALIFIED-SERVICES; CON-MANDATE,2026-10-03,2026-10-03,https://spherity.github.io/business-wallet-requirements/requirements/ebw-con-007/,makes use of any of the qualified trust services forming part of core functionalities of a European Business Wallet,P1,"K15 Adoption, acceptance and cross-ecosystem interoperability; K13 Governance, supervision and liability",core,ok,Council narrows to qualified trust services; contested vs Commission text. Quote shows partial.,
EBW-CON-008,CON,Constraints and assumptions,Existing systems for exchange between authorities stay in place,The Regulation shall be without prejudice to the existing systems and procedures mandated by Union law governing the exchange of documents and data between competent authorities.,"The business wallet must coexist with systems such as the business registers interconnection, not replace them.",SRC-EBW-PROPOSAL (Article 2(2)),L,proposal,governance,G2G; B2G,competent authority,analysis,draft,pending,CON-B2G-REGISTRY; CON-AUTHORITY-ACCESS,2026-10-03,2026-10-03,https://spherity.github.io/business-wallet-requirements/requirements/ebw-con-008/,without prejudice to the existing systems and procedures mandated by Union law governing the exchange of documents and data between competent authorities,P2,"K15 Adoption, acceptance and cross-ecosystem interoperability; K08 Protocols and interfaces",authority-side,ok,"Without-prejudice clause; design impact is coexistence, not new duty.",
EBW-CON-009,CON,Constraints and assumptions,Cost model assumes all public sector bodies adopt the wallet,"The sizing and cost assumptions for the business wallet ecosystem shall treat all public sector bodies as adopters, independent of the level of adoption by economic operators.","Derived from the impact assessment footnote 71 on the cost model; it records an assumption of the Commission analysis, not a legal duty.","SRC-EC-SWD-2025-837 (Section 6.1.1, footnote 71)",D,proposal,governance,B2G,public sector body,analysis,draft,pending,CON-B2G-REPORTING,2026-10-03,2026-10-03,https://spherity.github.io/business-wallet-requirements/requirements/ebw-con-009/,The underlying assumption is that 100% of PSBs will adopt the European Business Wallets,P3,"K15 Adoption, acceptance and cross-ecosystem interoperability",authority-side,drop,Records an impact assessment assumption; not a wallet or provider obligation.,
EBW-DAT-001,DAT,Data space and sovereignty,Machine-readable description of datasets and usage terms,"A participant in a data space that offers data or data services shall describe dataset content, use restrictions, licences, collection methodology, quality and uncertainty in a machine-readable format where applicable.",Usage policies and contract negotiation in data spaces depend on such descriptions being machine-processable.,SRC-DATAACT (Article 33(1)(a)),L,in force,data,B2B; M2M,data space participant; data provider,inspection,draft,pending,CON-DSP-DCP; CON-DATA-PLANE,2026-10-03,2026-10-03,https://spherity.github.io/business-wallet-requirements/requirements/ebw-dat-001/,"the dataset content, use restrictions, licences, data collection methodology, data quality and uncertainty shall be sufficiently described",P3,"K08 Protocols and interfaces; K01 Credential data model and formats; K18 Planes and evidence graph (control, data, verifiable evidence)",horizontal,reword,'Machine-readable' and 'where applicable' absent from quote; unclear that EBW participates in a data space.,
EBW-DAT-002,DAT,Data space and sovereignty,"Describe access means, terms of use and quality of service","A participant in a data space that offers data or data services shall describe the technical means of access, such as APIs, with their terms of use and quality of service sufficiently to enable automatic access and transmission.",A wallet-bound connector must expose machine-readable access terms to be interoperable.,SRC-DATAACT (Article 33(1)(c)),L,in force,data,B2B; M2M,data space participant,inspection,draft,pending,CON-WALLET-CONNECTOR; CON-DSP-DCP,2026-10-03,2026-10-03,https://spherity.github.io/business-wallet-requirements/requirements/ebw-dat-002/,sufficiently described to enable automatic access and transmission of data between parties,P3,"K08 Protocols and interfaces; K18 Planes and evidence graph (control, data, verifiable evidence)",horizontal,ok,Terms of use and quality of service not in quote; consider merging with DAT-001.,
EBW-DAT-003,DAT,Data space and sovereignty,BPN credential issued by the core service provider,The Catena-X core service provider shall issue the Business Partner Number credential that attests the BPN associated with the credential subject.,Shows a domain-specific secondary identifier credential issued by an ecosystem authority.,SRC-CX-0050 (Section 2.2),S,ecosystem,trust,B2B; M2M,core service provider,inspection,draft,pending,CON-CROSS-SECTOR; CON-LEGAL-PERSON-ID,2026-10-03,2026-10-03,https://spherity.github.io/business-wallet-requirements/requirements/ebw-dat-003/,It is issued by the CSP.,P3,"K17 Cross-jurisdiction identity, identifiers and assurance (EBW and non-EBW); K06 Identity and identifiers; K07 Credential lifecycle",provider-side,reword,Quote 'It is issued by the CSP' is thin; 'attests the BPN' of subject is not in quote.,
EBW-DAT-004,DAT,Data space and sovereignty,Business Partner Number is stable and never reassigned,"A Business Partner Number shall never change structurally, shall never cease to exist and shall never be reassigned.",Stability is what allows the BPN to serve as an ecosystem-level secondary identifier.,SRC-CX-0010 (Section 1.2),S,ecosystem,data,B2B; M2M,BPN issuing organisation,inspection,draft,pending,CON-CROSS-SECTOR; CON-LEGAL-PERSON-ID,2026-10-03,2026-10-03,https://spherity.github.io/business-wallet-requirements/requirements/ebw-dat-004/,"never changes structurally, never ceases to exist and never is reassigned",P3,"K17 Cross-jurisdiction identity, identifiers and assurance (EBW and non-EBW); K06 Identity and identifiers",provider-side,reword,Wording uses 'never'; make testable; applies to Catena-X BPN issuer.,
EBW-DAT-005,DAT,Data space and sovereignty,Machine-readable and searchable storage of submitted data,"Member States shall ensure that all documents and information submitted as part of formation, branch registration or a filing are stored by the registers in a machine-readable and searchable format or as structured data.",Machine-readable register content is the basis for automated retrieval and attestation by a wallet.,SRC-DIR-2019-1151 (Article 16(6) of Directive (EU) 2017/1132 as inserted by Directive (EU) 2019/1151),L,in force,data,B2G; G2B; B2B,Member States; registers,inspection,draft,pending,CON-AUTHENTIC-SOURCES; CON-DATA-PLANE,2026-10-03,2026-10-03,https://spherity.github.io/business-wallet-requirements/requirements/ebw-dat-005/,stored by the registers in a machine-readable and searchable format or as structured data,P3,"K06 Identity and identifiers; K01 Credential data model and formats; K18 Planes and evidence graph (control, data, verifiable evidence)",authority-side,ok,Enabler for automated retrieval; wallet only consumes.,
EBW-DAT-006,DAT,Data space and sovereignty,Legal-person representatives shown with EUID or registration number,"Where persons authorised to represent a company are legal persons, Member States shall ensure that the name of the company, its legal form and its EUID, or its registration number where the EUID is not applicable, are made publicly available through the system of interconnection of registers.","Chains of representation by legal persons are identifiable by EUID, which a mandate verification can reuse. Member States apply the national measures from 31 July 2028 (Article 4(2) of Directive (EU) 2025/25).","SRC-DIR-2025-25 (Article 18(4), second subparagraph, of Directive (EU) 2017/1132 as amended by Directive (EU) 2025/25)",L,in force,data,B2G; G2B; B2B,Member States; registers,inspection,draft,pending,CON-LEGAL-PERSON-ID; CON-MANDATE,2026-10-03,2026-10-03,https://spherity.github.io/business-wallet-requirements/requirements/ebw-dat-006/,"its EUID or, where the EUID is not applicable, its registration number shall be made publicly available",P2,"K06 Identity and identifiers; K03 Mandates, representation and delegation (employees, machines, agents); K18 Planes and evidence graph (control, data, verifiable evidence)",authority-side,ok,Quote says 'shall be made publicly available'; statement adds name and legal form from article context; check.,
EBW-DAT-007,DAT,Data space and sovereignty,Free access to core company data including representatives,"Member States shall ensure that the name, legal form, registered office, registration number and EUID, status, and particulars of the persons currently authorised to represent the company, including whether they may act alone or jointly, are available free of charge through the system of interconnection of registers.","Authentic, free source for legal-person identification and representation power that relying parties and wallets can use.",SRC-DIR-2019-1151 (Article 19(2) of Directive (EU) 2017/1132 as inserted by Directive (EU) 2019/1151),L,in force,data,B2G; G2B; B2B,Member States; registers,inspection,draft,pending,CON-AUTHENTIC-SOURCES; CON-LEGAL-PERSON-ID; CON-MANDATE,2026-10-03,2026-10-03,https://spherity.github.io/business-wallet-requirements/requirements/ebw-dat-007/,Member States shall ensure that at least the following information and documents are available free of charge through the system of interconnection of registers,P2,"K06 Identity and identifiers; K03 Mandates, representation and delegation (employees, machines, agents); K18 Planes and evidence graph (control, data, verifiable evidence)",authority-side,reword,Quote only says 'at least the following'; item list not in quote. Overlaps EBW-DAT-008.,
EBW-DAT-008,DAT,Data space and sovereignty,EU Company Certificate content on identity and representation,"The EU Company Certificate for limited liability companies shall include the name, legal form, registration number and Member State, EUID, registered office, correspondence address, status, and the persons authorised to represent the company and whether they act alone or jointly.",Defines the attribute set for company identification and representation in the certificate and hence in any wallet attestation based on it. Member States apply the national measures from 31 July 2028 (Article 4(2) of Directive (EU) 2025/25).,"SRC-DIR-2025-25 (Article 16b(2), points (a) to (k), of Directive (EU) 2017/1132 as inserted by Directive (EU) 2025/25)",L,in force,data,B2G; G2B; B2B,Member States; registers,inspection,draft,pending,CON-LEGAL-PERSON-ID; CON-MANDATE,2026-10-03,2026-10-03,https://spherity.github.io/business-wallet-requirements/requirements/ebw-dat-008/,shall include the following information:,P2,"K01 Credential data model and formats; K06 Identity and identifiers; K18 Planes and evidence graph (control, data, verifiable evidence)",authority-side,reword,Quote 'shall include the following information' lacks the list; verify attribute list against full_quote.,
EBW-DAT-009,DAT,Data space and sovereignty,Verify third-party status with no more information than necessary,"For the purpose of verifying whether a natural or legal person qualifies as a user or as a third party, the user or third party shall not be required to provide any information beyond what is necessary, and the data holder shall not keep information on the third party’s access beyond what is necessary.",Limits both the identity evidence requested from a data recipient and the retention of access records.,SRC-DATAACT (Article 5(4)),L,in force,data,B2B; M2M,data holder; third party,test,draft,pending,CON-PRIVACY; CON-DATA-PLANE,2026-10-03,2026-10-03,https://spherity.github.io/business-wallet-requirements/requirements/ebw-dat-009/,shall not be required to provide any information beyond what is necessary,P2,"K09 Privacy and data protection; K10 Evidence, logging and audit; K18 Planes and evidence graph (control, data, verifiable evidence)",horizontal,split,"Two obligations on different actors (recipient evidence, holder retention).",
EBW-DAT-010,DAT,Data space and sovereignty,Data shared on request of the user or a party acting for the user,"Upon request by a user, or by a party acting on behalf of a user, the data holder shall make readily available data and the relevant metadata available to a third party without undue delay, in a comprehensive, structured, commonly used and machine-readable format.","The law accepts a party acting on behalf of the user, so a data-space connector must be able to verify that representation (mandate).",SRC-DATAACT (Article 5(1)),L,in force,control,B2B; M2M,data holder; user; third party,test,draft,pending,CON-MANDATE; CON-WALLET-CONNECTOR; CON-DATA-PLANE,2026-10-03,2026-10-03,https://spherity.github.io/business-wallet-requirements/requirements/ebw-dat-010/,"Upon request by a user, or by a party acting on behalf of a user, the data holder shall make available readily available data",P2,"K03 Mandates, representation and delegation (employees, machines, agents); K08 Protocols and interfaces; K18 Planes and evidence graph (control, data, verifiable evidence)",horizontal,ok,Quote supports; connector mandate verification is implication in rationale only.,
EBW-DAT-011,DAT,Data space and sovereignty,Smart contracts for data sharing offer robustness and access control,The vendor of an application using smart contracts to execute a data sharing agreement shall ensure that the smart contracts are designed with access control mechanisms and a very high degree of robustness to avoid functional errors and withstand manipulation by third parties.,Applies where a data-space connector executes agreements through smart contracts; conformity assessment and a declaration of conformity are required by Article 36(2).,SRC-DATAACT (Article 36(1)(a)),L,in force,control,B2B; M2M,smart contract vendor; data holder,certification,draft,pending,CON-DSP-DCP; CON-WALLET-CONNECTOR,2026-10-03,2026-10-03,https://spherity.github.io/business-wallet-requirements/requirements/ebw-dat-011/,"robustness and access control, to ensure that the smart contract has been designed to offer access control mechanisms",P3,"K11 Security, resilience and incident handling; K08 Protocols and interfaces; K18 Planes and evidence graph (control, data, verifiable evidence)",horizontal,ok,Not wallet-related unless connector executes smart contracts; split access control vs robustness.,
EBW-DAT-012,DAT,Data space and sovereignty,Smart contracts can be safely terminated or interrupted,The vendor of an application using smart contracts to execute a data sharing agreement shall ensure that a mechanism exists to terminate the continued execution of transactions and that the smart contract includes internal functions that can reset or instruct it to stop or interrupt operation.,"A kill switch and stop function for automated data sharing, relevant for revocation of data-space participation.",SRC-DATAACT (Article 36(1)(b)),L,in force,control,B2B; M2M,smart contract vendor,test,draft,pending,CON-DSP-DCP; CON-REVOCATION,2026-10-03,2026-10-03,https://spherity.github.io/business-wallet-requirements/requirements/ebw-dat-012/,"safe termination and interruption, to ensure that a mechanism exists to terminate the continued execution of transactions",P3,"K11 Security, resilience and incident handling; K08 Protocols and interfaces; K18 Planes and evidence graph (control, data, verifiable evidence)",horizontal,ok,Revocation link in rationale is an inference.,
EBW-DAT-013,DAT,Data space and sovereignty,Export of exportable data in machine-readable form on switching,"In switching between services of the same service type without published common specifications, the provider of data processing services shall, at the request of the customer, export all exportable data in a structured, commonly used and machine-readable format.","Where a wallet is offered as a cloud or software service, this is the portability duty; it mirrors the export function the proposal sets for wallets (to verify whether a wallet service is a data processing service in the Data Act sense).",SRC-DATAACT (Article 30(5)),L,in force,data,B2B,provider of data processing services; customer,test,draft,pending,CON-DATA-PLANE,2026-10-03,2026-10-03,https://spherity.github.io/business-wallet-requirements/requirements/ebw-dat-013/,"export all exportable data in a structured, commonly used and machine-readable format",P3,"K15 Adoption, acceptance and cross-ecosystem interoperability; K09 Privacy and data protection",provider-side,ok,Applicability to wallet as data processing service unverified. Related to EBW-NFR-001.,
EBW-DAT-014,DAT,Data space and sovereignty,Publish the jurisdiction governing the ICT infrastructure,"Providers of data processing services shall make available on their websites, and keep up to date, the jurisdiction to which the ICT infrastructure for each service is subject and a description of measures taken to prevent unlawful international governmental access to or transfer of non-personal data.",Sovereignty transparency that a wallet customer can use to select a provider; applicability to wallet hosting is a derivation.,SRC-DATAACT (Article 28(1)),L,in force,governance,B2B,provider of data processing services,inspection,draft,pending,CON-DATA-PLANE,2026-10-03,2026-10-03,https://spherity.github.io/business-wallet-requirements/requirements/ebw-dat-014/,the jurisdiction to which the ICT infrastructure deployed for data processing of their individual services is subject,P3,"K13 Governance, supervision and liability; K11 Security, resilience and incident handling",provider-side,ok,Applies only if wallet hosting qualifies as data processing service.,
EBW-DAT-015,DAT,Data space and sovereignty,Data intermediation providers notify before starting,Any data intermediation services provider that intends to provide data intermediation services shall submit a notification to the competent authority for data intermediation services.,A data space operator or connector service that mediates between holders and users may fall under this notification regime; scope to be assessed per case.,SRC-DGA (Article 11(1)),L,in force,governance,B2B; B2G,data intermediation services provider; competent authority,audit,draft,pending,CON-DSP-DCP; CON-CROSS-SECTOR,2026-10-03,2026-10-03,https://spherity.github.io/business-wallet-requirements/requirements/ebw-dat-015/,shall submit a notification to the competent authority for data intermediation services,P3,"K13 Governance, supervision and liability; K08 Protocols and interfaces",provider-side,ok,,
EBW-DAT-016,DAT,Data space and sovereignty,Non-Union intermediaries designate a legal representative in the Union,"A data intermediation services provider that is not established in the Union but offers services within it shall designate a legal representative in one of the Member States in which those services are offered, mandated to be addressed by the competent authorities.","Statutory legal representation with a mandate towards authorities, a data-space equivalent of Union establishment requirements.",SRC-DGA (Article 11(3)),L,in force,governance,B2G,data intermediation services provider; legal representative,inspection,draft,pending,CON-MANDATE; CON-DSP-DCP,2026-10-03,2026-10-03,https://spherity.github.io/business-wallet-requirements/requirements/ebw-dat-016/,shall designate a legal representative in one of the Member States in which those services are offered,P3,"K13 Governance, supervision and liability; K17 Cross-jurisdiction identity, identifiers and assurance (EBW and non-EBW)",provider-side,ok,,
EBW-DAT-017,DAT,Data space and sovereignty,Notification identifies the provider as a legal entity,"The notification of a data intermediation services provider shall include its name, its legal status, form, ownership structure and relevant subsidiaries, and its trade register number where registered.",The notification content corresponds to the legal-person identity data and register number that a business wallet identification attestation carries.,SRC-DGA (Article 11(6)(a) and (b)),L,in force,trust,B2G,data intermediation services provider,inspection,draft,pending,CON-LEGAL-PERSON-ID; CON-DSP-DCP,2026-10-03,2026-10-03,https://spherity.github.io/business-wallet-requirements/requirements/ebw-dat-017/,"where the data intermediation services provider is registered in a trade or other similar public national register, registration number",P3,"K13 Governance, supervision and liability; K06 Identity and identifiers",provider-side,ok,"Quote is the trade register part only; name, legal status, ownership not in quote.",
EBW-DAT-018,DAT,Data space and sovereignty,Commission keeps a public register of data intermediation providers,"The Commission shall keep and regularly update a public register of all data intermediation services providers providing their services in the Union, and the notified name, legal status, address, website, service description and start date shall be published in it.",A public register a data-space participant can check as an authentic source; the published fields are listed in Article 11(10).,SRC-DGA (Article 11(10)),L,in force,trust,B2B; B2G,Commission; data intermediation services provider,inspection,draft,pending,CON-AUTHENTIC-SOURCES; CON-DSP-DCP,2026-10-03,2026-10-03,https://spherity.github.io/business-wallet-requirements/requirements/ebw-dat-018/,The Commission shall keep and regularly update a public register of all data intermediation services providers providing their services in the Union,P3,"K05 Trust framework and discovery; K13 Governance, supervision and liability",authority-side,ok,Quote supports register only; published field list from rationale.,
EBW-DAT-019,DAT,Data space and sovereignty,Data intermediaries ensure interoperability with each other,"The data intermediation services provider shall take appropriate measures to ensure interoperability with other data intermediation services, inter alia by means of commonly used open standards in its sector.",Counterpart to the Data Act interoperability duty for data spaces; connectors must not lock in participants.,"SRC-DGA (Article 12, point (i))",L,in force,data,B2B; M2M,data intermediation services provider,test,draft,pending,CON-DSP-DCP; CON-WALLET-CONNECTOR,2026-10-03,2026-10-03,https://spherity.github.io/business-wallet-requirements/requirements/ebw-dat-019/,take appropriate measures to ensure interoperability with other data intermediation services,P2,"K15 Adoption, acceptance and cross-ecosystem interoperability; K08 Protocols and interfaces",provider-side,ok,,
EBW-DAT-020,DAT,Data space and sovereignty,Tools to give and withdraw consent and permissions,A data intermediation services provider that provides tools for obtaining consent from data subjects or permissions from data holders shall provide data subjects with tools to give and withdraw consent and data holders with tools to give and withdraw permissions to process data.,"Withdrawal of permission is a first-class function, as is revocation of authorisations in business wallets.","SRC-DGA (Article 12, point (n))",L,in force,control,B2B; B2C,data intermediation services provider; data holder; data subject,test,draft,pending,CON-PRIVACY; CON-MANDATE,2026-10-03,2026-10-03,https://spherity.github.io/business-wallet-requirements/requirements/ebw-dat-020/,provide data subjects with tools to both give and withdraw consent and data holders with tools to both give and withdraw permissions,P2,"K09 Privacy and data protection; K03 Mandates, representation and delegation (employees, machines, agents)",provider-side,ok,Overlaps DAT-021; keep separate by actor.,
EBW-DAT-021,DAT,Data space and sovereignty,Altruism organisations provide consent and withdrawal tools,"A recognised data altruism organisation shall provide tools for obtaining consent from data subjects or permissions from data holders, and tools for easy withdrawal of such consent or permission.",Consent management with withdrawal; the same pattern as for intermediaries.,SRC-DGA (Article 21(3)),L,in force,control,B2C; B2B,data altruism organisation; data subject; data holder,test,draft,pending,CON-PRIVACY,2026-10-03,2026-10-03,https://spherity.github.io/business-wallet-requirements/requirements/ebw-dat-021/,shall also provide tools for easy withdrawal of such consent or permission,P3,K09 Privacy and data protection,provider-side,merge-with EBW-DAT-020,Different actor class; merge only if actors generalised.,
EBW-DAT-022,DAT,Data space and sovereignty,Credentials and presentations use one profile,"In a data space that uses the Decentralized Claims Protocol, a credential and the presentation that carries it shall use the same data model version and the same proof mechanism.",Mixed profiles inside one presentation cannot be verified by one verification path.,"SRC-DCP (dcp.profiles.md, Homogeneity requirement)",S,ecosystem,data,B2B; M2M,holder; verifier,test,draft,pending,CON-DSP-DCP; CON-DATA-PLANE,2026-10-03,2026-10-03,https://spherity.github.io/business-wallet-requirements/requirements/ebw-dat-022/,the same data model version and proof mechanism MUST be used for both credentials and presentations,P2,"K01 Credential data model and formats; K08 Protocols and interfaces; K18 Planes and evidence graph (control, data, verifiable evidence)",wallet-general,ok,"Ecosystem spec, relevance to EBW open.",
EBW-DAT-023,DAT,Data space and sovereignty,Data space participant identifier is a DID,A participant in a data space that uses the Decentralized Claims Protocol shall use a decentralized identifier as its participant identifier.,"A stable, resolvable identifier is the starting point for finding the credential service and the keys of a participant.","SRC-DCP (base.protocol.md, Identities)",S,ecosystem,data,B2B; M2M,data space participant,inspection,draft,pending,CON-DSP-DCP; CON-WALLET-CONNECTOR,2026-10-03,2026-10-03,https://spherity.github.io/business-wallet-requirements/requirements/ebw-dat-023/,This specification prescribes the Participant ID MUST be a DID.,P2,"K06 Identity and identifiers; K08 Protocols and interfaces; K18 Planes and evidence graph (control, data, verifiable evidence)",wallet-general,ok,Ecosystem spec; conflicts possible with EUID based identification.,
EBW-DAT-024,DAT,Data space and sovereignty,BPN issued only with a Golden Record,The BPN issuing organisation shall issue a Business Partner Number only if a corresponding Golden Record exists.,"Ties the ecosystem identifier to a validated data record, not to self-declaration.",SRC-CX-0010 (Section 2.1),S,ecosystem,data,B2B; M2M,BPN issuing organisation,inspection,draft,pending,CON-LEGAL-PERSON-ID; CON-CROSS-SECTOR; CON-AUTHENTIC-SOURCES,2026-10-03,2026-10-03,https://spherity.github.io/business-wallet-requirements/requirements/ebw-dat-024/,a BPN is only issued if a corresponding Golden Record exists,P2,"K17 Cross-jurisdiction identity, identifiers and assurance (EBW and non-EBW); K06 Identity and identifiers",provider-side,ok,"CX-Neptune preview, not certifiable. Related: EBW-DAT-003 (BPN credential), DAT-004 (stable BPN). In EBW the primary identifier comes from a register (EUID), not from a Golden Record.",
EBW-DAT-025,DAT,Data space and sovereignty,"BPNL Golden Record holds legal name, form and address","The Golden Record of a legal entity shall contain the legal name, the legal form and the legal address of the organisation before a BPNL is issued.",Defines the minimum legal-entity attributes behind the ecosystem identifier.,SRC-CX-0010 (Section 2.1),S,ecosystem,data,B2B; M2M,BPN issuing organisation,inspection,draft,pending,CON-LEGAL-PERSON-ID; CON-CROSS-SECTOR,2026-10-03,2026-10-03,https://spherity.github.io/business-wallet-requirements/requirements/ebw-dat-025/,"MUST contain the legal name, legal form and legal address of the organization",P2,"K06 Identity and identifiers; K17 Cross-jurisdiction identity, identifiers and assurance (EBW and non-EBW)",provider-side,ok,"Cross-reference: EU legal person identification data (name, legal form, address) requirements in the LEG/DAT categories.",
EBW-DAT-026,DAT,Data space and sovereignty,BPNL requires a legally secure external identifier,The Golden Record of a legal entity shall contain at least one external identifier of a legally secure identifier type.,Anchors the secondary ecosystem identifier to an identifier issued by a legal authority.,SRC-CX-0010 (Section 2.1),S,ecosystem,data,B2B; M2M,BPN issuing organisation,inspection,draft,pending,CON-LEGAL-PERSON-ID; CON-CROSS-SECTOR; CON-AUTHENTIC-SOURCES,2026-10-03,2026-10-03,https://spherity.github.io/business-wallet-requirements/requirements/ebw-dat-026/,MUST contain at least one external identifier of a legally secure identifier type,P1,"K17 Cross-jurisdiction identity, identifiers and assurance (EBW and non-EBW); K06 Identity and identifiers; K18 Planes and evidence graph (control, data, verifiable evidence)",provider-side,ok,Shared basis for DAT-027..031. Secondary identifier derived from legal identifier; supports EUID/LEI mapping in DEC-11.,
EBW-DAT-027,DAT,Data space and sovereignty,VAT identifier first for BPNL,"Where the country of the legal address has a VAT identifier type and the organisation is subject to value-added tax, the Golden Record of the legal entity shall contain a VAT identifier.","First step of the ordered preference of legal identifiers (VAT, TIN, national register, international register).",SRC-CX-0010 (Section 2.1 (identifier rule 1)),S,ecosystem,data,B2B; M2M,BPN issuing organisation,inspection,draft,pending,CON-LEGAL-PERSON-ID; CON-CROSS-SECTOR,2026-10-03,2026-10-03,https://spherity.github.io/business-wallet-requirements/requirements/ebw-dat-027/,a VAT identifier MUST be contained in the Golden Record,P2,"K17 Cross-jurisdiction identity, identifiers and assurance (EBW and non-EBW); K06 Identity and identifiers",provider-side,ok,"Steps DAT-027..030 form one ordered rule (VAT, TIN, national register, international). EBW places the national register (EUID) first, so the order conflicts with EBW; keep as comparison input.",
EBW-DAT-028,DAT,Data space and sovereignty,TIN identifier as second choice for BPNL,"Where the VAT rule does not apply, the country of the legal address has a publicly available TIN identifier type and the organisation is subject to tax there, the Golden Record shall contain a TIN identifier.",Second step of the ordered preference of legal identifiers.,SRC-CX-0010 (Section 2.1 (identifier rule 2)),S,ecosystem,data,B2B; M2M,BPN issuing organisation,inspection,draft,pending,CON-LEGAL-PERSON-ID; CON-CROSS-SECTOR,2026-10-03,2026-10-03,https://spherity.github.io/business-wallet-requirements/requirements/ebw-dat-028/,a TIN identifier MUST be contained in the Golden Record,P2,"K17 Cross-jurisdiction identity, identifiers and assurance (EBW and non-EBW); K06 Identity and identifiers",provider-side,merge-with EBW-DAT-027,Same ordered rule as DAT-027; merge or keep as step.,
EBW-DAT-029,DAT,Data space and sovereignty,National business register identifier as third choice for BPNL,"Where neither the VAT rule nor the TIN rule applies and the organisation is registered in a national business register of the country of its legal address, the Golden Record shall contain that national business registration identifier.",Third step of the ordered preference; covers jurisdictions without usable VAT or TIN identifiers.,SRC-CX-0010 (Section 2.1 (identifier rule 3)),S,ecosystem,data,B2B; M2M,BPN issuing organisation,inspection,draft,pending,CON-LEGAL-PERSON-ID; CON-CROSS-SECTOR; CON-AUTHENTIC-SOURCES,2026-10-03,2026-10-03,https://spherity.github.io/business-wallet-requirements/requirements/ebw-dat-029/,an NBR identifier MUST be contained in the Golden Record,P2,"K17 Cross-jurisdiction identity, identifiers and assurance (EBW and non-EBW); K06 Identity and identifiers",provider-side,merge-with EBW-DAT-027,"Propose merging DAT-027..030 into one ordered rule requirement (or keep as steps under DAT-027). Note LEI/EORI are last resort in CX, whereas EBW treats LEI as a secondary identifier.",
EBW-DAT-030,DAT,Data space and sovereignty,International register identifier as last choice for BPNL,"Where none of the VAT, TIN and national business registration rules applies and the organisation has an international business registration identifier, the Golden Record shall contain that identifier.",Last step of the ordered preference; international identifiers such as LEI or EORI act only as fallback.,SRC-CX-0010 (Section 2.1 (identifier rule 4)),S,ecosystem,data,B2B; M2M,BPN issuing organisation,inspection,draft,pending,CON-LEGAL-PERSON-ID; CON-CROSS-SECTOR,2026-10-03,2026-10-03,https://spherity.github.io/business-wallet-requirements/requirements/ebw-dat-030/,an IBR identifier MUST be contained in the Golden Record,P2,"K17 Cross-jurisdiction identity, identifiers and assurance (EBW and non-EBW); K06 Identity and identifiers",provider-side,merge-with EBW-DAT-027,Same ordered rule as DAT-027; merge or keep as step.,
EBW-DAT-031,DAT,Data space and sovereignty,No BPNL without a legally secure identifier,"The BPN issuing organisation shall not issue a BPNL where the Golden Record contains none of a VAT, TIN, national business registration or international business registration identifier.",Closes the identifier rule: no legally secure identifier means no legal-entity BPN.,SRC-CX-0010 (Section 2.1 (identifier rule 5)),S,ecosystem,governance,B2B; M2M,BPN issuing organisation,inspection,draft,pending,CON-LEGAL-PERSON-ID; CON-CROSS-SECTOR,2026-10-03,2026-10-03,https://spherity.github.io/business-wallet-requirements/requirements/ebw-dat-031/,a BPNL MUST NOT be issued,P2,"K17 Cross-jurisdiction identity, identifiers and assurance (EBW and non-EBW); K06 Identity and identifiers",provider-side,ok,"Conflicts with EBW scope: entities without VAT, TIN, register or international identifier cannot hold a BPNL, whereas EBW must cover all legal persons.",
EBW-DAT-032,DAT,Data space and sovereignty,BPNL issued for capital companies,The BPN issuing organisation shall issue a BPNL for capital companies.,"Other legal forms (partnerships, sole proprietorships, associations, public sector bodies, non-profits) are left optional and therefore not covered by the standard.",SRC-CX-0010 (Section 2.1),S,ecosystem,governance,B2B; M2M,BPN issuing organisation,inspection,draft,pending,CON-LEGAL-PERSON-ID; CON-CROSS-SECTOR,2026-10-03,2026-10-03,https://spherity.github.io/business-wallet-requirements/requirements/ebw-dat-032/,"MUST issue BPNLs for capital companies (such as German GmbH, AG; British Ltd., PLC; French SARL, SA etc.)",P1,"K17 Cross-jurisdiction identity, identifiers and assurance (EBW and non-EBW); K06 Identity and identifiers; K15 Adoption, acceptance and cross-ecosystem interoperability",provider-side,ok,"Conflict flag: EBW covers all legal persons and public bodies; CX leaves partnerships, sole proprietorships, associations and public bodies optional. Rationale text (other forms optional) is from elsewhere in CX-0010, not the quote. Keep as ecosystem-constraint input for DEC-11.",
EBW-DAT-033,DAT,Data space and sovereignty,Inactive business partner stays accessible,The business partner data management shall keep a business partner and its BPN accessible after the business partner becomes inactive.,Historical transactions can still be resolved to a legal entity that no longer exists.,SRC-CX-0010 (Section 2.3),S,ecosystem,data,B2B; M2M,Business Partner Data Management,inspection,draft,pending,CON-LEGAL-PERSON-ID; CON-CROSS-SECTOR; CON-REVOCATION,2026-10-03,2026-10-03,https://spherity.github.io/business-wallet-requirements/requirements/ebw-dat-033/,"Even if a business partner becomes inactive, the business partner and its BPN MUST be further accessible",P2,"K06 Identity and identifiers; K17 Cross-jurisdiction identity, identifiers and assurance (EBW and non-EBW); K10 Evidence, logging and audit",provider-side,ok,"Overlaps EBW-DAT-004 (BPN never ceases to exist, never reassigned): cross-reference, partial duplicate.",
EBW-DAT-034,DAT,Data space and sovereignty,TIN not used where not publicly available,The TIN identifier shall not be used to identify organisations in countries where legal regulations do not allow it.,Respects national tax secrecy; in those countries another identifier type has to serve.,SRC-CX-0010 (Section 2.5 (note on TIN)),S,ecosystem,data,B2B; M2M,BPN issuing organisation,inspection,draft,pending,CON-LEGAL-PERSON-ID; CON-CROSS-SECTOR,2026-10-03,2026-10-03,https://spherity.github.io/business-wallet-requirements/requirements/ebw-dat-034/,the TIN identifier MUST NOT be used for the identification of organizations according to legal regulations in these countries,P3,"K17 Cross-jurisdiction identity, identifiers and assurance (EBW and non-EBW); K06 Identity and identifiers",provider-side,ok,Quote 'these countries' refers to a country list not in the statement; restate the list when verifying.,
EBW-DAT-035,DAT,Data space and sovereignty,Legal name and address in Latin letters,The legal name and address data of a business partner record shall be provided using Latin letters.,Prerequisite for validation against external sources; other scripts are supplementary (non-normative footnote).,SRC-CX-0076 (Section 2.1.2),S,ecosystem,data,B2B; M2M,sharing member,inspection,draft,pending,CON-LEGAL-PERSON-ID; CON-CROSS-SECTOR,2026-10-03,2026-10-03,https://spherity.github.io/business-wallet-requirements/requirements/ebw-dat-035/,The legal name and address data MUST be provided using Latin letters.,P2,"K17 Cross-jurisdiction identity, identifiers and assurance (EBW and non-EBW); K06 Identity and identifiers; K01 Credential data model and formats",provider-side,ok,Cross-reference EBW-DAT-040 if needed; the EBW should additionally preserve original-script names (script variants are non-normative in CX-0074).,
EBW-DAT-036,DAT,Data space and sovereignty,De-duplication in the Golden Record process,The service provider shall perform a de-duplication as part of the Golden Record process.,One legal entity has one BPNL per type.,SRC-CX-0076 (Section 2.1.4),S,ecosystem,data,B2B; M2M,service provider,inspection,draft,pending,CON-LEGAL-PERSON-ID; CON-CROSS-SECTOR,2026-10-03,2026-10-03,https://spherity.github.io/business-wallet-requirements/requirements/ebw-dat-036/,A de-duplication MUST be performed as part of the Golden Record process.,P3,"K06 Identity and identifiers; K17 Cross-jurisdiction identity, identifiers and assurance (EBW and non-EBW)",provider-side,ok,Related: GOV-048 (CSP-B checks participant not already onboarded). Cross-reference EBW-GOV-048.,
EBW-DAT-037,DAT,Data space and sovereignty,Legal form coded by ISO 20275 ELF,The Golden Record of a legal entity shall hold a legal form whose technical key corresponds to the ISO 20275 entity legal form code.,Aligns legal form with the code list used by LEI.,SRC-CX-0076 (Section 2.1.6),S,ecosystem,data,B2B; M2M,service provider,inspection,draft,pending,CON-LEGAL-PERSON-ID; CON-CROSS-SECTOR,2026-10-03,2026-10-03,https://spherity.github.io/business-wallet-requirements/requirements/ebw-dat-037/,LegalEntity.LegalForm.technicalKey MUST correspond to ISO20275 ELF code.,P2,"K17 Cross-jurisdiction identity, identifiers and assurance (EBW and non-EBW); K06 Identity and identifiers; K01 Credential data model and formats",provider-side,ok,Compatible with EBW use of ISO 20275 ELF for legal form; candidate common code list.,
EBW-DAT-038,DAT,Data space and sovereignty,Legal entity type set after register match,"The service provider shall set the type of a record to legal entity (BPNL) if the combination of identifier, legal name and address is found in the commercial register or an equivalent official register.",Authoritative register lookup decides the legal-entity status.,SRC-CX-0076 (Section 2.1.6),S,ecosystem,assurance,B2B; M2M,service provider,inspection,draft,pending,CON-LEGAL-PERSON-ID; CON-CROSS-SECTOR; CON-AUTHENTIC-SOURCES,2026-10-03,2026-10-03,https://spherity.github.io/business-wallet-requirements/requirements/ebw-dat-038/,"found in the commercial register or equivalent official register, the type of this record MUST be set to BPNL",P2,"K06 Identity and identifiers; K17 Cross-jurisdiction identity, identifiers and assurance (EBW and non-EBW); K05 Trust framework and discovery",provider-side,ok,Quote adds 'equivalent official register'; consistent with EBW authentic sources. Cross-reference DAT-039.,
EBW-DAT-039,DAT,Data space and sovereignty,Tax number checked against national registers,The service provider shall check that the tax number is correct according to national registers and their syntax.,Validation of the identifier by the competent national source.,SRC-CX-0076 (Section 2.1.8),S,ecosystem,assurance,B2B; M2M,service provider,inspection,draft,pending,CON-LEGAL-PERSON-ID; CON-CROSS-SECTOR; CON-AUTHENTIC-SOURCES,2026-10-03,2026-10-03,https://spherity.github.io/business-wallet-requirements/requirements/ebw-dat-039/,It MUST be checked that the Tax Number is correct according to national registers and their syntax.,P3,"K06 Identity and identifiers; K17 Cross-jurisdiction identity, identifiers and assurance (EBW and non-EBW)",provider-side,ok,,
EBW-DAT-040,DAT,Data space and sovereignty,Format check of other identifiers such as LEI,"The service provider shall check that the format of an other identifier, such as DUNS, LEI, EIN, UBI or GLN, is valid.","LEI and similar identifiers are checked for format only, not against their issuer.",SRC-CX-0076 (Section 2.1.8),S,ecosystem,assurance,B2B; M2M,service provider,inspection,draft,pending,CON-LEGAL-PERSON-ID; CON-CROSS-SECTOR,2026-10-03,2026-10-03,https://spherity.github.io/business-wallet-requirements/requirements/ebw-dat-040/,"It MUST be checked that the format of Other Identifier (such as, but not limited to DUNS, LEI, EIN, UBI, GLN) is valid.",P3,"K17 Cross-jurisdiction identity, identifiers and assurance (EBW and non-EBW); K06 Identity and identifiers",provider-side,ok,Shows LEI is not authenticated against GLEIF in CX; EBW should require issuer verification for secondary identifiers where claimed as legally secure.,
EBW-DAT-041,DAT,Data space and sovereignty,Identifier of a sole trader disclosed only as requested,"Where the owner is a natural person such as a self-employed person or sole trader, the wallet shall limit the unique identifier and other owner identification attributes it presents to a relying party to what that relying party needs for its purpose.","Derived: Recital 36 names sole traders among the owners; their unique identifier can identify a natural person, so GDPR data minimisation (EBW-LEG-010) applies (to verify); how this fits an atomic EBWOID is open (EBW-INT-057, EBW-INT-095).",SRC-COUNCIL-ST-9684-26 (Recital 36),D,proposal,data,B2B; B2G; B2C,wallet owner; relying party,test,draft,pending,CON-PRIVACY; CON-LEGAL-PERSON-ID,2026-10-03,2026-10-03,https://spherity.github.io/business-wallet-requirements/requirements/ebw-dat-041/,"self-employed persons and sole traders, European Business Wallet owner identification data should be provided in a manner that is specifically designed to verify their identity",P3,"K09 Privacy and data protection; K06 Identity and identifiers; K18 Planes and evidence graph (control, data, verifiable evidence)",wallet-general,merge-with EBW-LEG-010,"Statement rewritten (minimisation to purpose, not 'as requested'), quote from Council recital 36 machine-checked; still derived: GDPR application to sole traders to verify; settle in INT-095.",
EBW-DOM-001,DOM,Domain-specific,Operator and facility identifiers follow ISO/IEC 15459,"The unique operator identifiers and unique facility identifiers used in a digital product passport shall comply with the standards referred to in Annex III of Regulation (EU) 2024/1781, or with equivalent European or international standards until harmonised standards are published.","Fixes the identifier family for organisations and sites in DPPs, which a business wallet must be able to carry as organisational identifiers.",SRC-ESPR (Article 12(1)),L,in force,data,B2B; B2G,economic operator; issuing agency,inspection,draft,pending,CON-EBW-DPP; CON-LEGAL-PERSON-ID,2026-10-03,2026-10-03,https://spherity.github.io/business-wallet-requirements/requirements/ebw-dom-001/,"shall comply with the standards referred to in Annex III, first paragraph, point (c), and second paragraph, or equivalent European or international standards",P3,"K06 Identity and identifiers; K17 Cross-jurisdiction identity, identifiers and assurance (EBW and non-EBW); K18 Planes and evidence graph (control, data, verifiable evidence)",horizontal,ok,Does not require authentication of a legal person.,
EBW-DOM-002,DOM,Domain-specific,Request a missing unique operator identifier on behalf of the actor,"Where a unique operator identifier is not yet available for an actor, the economic operator that creates or updates the digital product passport shall request one on behalf of that actor and shall give that actor the full details once issued.","Shows that organisations without an identifier are onboarded by a third party acting for them, which a wallet onboarding flow has to support with an explicit mandate.",SRC-ESPR (Article 12(2)),L,in force,governance,B2B,economic operator; relevant actor,inspection,draft,pending,CON-EBW-DPP; CON-LEGAL-PERSON-ID; CON-MANDATE,2026-10-03,2026-10-03,https://spherity.github.io/business-wallet-requirements/requirements/ebw-dom-002/,shall request a unique operator identifier on behalf of the relevant actor,P3,"K03 Mandates, representation and delegation (employees, machines, agents); K06 Identity and identifiers",horizontal,ok,Mandate need is derived in rationale.,
EBW-DOM-003,DOM,Domain-specific,Economic operator uploads identifiers to the registry,The economic operator placing the product on the market or putting it into service shall upload to the digital product passport registry the data referred to in Article 13(1) and (2) of Regulation (EU) 2024/1781.,This is a recurring business-to-government submission that a business wallet can authenticate and seal.,SRC-ESPR (Article 13(4)),L,in force,data,B2G,economic operator,test,draft,pending,CON-EBW-DPP; CON-B2G-REPORTING; CON-B2G-REGISTRY,2026-10-03,2026-10-03,https://spherity.github.io/business-wallet-requirements/requirements/ebw-dom-003/,"shall upload, in the registry, the data referred to in paragraphs 1 and 2",P3,"K12 Registered delivery and notifications; K08 Protocols and interfaces; K18 Planes and evidence graph (control, data, verifiable evidence)",horizontal,ok,,
EBW-DOM-004,DOM,Domain-specific,Authorities and customs access to the DPP registry,"The Commission, competent national authorities and customs authorities shall have access to the digital product passport registry for the purposes of carrying out their duties pursuant to Union law.","Defines the authority side of DPP access, which feeds the authority-access concept.",SRC-ESPR (Article 13(6)),L,in force,governance,G2G; B2G,Commission; market surveillance authority; customs authority,inspection,draft,pending,CON-EBW-DPP; CON-AUTHORITY-ACCESS,2026-10-03,2026-10-03,https://spherity.github.io/business-wallet-requirements/requirements/ebw-dom-004/,shall have access to the registry for the purposes of carrying out their duties pursuant to Union law,P3,"K13 Governance, supervision and liability",authority-side,drop,Not a wallet or provider design obligation.,
EBW-DOM-005,DOM,Domain-specific,Free and easy DPP access for actors per their access rights,"The digital product passport shall give customers, manufacturers, importers, distributors, dealers, professional repairers, independent operators, refurbishers, remanufacturers, recyclers, market surveillance authorities, customs authorities and other relevant actors free of charge and easy access, based on their respective access rights in the applicable delegated act.","Access is role-based and differs per actor class, so verifiers must be able to prove a role or an authority status to a DPP service.","SRC-ESPR (Article 11, first paragraph, point (b))",L,in force,data,B2B; B2G; B2C,customer; economic operator; market surveillance authority; customs authority,test,draft,pending,CON-EBW-DPP; CON-AUTHORITY-ACCESS,2026-10-03,2026-10-03,https://spherity.github.io/business-wallet-requirements/requirements/ebw-dom-005/,shall have free of charge and easy access to the digital product passport based on their respective access rights,P3,"K03 Mandates, representation and delegation (employees, machines, agents); K16 AI-first and agent interoperability; K18 Planes and evidence graph (control, data, verifiable evidence)",horizontal,ok,Consider recategorise K03 primary; quote partial.,
EBW-DOM-006,DOM,Domain-specific,Wallet support for DPP economic operator credentials,"Where implementing acts under Article 11 of Regulation (EU) 2024/1781 set procedures to issue and verify the digital credentials of economic operators with DPP access rights, the business wallet shall support holding and presenting those credentials.","Derived: the Commission only may adopt such implementing acts (no act found by 3 October 2026); the wallet duty is our mapping from that power, not law.","SRC-ESPR (Article 11, last paragraph)",D,in force,trust,B2B; B2G,Commission; economic operator; wallet provider,analysis,draft,pending,CON-EBW-DPP; CON-LEGAL-PERSON-ID; CON-AUTHORITY-ACCESS,2026-10-03,2026-10-03,https://spherity.github.io/business-wallet-requirements/requirements/ebw-dom-006/,procedures to issue and verify the digital credentials of economic operators and other relevant actors that have access rights,P3,"K01 Credential data model and formats; K03 Mandates, representation and delegation (employees, machines, agents)",core,reword,Wallet duty is derived; condition on act existing makes it untestable now.,
EBW-DOM-007,DOM,Domain-specific,"Battery passport for LMT, industrial and EV batteries","From 18 February 2027 each LMT battery, each industrial battery with a capacity greater than 2 kWh and each electric vehicle battery placed on the market or put into service shall have an electronic record (battery passport).",First mandatory DPP; defines the earliest date on which wallet-based exchange for a product passport is needed.,SRC-REG-2023-1542 (Article 77(1)),L,in force,data,B2B; B2G; B2C,economic operator; battery manufacturer,inspection,draft,pending,CON-EBW-DPP,2026-10-03,2026-10-03,https://spherity.github.io/business-wallet-requirements/requirements/ebw-dom-007/,"From 18 February 2027 each LMT battery, each industrial battery with a capacity greater than 2 kWh and each electric vehicle battery",P3,"K15 Adoption, acceptance and cross-ecosystem interoperability; K18 Planes and evidence graph (control, data, verifiable evidence)",horizontal,ok,Quote supports; date relevant only for planning.,
EBW-DOM-008,DOM,Domain-specific,Three access tiers in the battery passport,"The battery passport shall contain information accessible to the general public, information accessible only to notified bodies, market surveillance authorities and the Commission, and information accessible only to natural or legal persons with a legitimate interest.","Three audiences with different proofs: public, authority, and legitimate-interest parties; the last needs verifiable attributes.",SRC-REG-2023-1542 (Article 77(2)),L,in force,control,B2B; B2G; B2C,notified body; market surveillance authority; Commission; repairer; recycler,test,draft,pending,CON-EBW-DPP; CON-AUTHORITY-ACCESS,2026-10-03,2026-10-03,https://spherity.github.io/business-wallet-requirements/requirements/ebw-dom-008/,information accessible only to any natural or legal person with a legitimate interest in accessing and processing that information,P3,"K09 Privacy and data protection; K06 Identity and identifiers; K18 Planes and evidence graph (control, data, verifiable evidence)",horizontal,reword,Quote covers only the legitimate-interest tier; check Article 77(2) for the other two.,
EBW-DOM-009,DOM,Domain-specific,Written authorisation for an operator acting for the passport,"Where the economic operator placing the battery on the market authorises another operator to act on its behalf for the battery passport, that authorisation shall be given in writing.","A statutory mandate case in a product passport: a written, verifiable authorisation is what a wallet mandate attestation can represent.",SRC-REG-2023-1542 (Article 77(4)),L,in force,control,B2B,economic operator; authorised operator,inspection,draft,pending,CON-EBW-DPP; CON-MANDATE,2026-10-03,2026-10-03,https://spherity.github.io/business-wallet-requirements/requirements/ebw-dom-009/,It may give written authorisation to any other operator to act on its behalf,P2,"K03 Mandates, representation and delegation (employees, machines, agents); K18 Planes and evidence graph (control, data, verifiable evidence)",horizontal,reword,"Quote is permissive (may give written authorisation); ""shall"" is an implication.",
EBW-DOM-010,DOM,Domain-specific,"Only verified identity, role and legitimacy may use the repository","A legal entity establishing and managing a repository of the medicines verification system shall put in place security procedures ensuring that only users whose identity, role and legitimacy has been verified can access the repository or upload data.",Direct legal-person and role verification duty in a sector system; a business wallet can supply the identity and role evidence.,"SRC-DR-2016-161 (Article 37, point (b))",L,in force,trust,B2B; B2G,repository operator; manufacturer; wholesaler; pharmacy,audit,draft,pending,CON-LEGAL-PERSON-ID; CON-CROSS-SECTOR,2026-10-03,2026-10-03,https://spherity.github.io/business-wallet-requirements/requirements/ebw-dom-010/,"only users whose identity, role and legitimacy has been verified can access the repository or upload the information",P2,"K06 Identity and identifiers; K03 Mandates, representation and delegation (employees, machines, agents)",horizontal,ok,Medicines verification system repository; domain-specific obligation on repository manager.,
EBW-DOM-011,DOM,Domain-specific,National competent authorities get access to the repository,"A legal entity managing a repository used to verify or decommission unique identifiers shall grant access to the repository and its information to the competent authorities of the Member State for supervision, investigation of falsification, reimbursement, and pharmacovigilance or pharmacoepidemiology.","Authority access with named purposes, a model for purpose-bound authority access in wallet ecosystems.",SRC-DR-2016-161 (Article 39),L,in force,governance,G2B; B2G,repository operator; national competent authority,test,draft,pending,CON-AUTHORITY-ACCESS; CON-CROSS-SECTOR,2026-10-03,2026-10-03,https://spherity.github.io/business-wallet-requirements/requirements/ebw-dom-011/,"shall grant access to that repository and to the information contained therein, to competent authorities of that Member State",P3,"K13 Governance, supervision and liability; K09 Privacy and data protection",authority-side,ok,,
EBW-DOM-012,DOM,Domain-specific,Union database of GMP/GDP certificates and registrations is public,"The Union database holding certificates of good manufacturing practice and good distribution practice and the registration of importers, manufacturers and distributors of active substances shall be publicly accessible.",A public register that wallets and verifiers can use to check the regulatory standing of a pharmaceutical operator.,"SRC-DIR-2011-62 (Article 1, amendment of Article 111(6) of Directive 2001/83/EC)",L,in force,trust,G2B; B2B,European Medicines Agency; Member State,inspection,draft,pending,CON-AUTHENTIC-SOURCES; CON-CROSS-SECTOR,2026-10-03,2026-10-03,https://spherity.github.io/business-wallet-requirements/requirements/ebw-dom-012/,The database shall be publicly accessible,P3,K05 Trust framework and discovery; K06 Identity and identifiers,authority-side,ok,Statement lists registrations beyond quote; verify list of contents.,
EBW-DOM-013,DOM,Domain-specific,Due diligence statement submitted before placing on the market,Operators shall not place relevant products on the market or export them without prior submission of a due diligence statement made available to the competent authorities through the information system.,"A recurring B2G submission by an identified operator, in scope for authenticated and sealed submission; the EUDR text read is the original Official Journal text and later amendments were not read.",SRC-REG-2023-1115 (Article 4(2)),L,in force,data,B2G,operator; competent authority,inspection,draft,pending,CON-B2G-REPORTING; CON-CROSS-SECTOR,2026-10-03,2026-10-03,https://spherity.github.io/business-wallet-requirements/requirements/ebw-dom-013/,Operators shall not place relevant products on the market or export them without prior submission of a due diligence statement,P3,"K12 Registered delivery and notifications; K03 Mandates, representation and delegation (employees, machines, agents); K18 Planes and evidence graph (control, data, verifiable evidence)",horizontal,ok,Rationale admits later EUDR amendments not read; verify currency.,
EBW-DOM-014,DOM,Domain-specific,"Registration of operators and authorised representatives, EORI","The Commission information system for due diligence statements shall provide registration of operators and traders and their authorised representatives, and shall include the EORI number in the registration profile of operators placing products under release for free circulation or export.",Names the EORI as the identifier of customs-relevant operators and the authorised representative as a registered role.,SRC-REG-2023-1115 (Article 33(2)(a)),L,in force,trust,B2G,Commission; operator; trader; authorised representative,inspection,draft,pending,CON-B2G-REGISTRY; CON-LEGAL-PERSON-ID; CON-MANDATE,2026-10-03,2026-10-03,https://spherity.github.io/business-wallet-requirements/requirements/ebw-dom-014/,registration of operators and traders and their authorised representatives in the Union,P2,"K17 Cross-jurisdiction identity, identifiers and assurance (EBW and non-EBW); K06 Identity and identifiers; K03 Mandates, representation and delegation (employees, machines, agents)",authority-side,reword,Quote supports registration only; the EORI inclusion needs the full Article text.,
EBW-DOM-015,DOM,Domain-specific,Authorised representative provides a copy of the mandate on request,"The authorised representative submitting a due diligence statement shall, upon request, provide a copy of the mandate in an official language of the Union to the competent authorities, while the operator or trader retains responsibility for compliance.","Statutory mandate evidence towards authorities, to be satisfied by a verifiable mandate credential; responsibility stays with the mandator.",SRC-REG-2023-1115 (Article 6(1) and (2)),L,in force,control,B2G,authorised representative; operator; competent authority,inspection,draft,pending,CON-MANDATE; CON-B2G-REPORTING,2026-10-03,2026-10-03,https://spherity.github.io/business-wallet-requirements/requirements/ebw-dom-015/,"shall, upon request, provide a copy of the mandate in an official language of the Union to the competent authorities",P2,"K03 Mandates, representation and delegation (employees, machines, agents); K18 Planes and evidence graph (control, data, verifiable evidence)",horizontal,ok,,
EBW-DOM-016,DOM,Domain-specific,Economic operators register with the responsible customs authority,Economic operators established in the customs territory of the Union shall register with the customs authorities responsible for the place where they are established.,Registration is the basis of the operator identity (EORI) that other Union acts such as the ESPR and the EUDR refer to; the UCC text read does not itself use the term EORI.,SRC-REG-952-2013 (Article 9(1)),L,in force,trust,B2G,economic operator; customs authority,inspection,draft,pending,CON-LEGAL-PERSON-ID; CON-B2G-REGISTRY,2026-10-03,2026-10-03,https://spherity.github.io/business-wallet-requirements/requirements/ebw-dom-016/,shall register with the customs authorities responsible for the place where they are established,P3,"K17 Cross-jurisdiction identity, identifiers and assurance (EBW and non-EBW); K06 Identity and identifiers",authority-side,ok,Rationale itself says UCC does not use EORI; do not rely on it for identifier design.,
EBW-DOM-017,DOM,Domain-specific,Evidence of empowerment on request of customs,"Where the customs authorities require it, a person stating that he or she is acting as a customs representative shall provide evidence of empowerment by the person represented.","Statutory evidence-on-request model for mandates, with exemptions for regular representatives under Article 19(3).",SRC-REG-952-2013 (Article 19(2)),L,in force,control,B2G,customs representative; customs authority,test,draft,pending,CON-MANDATE; CON-AUTHORITY-ACCESS,2026-10-03,2026-10-03,https://spherity.github.io/business-wallet-requirements/requirements/ebw-dom-017/,The customs authorities may require persons stating that they are acting as a customs representative to provide evidence of their empowerment,P2,"K03 Mandates, representation and delegation (employees, machines, agents); K18 Planes and evidence graph (control, data, verifiable evidence)",horizontal,ok,Exemption in Article 19(3) not captured.,
EBW-DOM-018,DOM,Domain-specific,eFTI data made available over an authenticated and secure connection,Economic operators concerned shall make regulatory information in machine-readable format available to the competent authority via an authenticated and secure connection to the data source of an eFTI platform.,Authority access to freight data requires authentication of the connection; the Regulation does not name the means.,SRC-REG-2020-1056 (Article 4(3)),L,in force,data,B2G; M2M,economic operator concerned; competent authority,test,draft,pending,CON-AUTHORITY-ACCESS; CON-B2G-REPORTING,2026-10-03,2026-10-03,https://spherity.github.io/business-wallet-requirements/requirements/ebw-dom-018/,shall be made available via an authenticated and secure connection to the data source of an eFTI platform,P2,"K08 Protocols and interfaces; K04 Key custody and wallet architecture; K18 Planes and evidence graph (control, data, verifiable evidence)",horizontal,ok,,
EBW-DOM-019,DOM,Domain-specific,eFTI operation logs identify the natural or legal person acting,"An eFTI platform shall record all data processing in operation logs that allow, as a minimum, identification of each distinct processing operation, the natural or legal person who made it and the sequence of operations on each data element.","Attributable logging, including legal-person identification, as an auditability duty at the platform.",SRC-REG-2020-1056 (Article 9(1)(g)),L,in force,assurance,B2G; B2B,eFTI platform developer; competent authority,audit,draft,pending,CON-AUTHORITY-ACCESS; CON-B2G-REPORTING,2026-10-03,2026-10-03,https://spherity.github.io/business-wallet-requirements/requirements/ebw-dom-019/,the natural or legal person having made the operation and the sequencing of the operations on each individual data element,P3,"K10 Evidence, logging and audit",horizontal,ok,,
EBW-DOM-020,DOM,Domain-specific,Non-discriminatory access of eligible parties to customer data,"The parties responsible for data management shall provide access to the data of the final customer to any eligible party, which shall have the requested data at its disposal in a non-discriminatory manner and simultaneously.",Defines the eligible-party role that a market participant must prove before it receives customer data.,SRC-DIR-2019-944 (Article 23(2)),L,in force,data,B2B; B2C,data management party; eligible party; final customer,test,draft,pending,CON-AUTHENTIC-SOURCES; CON-CROSS-SECTOR,2026-10-03,2026-10-03,https://spherity.github.io/business-wallet-requirements/requirements/ebw-dom-020/,shall provide access to the data of the final customer to any eligible party,P3,"K09 Privacy and data protection; K03 Mandates, representation and delegation (employees, machines, agents); K18 Planes and evidence graph (control, data, verifiable evidence)",horizontal,ok,,
EBW-DOM-021,DOM,Domain-specific,Grant and revoke data access permissions on customer request,"The permission administrator shall grant permission to access validated historical metering and consumption data to eligible parties, and revoke permissions, without unnecessary delay on the final customer’s request.","Consent and permission lifecycle with revocation, directly parallel to wallet authorisation of relying parties.",SRC-IR-2023-1162 (Article 8(1)(a)),L,in force,control,B2B; B2C,permission administrator; final customer; eligible party,test,draft,pending,CON-MANDATE; CON-PRIVACY,2026-10-03,2026-10-03,https://spherity.github.io/business-wallet-requirements/requirements/ebw-dom-021/,grant permission to access validated historical metering and consumption data to eligible parties and revoke permissions,P3,"K09 Privacy and data protection; K07 Credential lifecycle; K18 Planes and evidence graph (control, data, verifiable evidence)",horizontal,ok,,
EBW-DOM-022,DOM,Domain-specific,Active permission verified before data is transferred,"When transferring data to eligible parties, the metered data administrator shall ensure, in cooperation with the permission administrator where applicable, that there is an active permission or another legal basis for the data to be lawfully transmitted or processed.",Machine-checkable consent precondition for data release.,SRC-IR-2023-1162 (Article 5(1)(d)),L,in force,control,B2B,metered data administrator; permission administrator; eligible party,test,draft,pending,CON-MANDATE; CON-PRIVACY,2026-10-03,2026-10-03,https://spherity.github.io/business-wallet-requirements/requirements/ebw-dom-022/,"ensure, in cooperation with the permission administrator where applicable, that there is an active permission or another legal basis",P3,"K09 Privacy and data protection; K18 Planes and evidence graph (control, data, verifiable evidence)",horizontal,ok,"Statement adds ""or another legal basis"" exactly as quote; fine.",
EBW-DOM-023,DOM,Domain-specific,Market roles identified by organisation code and type,"In the reporting of national practices, each metered data administrator, metering point administrator, data access provider and permission administrator shall be described by name and by an organisation code with its type of identification, namely ACER registration code, LEI, BIC, EIC, GLN or national identification code.","The Regulation accepts six organisational identifier schemes side by side, evidence that a business wallet must carry more than one identifier scheme; the Annex table is read, the reporting duty is in Article 10.","SRC-IR-2023-1162 (Annex, Table I3 to I6 (information about administrators and providers))",L,in force,trust,B2B; B2G,Member State; metered data administrator; permission administrator,inspection,draft,pending,CON-LEGAL-PERSON-ID; CON-CROSS-SECTOR,2026-10-03,2026-10-03,https://spherity.github.io/business-wallet-requirements/requirements/ebw-dom-023/,"ACER registration code, Legal Entity Identifier (LEI), Bank Identifier Code (BIC), Energy Identification Code (EIC), Global Location Number (GLN/GS1) or National Identification Code (NIC)",P2,"K17 Cross-jurisdiction identity, identifiers and assurance (EBW and non-EBW); K06 Identity and identifiers",horizontal,ok,"Annex reporting table, duty on Member States reporting; use as evidence, not wallet duty.",
EBW-DOM-024,DOM,Domain-specific,Mandatory BPN issuance for European countries only,"The BPN issuing organisation shall issue BPNs for organisations and organisation parts in all EU member states, Great Britain, Switzerland, Norway and Northern Ireland.","Issuance for all other countries is optional, so non-European partners are not guaranteed an ecosystem identifier.",SRC-CX-0010 (Section 2.1),S,ecosystem,governance,B2B; M2M,BPN issuing organisation,inspection,draft,pending,CON-LEGAL-PERSON-ID; CON-CROSS-SECTOR,2026-10-03,2026-10-03,https://spherity.github.io/business-wallet-requirements/requirements/ebw-dom-024/,"MUST issue BPNs for organization and organization parts in all member states of the European Union, Great Britain, Switzerland, Norway",P2,"K17 Cross-jurisdiction identity, identifiers and assurance (EBW and non-EBW); K15 Adoption, acceptance and cross-ecosystem interoperability",provider-side,ok,"Research confirms Northern Ireland in CX-0010; the 25-word quote ends at Norway. Add full_quote in fidelity pass. Non-listed countries optional, so non-European partners lack a guaranteed identifier.",
EBW-DOM-025,DOM,Domain-specific,Tax number required per country unless law says otherwise,"The Golden Record shall contain a tax number for legal entities in the countries listed in the country rules, unless local law or tax regulations do not require a tax number.",Country rules extend beyond Europe; CX-0010 uses a wider identifier fallback.,"SRC-CX-0076 (Section 2.1.10, Table 2, footnote 7)",S,ecosystem,data,B2B; M2M,service provider,inspection,draft,pending,CON-LEGAL-PERSON-ID; CON-CROSS-SECTOR,2026-10-03,2026-10-03,https://spherity.github.io/business-wallet-requirements/requirements/ebw-dom-025/,This rule MUST be applied unless local law or tax regulations do not require the existence / assignment of a tax number,P3,"K17 Cross-jurisdiction identity, identifiers and assurance (EBW and non-EBW); K06 Identity and identifiers",provider-side,ok,Cross-reference DAT-028/DAT-039. Table 2 not extracted per country; separate pass needed.,
EBW-DOM-026,DOM,Domain-specific,"Tax jurisdiction code for BR, CA and US","The service provider shall require a tax jurisdiction code for legal entities in Brazil, Canada and the United States (including Puerto Rico).",Sub-national tax jurisdictions are part of the identity of some legal entities.,"SRC-CX-0076 (Section 2.1.10, Table 2)",S,ecosystem,data,B2B; M2M,service provider,inspection,draft,pending,CON-LEGAL-PERSON-ID; CON-CROSS-SECTOR,2026-10-03,2026-10-03,https://spherity.github.io/business-wallet-requirements/requirements/ebw-dom-026/,"Tax Jurisdiction Code MUST be setMandatory for: BR, CA, US(PR)",P3,"K17 Cross-jurisdiction identity, identifiers and assurance (EBW and non-EBW); K06 Identity and identifiers",provider-side,ok,Outside EU scope; relevant only for non-EU partner interaction. Quote includes the 'US(PR)' country notation.,
EBW-FUN-001,FUN,Functional,Qualified registered delivery in the wallet,A European Business Wallet shall allow its owner to transmit and receive electronic documents and data by means of a qualified electronic registered delivery service.,Provides a secure communication channel with legal effect between businesses and with public bodies.,"SRC-EBW-PROPOSAL (Article 5(1), point (i))",L,proposal,data,B2B; B2G,Wallet owner; Wallet provider,test,draft,pending,CON-DATA-PLANE; CON-B2G-REPORTING,2026-10-03,2026-10-03,https://spherity.github.io/business-wallet-requirements/requirements/ebw-fun-001/,transmit and receive electronic documents and data by means of a qualified electronic registered delivery service,P1,"K12 Registered delivery and notifications; K08 Protocols and interfaces; K18 Planes and evidence graph (control, data, verifiable evidence)",core,ok,,
EBW-FUN-002,FUN,Functional,Updates to the European Digital Directory,A European Business Wallet provider shall send updates of owner information to the European Digital Directory within one working day.,"Keeps the directory, described as the trusted source of information on wallet owners, current.",SRC-EBW-PROPOSAL (Article 10(5)),L,proposal,trust,B2B; B2G,Wallet provider; Commission,test,draft,pending,CON-TRUST-PLANE,2026-10-03,2026-10-03,https://spherity.github.io/business-wallet-requirements/requirements/ebw-fun-002/,"shall, without undue delay and in any event within one working day, be communicated by the providers of European Business Wallet directly to the Commission",P2,"K06 Identity and identifiers; K05 Trust framework and discovery; K17 Cross-jurisdiction identity, identifiers and assurance (EBW and non-EBW)",provider-side,reword,"Obligation is on provider; ""updates of owner information"" unspecified; deadline starting event missing.",
EBW-FUN-003,FUN,Functional,Attestation lifecycle in the wallet,"The European Business Wallet shall enable the owner to securely issue, request, obtain, select, combine, store, delete, share and present electronic attestations of attributes.",Defines the baseline attestation handling that every business wallet has to offer.,SRC-EBW-PROPOSAL (Article 5(1)(a)),L,proposal,data,B2B; B2G,wallet provider; wallet owner,test,draft,pending,CON-AUTHENTIC-SOURCES; CON-DATA-PLANE,2026-10-03,2026-10-03,https://spherity.github.io/business-wallet-requirements/requirements/ebw-fun-003/,"securely issue, request, obtain, select, combine, store, delete, share and present electronic attestations of attributes",P1,"K07 Credential lifecycle; K01 Credential data model and formats; K18 Planes and evidence graph (control, data, verifiable evidence)",core,split,"Bundles nine verbs; ""issue"" differs from ""request/obtain"" (owner as issuer is FUN-007).",
EBW-FUN-004,FUN,Functional,Selective disclosure of identification data and attributes,The European Business Wallet shall enable the owner to selectively disclose European Business Wallet owner identification data and attributes contained in electronic attestations of attributes.,Limits data exposure to what a relying party needs.,SRC-EBW-PROPOSAL (Article 5(1)(b)),L,proposal,data,B2B; B2G,wallet provider; wallet owner; relying party,test,draft,pending,CON-PRIVACY; CON-LEGAL-PERSON-ID,2026-10-03,2026-10-03,https://spherity.github.io/business-wallet-requirements/requirements/ebw-fun-004/,selectively disclose European Business Wallet owner identification data and attributes contained in electronic attestations of attributes,P1,"K01 Credential data model and formats; K09 Privacy and data protection; K18 Planes and evidence graph (control, data, verifiable evidence)",core,ok,,
EBW-FUN-005,FUN,Functional,Qualified signing and sealing,"The European Business Wallet shall enable the owner to sign by means of qualified electronic signatures and to seal by means of qualified electronic seals, as applicable.",Gives the owner legally valid signing and sealing from within the wallet.,SRC-EBW-PROPOSAL (Article 5(1)(d)),L,proposal,data,B2B; B2G,wallet provider; wallet owner; qualified trust service provider,test,draft,pending,CON-QUALIFIED-SERVICES,2026-10-03,2026-10-03,https://spherity.github.io/business-wallet-requirements/requirements/ebw-fun-005/,"sign by means of qualified electronic signatures and seal by means of qualified electronic seals, as applicable",P1,"K04 Key custody and wallet architecture; K14 Conformity, certification and assurance; K18 Planes and evidence graph (control, data, verifiable evidence)",core,ok,,
EBW-FUN-006,FUN,Functional,Qualified time stamping,The European Business Wallet shall enable the owner to bind data in electronic form to a particular time by means of qualified electronic time stamps.,Provides evidence of existence at a point in time.,SRC-EBW-PROPOSAL (Article 5(1)(e)),L,proposal,data,B2B; B2G,wallet provider; wallet owner; qualified trust service provider,test,draft,pending,CON-QUALIFIED-SERVICES,2026-10-03,2026-10-03,https://spherity.github.io/business-wallet-requirements/requirements/ebw-fun-006/,bind data in electronic form to a particular time by means of qualified electronic time stamps,P2,"K10 Evidence, logging and audit; K14 Conformity, certification and assurance; K18 Planes and evidence graph (control, data, verifiable evidence)",core,ok,,
EBW-FUN-007,FUN,Functional,Issuing attestations to business and personal wallets,The European Business Wallet shall enable the owner to issue electronic attestations of attributes to European Business Wallets and European Digital Identity Wallets.,Lets business wallet owners act as attestation issuers.,SRC-EBW-PROPOSAL (Article 5(1)(f)),L,proposal,data,B2B; B2C,wallet provider; wallet owner; EUDI wallet,test,draft,pending,CON-EBW-EUDIW; CON-AUTHENTIC-SOURCES,2026-10-03,2026-10-03,https://spherity.github.io/business-wallet-requirements/requirements/ebw-fun-007/,issue electronic attestations of attributes to European Business Wallets and European Digital Identity Wallets,P1,"K07 Credential lifecycle; K02 Wallet subject model; K18 Planes and evidence graph (control, data, verifiable evidence)",core,ok,,
EBW-FUN-008,FUN,Functional,Linked chain of issued attestations,The European Business Wallet shall allow an attestation issued through the owner's wallet to be linked to other relevant attestations forming part of a chain.,Supports supply-chain and delegation provenance.,SRC-EBW-PROPOSAL (Article 5(1)(g)),L,proposal,data,B2B,wallet provider; wallet owner,test,draft,pending,CON-EBW-DPP; CON-CROSS-SECTOR,2026-10-03,2026-10-03,https://spherity.github.io/business-wallet-requirements/requirements/ebw-fun-008/,allowing the issued attestation to be linked to other relevant attestations forming part of a chain,P2,"K01 Credential data model and formats; K03 Mandates, representation and delegation (employees, machines, agents); K18 Planes and evidence graph (control, data, verifiable evidence)",core,reword,"""Relevant"" and ""chain"" undefined; not testable as written.",
EBW-FUN-009,FUN,Functional,Authentication using attestations,The European Business Wallet shall enable the use of qualified and non-qualified electronic attestations of attributes for owners and their authorised representatives to authenticate themselves.,Makes attestations a usable authentication means.,SRC-EBW-PROPOSAL (Article 5(1)(h)),L,proposal,control,B2B; B2G,wallet provider; wallet owner; authorised representative,test,draft,pending,CON-MANDATE,2026-10-03,2026-10-03,https://spherity.github.io/business-wallet-requirements/requirements/ebw-fun-009/,enable the use of qualified and non-qualified electronic attestations of attributes to allow European Business Wallet owners and their authorised representatives to authenticate themselves,P1,"K03 Mandates, representation and delegation (employees, machines, agents); K06 Identity and identifiers; K18 Planes and evidence graph (control, data, verifiable evidence)",core,ok,,
EBW-FUN-010,FUN,Functional,Multi-user access with manageable authorisations,The European Business Wallet shall enable the owner to authorise multiple users to access and operate the wallet and to manage and revoke such authorisations.,Core mandate management for organisations with several operators.,SRC-EBW-PROPOSAL (Article 5(1)(j)),L,proposal,control,B2B; B2G,wallet provider; wallet owner; authorised representative,test,draft,pending,CON-MANDATE; CON-AGENT-MANDATE,2026-10-03,2026-10-03,https://spherity.github.io/business-wallet-requirements/requirements/ebw-fun-010/,authorise multiple users to access and operate the European Business Wallet of the owner,P1,"K03 Mandates, representation and delegation (employees, machines, agents); K02 Wallet subject model; K18 Planes and evidence graph (control, data, verifiable evidence)",core,ok,,
EBW-FUN-011,FUN,Functional,Authorising relying parties to request attestations,The European Business Wallet shall enable the owner to authorise relying parties to request electronic attestations of attributes issued to the owner and to manage and revoke such authorisations.,Gives the owner control over which relying parties may pull attestations.,SRC-EBW-PROPOSAL (Article 5(1)(k)),L,proposal,control,B2B; B2G,wallet provider; wallet owner; relying party,test,draft,pending,CON-AUTHORITY-ACCESS; CON-MANDATE,2026-10-03,2026-10-03,https://spherity.github.io/business-wallet-requirements/requirements/ebw-fun-011/,authorise European Business Wallet-relying parties to request electronic attestations of attributes issued to the European Business Wallet owner,P1,"K03 Mandates, representation and delegation (employees, machines, agents); K09 Privacy and data protection; K18 Planes and evidence graph (control, data, verifiable evidence)",core,ok,,
EBW-FUN-012,FUN,Functional,Common dashboard for registered delivery communications,"The European Business Wallet shall provide a common dashboard for accessing, storing and verifying communications exchanged through the qualified electronic registered delivery service.",Single place to handle legally relevant messages.,SRC-EBW-PROPOSAL (Article 5(1)(n)),L,proposal,data,B2B; B2G,wallet provider; wallet owner,test,draft,pending,CON-QUALIFIED-SERVICES,2026-10-03,2026-10-03,https://spherity.github.io/business-wallet-requirements/requirements/ebw-fun-012/,"access a common dashboard for accessing, storing and verifying communications exchanged through the qualified electronic registered delivery service",P2,"K12 Registered delivery and notifications; K10 Evidence, logging and audit; K18 Planes and evidence graph (control, data, verifiable evidence)",core,ok,Dashboard not technology-neutral issue; fine.,
EBW-FUN-013,FUN,Functional,Registered delivery as standalone service for personal wallet users,The provider of European Business Wallets shall enable the provision of the qualified electronic registered delivery service as a standalone service to users of European Digital Identity Wallets.,Extends the delivery channel to users of personal wallets.,SRC-EBW-PROPOSAL (Article 5(3)),L,proposal,data,B2C; B2B; B2G,wallet provider; EUDI wallet user,test,draft,pending,CON-EBW-EUDIW; CON-QUALIFIED-SERVICES,2026-10-03,2026-10-03,https://spherity.github.io/business-wallet-requirements/requirements/ebw-fun-013/,"enable the provision of the qualified electronic registered delivery service referred to in paragraph 1, point (i) as a standalone service",P2,"K12 Registered delivery and notifications; K15 Adoption, acceptance and cross-ecosystem interoperability; K17 Cross-jurisdiction identity, identifiers and assurance (EBW and non-EBW)",provider-side,ok,,
EBW-FUN-014,FUN,Functional,Automated and manual wallet interaction,The European Business Wallet shall support common protocols and interfaces that allow interaction with the wallet automatically without manual intervention or through direct user action.,Enables machine-to-machine and agent use of the wallet.,SRC-EBW-PROPOSAL (Article 6(1)(d)),L,proposal,control,M2M; A2A; B2B,wallet provider; wallet owner,test,draft,pending,CON-AGENT-MANDATE; CON-CONTROL-PLANE,2026-10-03,2026-10-03,https://spherity.github.io/business-wallet-requirements/requirements/ebw-fun-014/,to allow interaction with the European Business Wallets automatically without manual intervention or through direct user action,P1,"K08 Protocols and interfaces; K16 AI-first and agent interoperability; K18 Planes and evidence graph (control, data, verifiable evidence)",core,ok,Rationale mentions agent use; source cites only automation.,
EBW-FUN-015,FUN,Functional,Real-time detection of role conflicts and over-delegation,"The provider of European Business Wallets shall ensure that conflicts of roles, over-delegation or expired authorisations are automatically detected and prevented in real time.",Prevents misuse of mandates.,"SRC-EBW-PROPOSAL (Article 6(2)(b), second indent)",L,proposal,control,B2B; B2G,wallet provider,test,draft,pending,CON-MANDATE; CON-AGENT-MANDATE,2026-10-03,2026-10-03,https://spherity.github.io/business-wallet-requirements/requirements/ebw-fun-015/,"conflicts of roles, over-delegation, or expired authorisations are automatically detected and prevented in real time",P2,"K03 Mandates, representation and delegation (employees, machines, agents); K16 AI-first and agent interoperability; K18 Planes and evidence graph (control, data, verifiable evidence)",core,reword,"Statement may overstate ""automatically ... in real time""; untestable without defined conflict rules.",
EBW-FUN-016,FUN,Functional,Directory information kept current and corroborated,The provider of European Business Wallets shall ensure that information on owners notified to the Commission is kept up to date and corroborated using the issuing provider of owner identification data.,Directory content must be reliable.,SRC-EBW-PROPOSAL (Article 7(6)(g)),L,proposal,governance,B2G; B2B,wallet provider; owner identification data provider; Commission,audit,draft,pending,CON-B2G-REGISTRY; CON-AUTHENTIC-SOURCES,2026-10-03,2026-10-03,https://spherity.github.io/business-wallet-requirements/requirements/ebw-fun-016/,kept up to date and corroborated using the providers of the European Business Wallet owner identification data,P3,"K06 Identity and identifiers; K13 Governance, supervision and liability",provider-side,ok,Overlaps FUN-002; consider merge-with FUN-002 as directory maintenance pair.,
EBW-FUN-017,FUN,Functional,Public sector bodies hold wallets with registered delivery,"For submitting documents and sending or receiving notifications, public sector bodies shall have European Business Wallets, including the qualified electronic registered delivery service.",Public bodies need their own endpoint on the delivery channel.,SRC-EBW-PROPOSAL (Article 16(2)),L,proposal,data,B2G; G2B,public sector body,inspection,draft,pending,CON-B2G-REPORTING; CON-QUALIFIED-SERVICES,2026-10-03,2026-10-03,https://spherity.github.io/business-wallet-requirements/requirements/ebw-fun-017/,"public sector bodies shall have European Business Wallets, including the qualified electronic registered delivery service",P3,"K15 Adoption, acceptance and cross-ecosystem interoperability; K12 Registered delivery and notifications; K18 Planes and evidence graph (control, data, verifiable evidence)",authority-side,recategorise BIZ,"Not a wallet function; overlaps BIZ-001/TRN-001 on public sector acceptance. ""shall have"" is ambiguous.",
EBW-FUN-018,FUN,Functional,Certificate database for qualified certificates,The qualified trust service provider issuing qualified certificates shall establish and keep updated a certificate database.,Basis for revocation and status services.,SRC-EIDAS-CONSOL (Article 24(2)(k)),L,in force,trust,B2B,qualified trust service provider,inspection,draft,pending,CON-QUALIFIED-SERVICES; CON-REVOCATION,2026-10-03,2026-10-03,https://spherity.github.io/business-wallet-requirements/requirements/ebw-fun-018/,establish and keep updated a certificate database,P2,"K07 Credential lifecycle; K13 Governance, supervision and liability",provider-side,recategorise OPS,"Trust service provider duty, not wallet function; not applicable to wallet itself.",
EBW-FUN-019,FUN,Functional,Advanced signature requirements,"The advanced electronic signature shall be uniquely linked to the signatory, identify the signatory, be created under the signatory's sole control and make any subsequent data change detectable.",Baseline functional properties for signing.,SRC-EIDAS-CONSOL (Article 26(1)),L,in force,trust,B2B; B2C,signatory; signature creation device,test,draft,pending,CON-QUALIFIED-SERVICES,2026-10-03,2026-10-03,https://spherity.github.io/business-wallet-requirements/requirements/ebw-fun-019/,"it is created using electronic signature creation data that the signatory can, with a high level of confidence, use under his sole control",P2,"K14 Conformity, certification and assurance; K04 Key custody and wallet architecture",horizontal,recategorise LEG,"Definitional (""shall be"" property), not a design obligation on a named actor; testable only via standards.",
EBW-FUN-020,FUN,Functional,Signature validation system result and issue detection,The system used for validating a qualified electronic signature shall provide the relying party the correct validation result and allow it to detect any security relevant issues.,Applies equally to seals via Article 40.,SRC-EIDAS-CONSOL (Article 32(2)),L,in force,trust,B2B; B2G,relying party; validation system,test,draft,pending,CON-QUALIFIED-SERVICES,2026-10-03,2026-10-03,https://spherity.github.io/business-wallet-requirements/requirements/ebw-fun-020/,shall allow the relying party to detect any security relevant issues,P2,"K14 Conformity, certification and assurance; K05 Trust framework and discovery",relying-party-side,ok,Actor is validation system; correct as technical requirement.,
EBW-FUN-021,FUN,Functional,Qualified validation result sealed by provider,"The qualified validation service shall let relying parties receive the validation result in an automated, reliable and efficient manner bearing the advanced signature or seal of the service provider.",Makes validation outputs verifiable by third parties.,SRC-EIDAS-CONSOL (Article 33(1)(b)),L,in force,trust,B2B,qualified trust service provider; relying party,test,draft,pending,CON-QUALIFIED-SERVICES,2026-10-03,2026-10-03,https://spherity.github.io/business-wallet-requirements/requirements/ebw-fun-021/,bears the advanced electronic signature or advanced electronic seal of the provider of the qualified validation service,P2,"K14 Conformity, certification and assurance; K08 Protocols and interfaces",provider-side,ok,,
EBW-FUN-022,FUN,Functional,Advanced seal requirements,"The advanced electronic seal shall be uniquely linked to the creator, identify the creator, be created with data the creator can control with high confidence and make subsequent data change detectable.",Functional baseline for sealing by legal persons.,SRC-EIDAS-CONSOL (Article 36(1)),L,in force,trust,B2B; B2G,legal person; seal creator,test,draft,pending,CON-QUALIFIED-SERVICES,2026-10-03,2026-10-03,https://spherity.github.io/business-wallet-requirements/requirements/ebw-fun-022/,it is linked to the data to which it relates in such a way that any subsequent change in the data is detectable,P2,"K14 Conformity, certification and assurance; K04 Key custody and wallet architecture",horizontal,recategorise LEG,"Definitional; same issue as FUN-019. Seal ""control with high confidence"" is not directly testable.",
EBW-FUN-023,FUN,Functional,Qualified time stamp requirements,"The qualified electronic time stamp shall bind date and time to data so undetected change is precluded, use a time source linked to UTC, and be signed or sealed by the qualified provider.",Defines evidence quality of time stamps used in logs and records.,SRC-EIDAS-CONSOL (Article 42(1)),L,in force,trust,B2B; B2G,qualified trust service provider,test,draft,pending,CON-QUALIFIED-SERVICES,2026-10-03,2026-10-03,https://spherity.github.io/business-wallet-requirements/requirements/ebw-fun-023/,it is based on an accurate time source linked to Coordinated Universal Time,P2,"K10 Evidence, logging and audit; K14 Conformity, certification and assurance",provider-side,split,"Three obligations (binding, UTC time source, signing) in one.",
EBW-FUN-024,FUN,Functional,Sender and addressee identification in qualified delivery,The qualified electronic registered delivery service shall identify the sender with a high level of confidence and identify the addressee before delivery of the data.,Core property for wallet-based registered delivery between businesses and authorities.,SRC-EIDAS-CONSOL (Article 44(1)(b)-(c)),L,in force,data,B2B; B2G; G2B,qualified trust service provider; sender; addressee,test,draft,pending,CON-QUALIFIED-SERVICES,2026-10-03,2026-10-03,https://spherity.github.io/business-wallet-requirements/requirements/ebw-fun-024/,they ensure with a high level of confidence the identification of the sender,P1,"K12 Registered delivery and notifications; K06 Identity and identifiers; K18 Planes and evidence graph (control, data, verifiable evidence)",provider-side,split,Sender and addressee identification have different assurance (high confidence vs unspecified).,
EBW-FUN-025,FUN,Functional,Delivery data secured and time-stamped,"The qualified electronic registered delivery service shall secure sending and receiving with an advanced signature or seal of a qualified provider, indicate any data change, and time-stamp sending, receipt and changes with a qualified time stamp.",Produces the evidence behind the legal presumption of delivery.,SRC-EIDAS-CONSOL (Article 44(1)(d)-(f)),L,in force,data,B2B; B2G; G2B,qualified trust service provider,test,draft,pending,CON-QUALIFIED-SERVICES,2026-10-03,2026-10-03,https://spherity.github.io/business-wallet-requirements/requirements/ebw-fun-025/,are indicated by a qualified electronic time stamp,P1,"K12 Registered delivery and notifications; K10 Evidence, logging and audit; K18 Planes and evidence graph (control, data, verifiable evidence)",provider-side,split,"Three obligations: signing, change indication, time-stamping.",
EBW-FUN-026,FUN,Functional,Verification of attributes against authentic sources,"The Member State shall ensure that, at least for Annex VI attributes relying on public sector authentic sources, qualified providers of attestations can verify them electronically at the user's request.",Enables attestations of company data and mandates; Annex VI lists powers and mandates and company data.,"SRC-EIDAS-CONSOL (Article 45e(1), Annex VI)",L,in force,data,B2G; B2B,Member State; qualified trust service provider; public sector body,test,draft,pending,CON-AUTHENTIC-SOURCES; CON-MANDATE; CON-QUALIFIED-SERVICES,2026-10-03,2026-10-03,https://spherity.github.io/business-wallet-requirements/requirements/ebw-fun-026/,to verify those attributes by electronic means at the request of the user,P1,"K06 Identity and identifiers; K07 Credential lifecycle; K18 Planes and evidence graph (control, data, verifiable evidence)",authority-side,recategorise TRU,"Obligation on Member States, not wallet; scope ""at least Annex VI"" fine. Verifiable by Member State implementation.",
EBW-FUN-027,FUN,Functional,Attestation lifecycle in wallets irrespective of Member State,"The provider of electronic attestations of attributes shall let wallet users request, obtain, store and manage attestations irrespective of the Member State where the wallet is provided.",Ensures cross-border wallet portability of attestations.,SRC-EIDAS-CONSOL (Article 45g(1)),L,in force,data,B2B; B2G; B2C,attestation provider; wallet user,test,draft,pending,CON-EBW-EUDIW; CON-QUALIFIED-SERVICES,2026-10-03,2026-10-03,https://spherity.github.io/business-wallet-requirements/requirements/ebw-fun-027/,Member State where the European Digital Identity Wallet is provided,P2,"K15 Adoption, acceptance and cross-ecosystem interoperability; K07 Credential lifecycle; K18 Planes and evidence graph (control, data, verifiable evidence)",wallet-general,ok,"Actor ""provider of attestations"" vs rationale ""wallet portability"" slightly mismatched.",
EBW-FUN-028,FUN,Functional,"Key generation, proof of possession and secure erasure","The wallet provider shall ensure that the wallet secure cryptographic application is able to generate new cryptographic keys, generate a proof of possession of private keys, and securely erase critical assets.",Underpins cryptographic binding and clean credential deletion.,SRC-CIR-2024-2979 (Article 5(1)(c)-(e)),L,in force,control,B2B; B2G; G2B,wallet secure cryptographic application,test,draft,pending,CON-EBW-EUDIW,2026-10-03,2026-10-03,https://spherity.github.io/business-wallet-requirements/requirements/ebw-fun-028/,are able to generate a proof of possession of private keys;,P1,"K04 Key custody and wallet architecture; K11 Security, resilience and incident handling; K18 Planes and evidence graph (control, data, verifiable evidence)",wallet-general,ok,,
EBW-FUN-029,FUN,Functional,Wallet user right to request wallet revocation,"The wallet provider shall provide mechanisms, independent of wallet units, for secure identification and authentication of wallet users, and shall ensure that wallet users can request revocation of their wallet unit attestations using those mechanisms.",A lost or compromised wallet must be revocable without access to it.,SRC-CIR-2024-2979 (Article 6(3)(b)-(c)),L,in force,assurance,B2B; B2G; G2B,wallet provider,test,draft,pending,CON-WUA; CON-REVOCATION,2026-10-03,2026-10-03,https://spherity.github.io/business-wallet-requirements/requirements/ebw-fun-029/,ensure wallet users have the right to request revocation of their wallet unit attestations,P2,"K04 Key custody and wallet architecture; K07 Credential lifecycle; K11 Security, resilience and incident handling",wallet-general,split,Two obligations: independent authentication mechanisms and user-initiated revocation.,
EBW-FUN-030,FUN,Functional,Check relying party against embedded disclosure policy,The wallet instance shall verify whether the wallet-relying party complies with the embedded disclosure policy of an attestation and shall inform the wallet user of the result.,Lets attestation issuers restrict which relying parties may receive their attestations.,SRC-CIR-2024-2979 (Article 10(3)),L,in force,control,B2B; B2G; G2B,wallet instance,test,draft,pending,CON-EBW-EUDIW,2026-10-03,2026-10-03,https://spherity.github.io/business-wallet-requirements/requirements/ebw-fun-030/,Wallet instances shall verify whether the wallet-relying party complies with the requirements of the embedded disclosure policy and inform the wallet user of the result.,P2,"K05 Trust framework and discovery; K09 Privacy and data protection; K18 Planes and evidence graph (control, data, verifiable evidence)",wallet-general,recategorise TRU,"Overlaps FUN-034 (same behaviour at wallet unit, ARF-derived); merge-with:EBW-FUN-034 candidate. ""complies"" is ambiguous on what is checked.",
EBW-FUN-031,FUN,Functional,Secure export and portability to another wallet,"Where technically feasible and excepting critical assets, the wallet unit shall support secure export and portability of the wallet user personal data so that the user can migrate to a wallet unit of a different wallet solution at assurance level high.",Prevents vendor lock-in of the wallet holder.,SRC-CIR-2024-2979 (Article 13),L,in force,data,B2B; B2C,wallet provider,test,draft,pending,CON-EBW-EUDIW,2026-10-03,2026-10-03,https://spherity.github.io/business-wallet-requirements/requirements/ebw-fun-031/,support secure export and portability of personal data of the wallet user,P2,"K04 Key custody and wallet architecture; K15 Adoption, acceptance and cross-ecosystem interoperability; K18 Planes and evidence graph (control, data, verifiable evidence)",wallet-general,ok,"""Where technically feasible"" weakens testability; keep as written.",
EBW-FUN-032,FUN,Functional,Selective disclosure and key possession proof,"The wallet solution shall support selective disclosure of attributes of person identification data and attestations, and the wallet unit shall support proving possession of the private keys used in cryptographic bindings.",Minimises disclosed data and proves holder binding.,SRC-CIR-2024-2982 (Article 5(3)-(4)),L,in force,data,B2B; B2G; G2B,wallet provider,test,draft,pending,CON-PRIVACY,2026-10-03,2026-10-03,https://spherity.github.io/business-wallet-requirements/requirements/ebw-fun-032/,Wallet providers shall ensure that wallet solutions support the selective disclosure of attributes,P1,"K01 Credential data model and formats; K09 Privacy and data protection; K18 Planes and evidence graph (control, data, verifiable evidence)",wallet-general,split,Two obligations; overlaps FUN-004 (EBW-level selective disclosure) and FUN-028 (proof of possession).,
EBW-FUN-033,FUN,Functional,Communicate data erasure requests to relying parties,"The wallet unit shall support protocols and interfaces allowing the wallet user to request erasure of personal data from selected wallet-relying parties, and shall display previously submitted requests.",Operationalises GDPR Article 17 in the wallet.,SRC-CIR-2024-2982 (Article 6(1)-(3)),L,in force,data,B2B; B2C,wallet unit; wallet-relying party,test,draft,pending,CON-PRIVACY,2026-10-03,2026-10-03,https://spherity.github.io/business-wallet-requirements/requirements/ebw-fun-033/,"request from wallet-relying parties, with whom they have interacted through those wallet units, the erasure of their personal data",P2,"K09 Privacy and data protection; K08 Protocols and interfaces; K18 Planes and evidence graph (control, data, verifiable evidence)",wallet-general,recategorise LEG,"Two obligations (request protocol, display history); fine as one feature but could split.",
EBW-FUN-034,FUN,Functional,Evaluate embedded disclosure policy against registration certificate,The wallet unit shall evaluate an embedded disclosure policy together with the registration certificate information from the relying party to determine whether the relying party is permitted by the attestation provider to access the attestation.,Enforces issuer-defined access conditions in the wallet.,"SRC-ARF-HLR (Annex 2 topic on embedded disclosure policies, EDP_06)",S,standard,control,B2B; B2G; G2B,wallet unit,test,draft,pending,CON-AUTHORITY-ACCESS,2026-10-03,2026-10-03,https://spherity.github.io/business-wallet-requirements/requirements/ebw-fun-034/,evaluate an embedded disclosure policy in conjunction with the information received from the requesting Relying Party in the registration certificate,P2,"K03 Mandates, representation and delegation (employees, machines, agents); K05 Trust framework and discovery; K18 Planes and evidence graph (control, data, verifiable evidence)",wallet-general,merge-with EBW-FUN-030,Standard-derived refinement of FUN-030; keep one with both sources.,
EBW-FUN-035,FUN,Functional,"Access decisions consider mandate scope, validity and constraints","The provider of European Business Wallets shall ensure that authorisation decisions under the access control mechanism are based on the scope, validity and constraints of any mandate, delegation or power of attorney, as appropriate to the access request.",Access control that ignores mandate limits would let an agent exceed what the owner authorised.,SRC-COUNCIL-ST-9684-26 (Annex point 12(1)(c)),L,proposal,control,B2B; B2G; A2A,wallet provider; wallet owner,test,draft,pending,CON-AUTHORITY-ACCESS; CON-MANDATE,2026-10-03,2026-10-03,https://spherity.github.io/business-wallet-requirements/requirements/ebw-fun-035/,"the scope, validity and constraints of any mandate, delegation, or power of attorney",P1,"K03 Mandates, representation and delegation (employees, machines, agents); K08 Protocols and interfaces; K18 Planes and evidence graph (control, data, verifiable evidence)",core,merge-with EBW-FUN-042,Subset of FUN-042 criteria; same Annex 12(1).,
EBW-FUN-036,FUN,Functional,Real-time validation of roles and mandates,"The provider of European Business Wallets shall ensure that access to business processes, digital procedures or submission interfaces is controlled by real-time validation of roles and mandates.",Real-time checks make revocation and expiry of a mandate effective at the moment an agent acts.,SRC-COUNCIL-ST-9684-26 (Annex point 12(2)(b)),L,proposal,control,B2B; B2G; A2A,wallet provider; relying party,test,draft,pending,CON-AUTHORITY-ACCESS; CON-MANDATE; CON-REVOCATION,2026-10-03,2026-10-03,https://spherity.github.io/business-wallet-requirements/requirements/ebw-fun-036/,controlled by real-time validation of roles and mandates,P1,"K03 Mandates, representation and delegation (employees, machines, agents); K08 Protocols and interfaces; K18 Planes and evidence graph (control, data, verifiable evidence)",core,merge-with EBW-FUN-043,"Exact duplicate of FUN-043 (same quote, point 12(2)(b)).",
EBW-FUN-037,FUN,Functional,Access decisions based on the current actor only,"When applying access control policy to a delegated token, the consumer shall consider only the top-level claims and the party identified as the current actor.",Treating prior actors as authorised would let any earlier delegate's rights leak into later steps.,SRC-RFC-8693 (Section 4.1),S,standard,control,B2B; A2A; M2M,resource server; verifier,test,draft,pending,CON-AGENT-MANDATE; CON-AUTHORITY-ACCESS,2026-10-03,2026-10-03,https://spherity.github.io/business-wallet-requirements/requirements/ebw-fun-037/,the consumer of a token MUST only consider the token's top-level claims and the party identified as the current actor,P2,"K03 Mandates, representation and delegation (employees, machines, agents); K16 AI-first and agent interoperability; K18 Planes and evidence graph (control, data, verifiable evidence)",core,ok,Only meaningful where RFC 8693 token exchange is used; make that condition explicit.,also held in EBW-AIF-013
EBW-FUN-038,FUN,Functional,Support for natural persons representing the owner,The European Business Wallet provider shall enable a natural person representing another natural person or a legal person to use the European Business Wallet as a user.,The user model is wider than the owner and covers staff acting for an organisation.,SRC-EBW-PROPOSAL (Article 3(22)),L,proposal,trust,B2B; B2G; G2B,wallet provider; wallet user,inspection,draft,pending,CON-MANDATE; CON-EBW-EUDIW,2026-10-03,2026-10-03,https://spherity.github.io/business-wallet-requirements/requirements/ebw-fun-038/,"a natural person representing another natural person or a legal person, that uses European Business Wallets",P1,"K02 Wallet subject model; K03 Mandates, representation and delegation (employees, machines, agents)",core,reword,Article 3(22) is a definition; shall-obligation derived but provenance is L.,
EBW-FUN-039,FUN,Functional,PID may represent a person representing a legal person,"The Member State shall ensure that the person identification data available from the electronic identification scheme uniquely represents the natural person, legal person or the natural person representing the natural or legal person, and is associated with the wallet.",Allows an employee to prove identity and representative capacity with a personal wallet.,SRC-EIDAS-CONSOL (Article 5a(5)(f)),L,in force,trust,B2B; B2G; G2B,Member State; wallet provider,inspection,draft,pending,CON-LEGAL-PERSON-ID; CON-EBW-EUDIW,2026-10-03,2026-10-03,https://spherity.github.io/business-wallet-requirements/requirements/ebw-fun-039/,"uniquely represents the natural person, legal person or the natural person representing the natural or legal person",P1,"K02 Wallet subject model; K06 Identity and identifiers; K03 Mandates, representation and delegation (employees, machines, agents)",wallet-general,ok,Member State duty for EUDI wallet PID; implication for EBW is hybrid model.,
EBW-FUN-040,FUN,Functional,Free qualified signing for natural persons by default,The Member State shall ensure that the European Digital Identity Wallet offers all natural persons the ability to sign by means of qualified electronic signatures by default and free of charge.,"Sole traders and employees can sign with a personal wallet, though Member States may limit free use to non-professional purposes.",SRC-EIDAS-CONSOL (Article 5a(5)(g)),L,in force,trust,B2C; B2G; G2B,Member State; wallet provider,inspection,draft,pending,CON-QUALIFIED-SERVICES; CON-EBW-EUDIW,2026-10-03,2026-10-03,https://spherity.github.io/business-wallet-requirements/requirements/ebw-fun-040/,offer all natural persons the ability to sign by means of qualified electronic signatures by default and free of charge,P2,K04 Key custody and wallet architecture; K02 Wallet subject model,wallet-general,reword,Rationale admits Member States may limit free use; statement omits it.,
EBW-FUN-041,FUN,Functional,Users can receive qualified certificates for signatures and seals,"The European Business Wallet provider shall ensure that users are able to receive qualified certificates for qualified electronic signatures or seals linked to local, external or remote qualified creation devices.","Council text, not the Commission proposal. Lets employees sign or seal for the owner with qualified status.","SRC-COUNCIL-ST-9684-26 (Annex, point 8(1))",L,proposal,trust,B2B; B2G; G2B,wallet provider; wallet user,inspection,draft,pending,CON-QUALIFIED-SERVICES,2026-10-03,2026-10-03,https://spherity.github.io/business-wallet-requirements/requirements/ebw-fun-041/,ensure that European Business Wallet users are able to receive qualified certificates for qualified electronic signatures or seals,P2,"K04 Key custody and wallet architecture; K03 Mandates, representation and delegation (employees, machines, agents)",core,ok,Overlaps FUN-005 (signing and sealing); device-type wording not in quote.,
EBW-FUN-042,FUN,Functional,Authorisation decisions based on defined criteria,"The European Business Wallet provider shall base authorisation decisions under the access control mechanism on the attestations of the acting subject, formal role, the scope, validity and constraints of any mandate, delegation or power of attorney, or sector rules.","Council text, not the Commission proposal. Ties access decisions to verifiable authority rather than to a login alone.","SRC-COUNCIL-ST-9684-26 (Annex, point 12(1))",L,proposal,control,B2B; B2G; G2B,wallet provider,inspection,draft,pending,CON-MANDATE,2026-10-03,2026-10-03,https://spherity.github.io/business-wallet-requirements/requirements/ebw-fun-042/,"the scope, validity and constraints of any mandate, delegation, or power of attorney",P1,"K03 Mandates, representation and delegation (employees, machines, agents); K08 Protocols and interfaces; K18 Planes and evidence graph (control, data, verifiable evidence)",core,reword,"Absorbs FUN-035. ""or"" makes the criteria set ambiguous.",
EBW-FUN-043,FUN,Functional,Real-time validation of roles and mandates for submissions,"The European Business Wallet provider shall control access to business processes, digital procedures and submission interfaces by real-time validation of roles and mandates.","Council text, not the Commission proposal. Stops expired or revoked authority from being used.","SRC-COUNCIL-ST-9684-26 (Annex, point 12(2)(b))",L,proposal,control,B2B; B2G; G2B,wallet provider,inspection,draft,pending,CON-MANDATE; CON-REVOCATION,2026-10-03,2026-10-03,https://spherity.github.io/business-wallet-requirements/requirements/ebw-fun-043/,controlled by real-time validation of roles and mandates,P1,"K03 Mandates, representation and delegation (employees, machines, agents); K08 Protocols and interfaces; K18 Planes and evidence graph (control, data, verifiable evidence)",core,ok,Survivor of FUN-036 duplicate; also overlaps FUN-015 on real-time role conflicts.,
EBW-FUN-044,FUN,Functional,Request owner identification data for a third-country operator,The provider of European Business Wallets shall request owner identification data from a provider of owner identification data on behalf of an economic operator established in a third country.,Defines who triggers issuance of the primary identity for non-EU holders.,SRC-EBW-PROPOSAL (Article 18(4)),L,proposal,trust,B2B; B2G; G2B,wallet provider; owner identification data provider,inspection,draft,pending,CON-LEGAL-PERSON-ID,2026-10-03,2026-10-03,https://spherity.github.io/business-wallet-requirements/requirements/ebw-fun-044/,shall request European Business Wallet owner identification data from a provider of European Business Wallet owner identification data on behalf,P1,"K06 Identity and identifiers; K17 Cross-jurisdiction identity, identifiers and assurance (EBW and non-EBW); K13 Governance, supervision and liability",core,ok,Proposal text; check final adoption.,
EBW-FUN-045,FUN,Functional,European Digital Identity Wallet usable in online company procedures,Member States shall ensure that a European Digital Identity Wallet can be used as an electronic identification means by applicants in the online procedures of Chapter III of Directive (EU) 2017/1132.,"Gives the wallet of a natural-person representative a legal basis for formation, branch registration and filing; a business wallet must interoperate with it. Member States apply the national measures from 31 July 2028 (Article 4(2) of Directive (EU) 2025/25).","SRC-DIR-2025-25 (Article 13b(1), point (c), of Directive (EU) 2017/1132 as inserted by Directive (EU) 2025/25)",L,in force,trust,B2G; G2B; B2B,Member States; applicants,inspection,draft,pending,CON-EBW-EUDIW; CON-LEGAL-PERSON-ID,2026-10-03,2026-10-03,https://spherity.github.io/business-wallet-requirements/requirements/ebw-fun-045/,a European Digital Identity Wallet as provided for in Regulation (EU) 2024/1183,P2,"K15 Adoption, acceptance and cross-ecosystem interoperability; K02 Wallet subject model; K08 Protocols and interfaces",wallet-general,recategorise INT,"Obligation lies on Member States; relates to EUDI, not EBW; category INT fits better than FUN.",
EBW-FUN-046,FUN,Functional,Complete online filing of documents and changes,"Member States shall ensure that documents and information, including any changes thereto, can be filed online with the register where the company is registered.",A wallet-based filing channel presupposes registers accepting complete online filing. Member States apply the national measures from 31 July 2028 (Article 4(2) of Directive (EU) 2025/25).,SRC-DIR-2025-25 (Article 13j(1) of Directive (EU) 2017/1132 as amended by Directive (EU) 2025/25),L,in force,data,B2G; G2B,Member States; registers; companies,inspection,draft,pending,CON-B2G-REGISTRY; CON-B2G-REPORTING,2026-10-03,2026-10-03,https://spherity.github.io/business-wallet-requirements/requirements/ebw-fun-046/,"documents and information, including any changes thereto, can be filed online with the register where the company is registered.",P2,"K12 Registered delivery and notifications; K15 Adoption, acceptance and cross-ecosystem interoperability; K18 Planes and evidence graph (control, data, verifiable evidence)",authority-side,recategorise INT,Binds Member States; not a wallet function.,
EBW-FUN-047,FUN,Functional,No repeat requests for data already held in another register,Member States shall ensure that a company forming a company or registering a branch in another Member State is not subject to requests for documents and information available in the register of the Member State where it is registered.,Once-only principle for company data; wallet-held company attestations complement but do not replace retrieval via the register interconnection. Member States apply the national measures from 31 July 2028 (Article 4(2) of Directive (EU) 2025/25).,SRC-DIR-2025-25 (Article 13g(2a) of Directive (EU) 2017/1132 as inserted by Directive (EU) 2025/25),L,in force,data,B2G; G2G,Member States; registers,inspection,draft,pending,CON-AUTHENTIC-SOURCES; CON-B2G-REGISTRY,2026-10-03,2026-10-03,https://spherity.github.io/business-wallet-requirements/requirements/ebw-fun-047/,is not subject to requests to provide documents and information relevant for the formation procedure that are available in the register,P3,"K15 Adoption, acceptance and cross-ecosystem interoperability; K06 Identity and identifiers; K18 Planes and evidence graph (control, data, verifiable evidence)",authority-side,merge-with EBW-INT-058,Same article 13g(2a) as INT-058: once-only plus retrieval are two sides; merge or keep both atomic.,
EBW-FUN-048,FUN,Functional,EU Company Certificate obtainable electronically and via BRIS,"Member States shall ensure that the EU Company Certificate can be obtained from the register upon an application by electronic or by paper means, and that its electronic version can also be obtained through the system of interconnection of registers.",Defines channels through which a wallet or a relying party can source the certificate. Member States apply the national measures from 31 July 2028 (Article 4(2) of Directive (EU) 2025/25).,SRC-DIR-2025-25 (Article 16b(4) of Directive (EU) 2017/1132 as inserted by Directive (EU) 2025/25),L,in force,data,B2G; G2B; B2B,Member States; registers,inspection,draft,pending,CON-B2G-REGISTRY,2026-10-03,2026-10-03,https://spherity.github.io/business-wallet-requirements/requirements/ebw-fun-048/,the electronic version of the EU Company Certificate can also be obtained through the system of interconnection of registers.,P2,"K06 Identity and identifiers; K08 Protocols and interfaces; K18 Planes and evidence graph (control, data, verifiable evidence)",authority-side,recategorise INT,Statement bundles application channel and electronic availability; split optional.,
EBW-FUN-049,FUN,Functional,Electronic filing agent authorised by digital EU power of attorney,The EU central interface shall verify automatically the digital EU power of attorney used to authorise an electronic filing agent to sign documents and submit forms on behalf of the EU Inc.,"Automatic mandate verification by a register interface, a pattern for B2G delegation.",SRC-COM-2026-321 (Article 24(2) of COM(2026) 321),L,proposal,control,B2G,Commission; EU central interface,inspection,draft,pending,CON-MANDATE; CON-AGENT-MANDATE,2026-10-03,2026-10-03,https://spherity.github.io/business-wallet-requirements/requirements/ebw-fun-049/,The EU central interface shall verify automatically the digital EU power of attorney.,P2,"K03 Mandates, representation and delegation (employees, machines, agents); K12 Registered delivery and notifications; K18 Planes and evidence graph (control, data, verifiable evidence)",authority-side,ok,"COM(2026) 321 proposal; EU Inc, not EBW.",
EBW-FUN-050,FUN,Functional,"Secure interface to local, external or remote QSCD","The European Business Wallet solution shall securely interface with at least one of the following: a local, an external or a remotely managed qualified signature or seal creation device.",Lets owners use qualified certificates with the device model they have.,"SRC-EBW-PROPOSAL (Annex, point 8(2))",L,proposal,data,B2B; B2G; G2B,wallet provider; trust service provider,test,draft,pending,CON-QUALIFIED-SERVICES,2026-10-03,2026-10-03,https://spherity.github.io/business-wallet-requirements/requirements/ebw-fun-050/,can securely interface with one of the following types of qualified signature or seal creation devices,P1,"K04 Key custody and wallet architecture; K08 Protocols and interfaces; K18 Planes and evidence graph (control, data, verifiable evidence)",core,ok,Overlaps FUN-005 but adds device-model duty; keep.,
EBW-FUN-051,FUN,Functional,Signing application signs user and relying party data,The signature creation application used by a European Business Wallet unit shall be able to sign or seal data provided by wallet users and data provided by relying parties.,Covers both owner-initiated signing and relying-party-initiated signing requests.,"SRC-EBW-PROPOSAL (Annex, point 9(2)(a)-(b))",L,proposal,data,B2B; B2G; G2B,wallet provider; wallet user; relying party,test,draft,pending,CON-QUALIFIED-SERVICES,2026-10-03,2026-10-03,https://spherity.github.io/business-wallet-requirements/requirements/ebw-fun-051/,signing or sealing data provided by European Business Wallets users,P2,"K04 Key custody and wallet architecture; K08 Protocols and interfaces; K18 Planes and evidence graph (control, data, verifiable evidence)",core,reword,"Quote covers only data provided by wallet users; relying-party part rests on point 9(2)(b), not quoted.",
EBW-FUN-052,FUN,Functional,Trust mark no longer shown after unit revocation,"Where the wallet provider has revoked a wallet unit attestation, it shall ensure that the trust mark is no longer displayed by the corresponding wallet unit.","The mark signals a certified, valid wallet, so a revoked unit must not show it.","SRC-CIR-2026-1731 (Article 2(9), inserting Article 14a(8) of Implementing Regulation (EU) 2024/2979)",L,in force,trust,B2B; B2G; G2B,wallet provider,test,draft,pending,CON-WUA; CON-REVOCATION,2026-10-03,2026-10-03,https://spherity.github.io/business-wallet-requirements/requirements/ebw-fun-052/,they shall ensure that the EU Digital Identity Wallet Trust Mark is no longer displayed by the corresponding wallet unit,P2,"K07 Credential lifecycle; K15 Adoption, acceptance and cross-ecosystem interoperability",wallet-general,ok,EUDI Wallet trust mark; relevance to business wallet is open.,
EBW-FUN-053,FUN,Functional,Wallet tells the user about revocations it finds,"When the wallet instance finds that it, a secure device or keystore it uses, a PID or an attestation has been revoked, it shall notify the user.",The user learns of a revocation even if no issuer message arrives.,"SRC-ARF-HLR (Annex 2.02, Topic 7, VCR_19)",S,standard,trust,B2B; B2G; G2B,wallet provider,test,draft,pending,CON-REVOCATION; CON-WUA,2026-10-03,2026-10-03,https://spherity.github.io/business-wallet-requirements/requirements/ebw-fun-053/,"In case of any revocation, the Wallet Instance SHALL notify the User accordingly.",P2,K07 Credential lifecycle; K09 Privacy and data protection,wallet-general,ok,"Related to OPS-035 (outside unit) but distinct; EUDI profile, business wallet relevance open.",
EBW-FUN-054,FUN,Functional,Transaction data is carried in the presentation,"A wallet that receives transaction data in a presentation request shall include a representation or reference to that data in the presentation, or shall return an error where it does not support transaction data.","Binds the user authentication to the authorisation of a specific transaction, for example a qualified signature, which gives evidential value.",SRC-OID4VP-1.0 (Section 8.4 (Transaction Data)),S,standard,assurance,B2B; B2G; G2B,wallet unit; relying party,test,draft,pending,CON-EBW-EUDIW; CON-TRUST-PLANE,2026-10-03,2026-10-03,https://spherity.github.io/business-wallet-requirements/requirements/ebw-fun-054/,The Wallet that received the transaction_data parameter in the request MUST include a representation or reference to the data in the respective Credential presentation.,P2,"K08 Protocols and interfaces; K10 Evidence, logging and audit",wallet-general,reword,Error-return alternative is not in the quote; relevance to business wallet is open.,
EBW-FUN-055,FUN,Functional,Role-based wallet authorisations can be managed and revoked by the owner,"The European Business Wallet shall enable the owner to manage and revoke authorisations of its users, including authorisations associated to roles for access to and operation of the wallet.","The Council text extends the Commission wording on multi-user authorisation to role-associated authorisations, so that a role change takes effect for every user holding that role.","SRC-COUNCIL-ST-9684-26 (Article 5(1), point (j))",L,proposal,control,B2B; B2G,wallet provider; wallet owner; wallet user,test,draft,pending,CON-AUTHORITY-ACCESS; CON-MANDATE,2026-10-03,2026-10-03,https://spherity.github.io/business-wallet-requirements/requirements/ebw-fun-055/,authorisations associated to roles for the purposes of access to and operation of the European Business Wallet,P2,"K03 Mandates, representation and delegation (employees, machines, agents); K02 Wallet subject model; K18 Planes and evidence graph (control, data, verifiable evidence)",core,merge-with EBW-FUN-010,"Duplicates FUN-010 except for ""associated to roles"". Rationale claim that a role change reaches every holder is not in the quote. Council-only.",
EBW-FUN-056,FUN,Functional,Owner can check the validity status of its own wallet unit,The provider of European Business Wallets shall give the owner a means to check the current validity status of the owner's own wallet unit attestation.,"Derived; the sources give provider-side publication of the status (Annex point 6(3)) and the ARF notes that a wallet instance can check its own revocation status through its attestations (WURevocation_13, a should), but no owner-side duty.","SRC-COUNCIL-ST-9684-26 (Annex point 6(3); Article 6(2), point (e); cf. ARF Annex 2.02 Topic 38 WURevocation_13)",D,proposal,control,B2B; B2G,wallet provider; wallet owner,test,draft,pending,CON-WUA; CON-REVOCATION,2026-10-03,2026-10-03,https://spherity.github.io/business-wallet-requirements/requirements/ebw-fun-056/,make publicly available the validity status of the European Business Wallet unit attestation,P3,K07 Credential lifecycle; K02 Wallet subject model,provider-side,ok,"Source id is Council but location mixes in an ARF reference (Topic 38 WURevocation_13, a SHOULD for EUDI): split location or add the ARF source. Since status is public, the extra duty is small.",
EBW-FUN-057,FUN,Functional,Wallet supports at least one remote qualified signing option,"The wallet provider shall ensure that its wallet solution supports at least one of the following options for remote qualified electronic signature creation: authentication to a signature web portal of the trust service provider, creation channelled by the wallet unit, or creation channelled by a relying party.","It fixes how a wallet reaches a remotely held qualified key; stated for the EUDI Wallet and not for the EBW, where Annex point 8 is silent on the channel.","SRC-ARF-HLR (Annex 2.02, Topic 16, QES_06)",S,standard,control,B2B; B2G; G2B,wallet provider,test,draft,pending,CON-QUALIFIED-SERVICES; CON-EBW-EUDIW,2026-10-03,2026-10-03,https://spherity.github.io/business-wallet-requirements/requirements/ebw-fun-057/,SHALL ensure that their Wallet Solution supports at least one of the following options for remote QES signature creation,P2,"K04 Key custody and wallet architecture; K08 Protocols and interfaces; K18 Planes and evidence graph (control, data, verifiable evidence)",wallet-general,ok,"Statement matches the ARF rule QES_06, which binds EUDI wallets; applies to the EBW only if adopted. Verify Topic 16 number in the ARF.",
EBW-FUN-058,FUN,Functional,Owner withdraws a user authorisation to use keys,The wallet provider shall enable the wallet owner to withdraw the authorisation of a named user to use any private key of the wallet unit and to deactivate a key held on a device that the user holds.,"Derived (criteria C1, C14 of the DEC-03 page): the proposal lets owners manage and revoke user authorisations, and the sources are silent on how that reaches a key on a device held by a departed user.","SRC-EBW-PROPOSAL (Article 5(1), point (j))",D,proposal,control,B2B; B2G; G2B,wallet provider; wallet owner,test,draft,pending,CON-WUA; CON-REVOCATION,2026-10-03,2026-10-03,https://spherity.github.io/business-wallet-requirements/requirements/ebw-fun-058/,for the European Business Wallet owner to manage and revoke such authorisations,P2,"K04 Key custody and wallet architecture; K03 Mandates, representation and delegation (employees, machines, agents); K18 Planes and evidence graph (control, data, verifiable evidence)",wallet-general,ok,"Derivation stated (C1, C14). ""Deactivate a key on a device the user holds"" goes beyond Art 5(1)(j); keep as derived. Overlaps FUN-010 and FUN-055; TRU-066 covers agents.",
EBW-FUN-059,FUN,Functional,Owner replaces the seal creation device or trust service provider,"The wallet provider shall enable the owner to replace the qualified seal or signature creation device, or the trust service provider, linked to a wallet unit with another one without replacing the wallet unit.","Derived (criterion C6 of the DEC-03 page): remote keys are generated and managed only by the trust service provider, so a change of provider means new keys and certificates, which the sources do not describe.","SRC-EBW-PROPOSAL (Annex, point 8(2))",D,proposal,control,B2B; B2G; G2B,wallet provider; wallet owner,test,draft,pending,CON-QUALIFIED-SERVICES,2026-10-03,2026-10-03,https://spherity.github.io/business-wallet-requirements/requirements/ebw-fun-059/,"local, external, or remotely managed qualified signature or seal creation devices",P3,"K04 Key custody and wallet architecture; K15 Adoption, acceptance and cross-ecosystem interoperability; K18 Planes and evidence graph (control, data, verifiable evidence)",wallet-general,reword,"""Without replacing the wallet unit"" is a design choice that the rationale itself says the sources do not describe (new keys and certificates). Verify Annex point numbering (8(2)).",
EBW-FUN-060,FUN,Functional,"Provider supplies owner name, identifier, address and country to the Commission","Providers of European Business Wallets shall provide to the Commission, upon the issuance of a European Business Wallet to an owner, the official name of the owner as stated in the national register, the unique identifier, the unique digital address or addresses and the country of establishment.","The Council text fixes the minimum data for the European Digital Directory at issuance, so that the unique identifier is bound to the owner and to the digital address (EBW-FUN-002 covers only later updates).",SRC-COUNCIL-ST-9684-26 (Article 10(3a)),L,proposal,governance,B2B; B2G,provider of European Business Wallets; Commission,inspection,draft,pending,CON-LEGAL-PERSON-ID,2026-10-03,2026-10-03,https://spherity.github.io/business-wallet-requirements/requirements/ebw-fun-060/,the official name of the European Business Wallet owner as stated in the national register of the owner's country of establishment or habitual residence,P2,K06 Identity and identifiers; K05 Trust framework and discovery,provider-side,ok,"Quote now the operative clause of Council ST 9684/26 Art 10(3a), machine-checked against the cached text. Complements FUN-002.",
EBW-GOV-001,GOV,Governance,Update of the trusted list after granting status,"When granting qualified status, the supervisory body shall inform the body referred to in Article 22(3) for updating the trusted lists not later than three months after the trust service provider's notification under Article 21(1).",Limits the delay between a decision and what relying parties can see.,"SRC-EIDAS-CONSOL (Article 21(2), third subparagraph)",L,in force,governance,B2B; B2G,Supervisory body; Trusted list operator,inspection,draft,pending,CON-TRUST-LIST; CON-TRUST-PLANE,2026-10-03,2026-10-03,https://spherity.github.io/business-wallet-requirements/requirements/ebw-gov-001/,inform the body referred to in Article 22(3) ... not later than three months after notification in accordance with paragraph 1,P3,"K05 Trust framework and discovery; K13 Governance, supervision and liability",authority-side,merge-with EBW-GOV-012,No quote; 3-month clock here conflicts with GOV-012 wording (3 months after notification). Duplicate of GOV-012.,
EBW-GOV-002,GOV,Governance,Provider establishment and control,A European Business Wallet shall be provided only by a provider that is established in the Union and not under third-country control.,Keeps core trust functions under European governance.,SRC-EBW-PROPOSAL (Article 7(2)),L,proposal,governance,B2B; B2G,Wallet provider; Supervisory body,audit,draft,pending,CON-TRUST-PLANE,2026-10-03,2026-10-03,https://spherity.github.io/business-wallet-requirements/requirements/ebw-gov-002/,"providers of European Business Wallets shall be established in the Union, have their principal place of business and main operations in the Union",P1,"K13 Governance, supervision and liability; K04 Key custody and wallet architecture; K15 Adoption, acceptance and cross-ecosystem interoperability",core,ok,No quote. 'Third-country control' undefined; testability depends on definition in the proposal.,
EBW-GOV-003,GOV,Governance,Notify validation mechanisms to the Commission,The provider of European Business Wallets shall notify the Commission without undue delay of the mechanism for validating owner identification data and of the mechanism for validating the authenticity and validity of wallets.,Lets relying parties discover how to validate.,SRC-EBW-PROPOSAL (Article 6(2)(g)),L,proposal,governance,B2B; B2G; G2B,wallet provider; Commission,inspection,draft,pending,CON-TRUST-LIST-DISCOVERY,2026-10-03,2026-10-03,https://spherity.github.io/business-wallet-requirements/requirements/ebw-gov-003/,"without undue delay, notify to the Commission",P2,"K05 Trust framework and discovery; K13 Governance, supervision and liability; K06 Identity and identifiers",provider-side,ok,,
EBW-GOV-004,GOV,Governance,Supervisory body reports list changes within 24 hours,Supervisory bodies shall inform the Commission of any changes to the information provided on notified providers within 24 hours of becoming aware of them.,Keeps the provider list current.,SRC-EBW-PROPOSAL (Article 12(1)),L,proposal,governance,G2G,supervisory body; Commission,audit,draft,pending,CON-TRUST-LIST,2026-10-03,2026-10-03,https://spherity.github.io/business-wallet-requirements/requirements/ebw-gov-004/,within 24 hours of having become aware of any changes,P3,"K13 Governance, supervision and liability; K05 Trust framework and discovery",authority-side,drop,"Authority procedure, not a wallet obligation.",
EBW-GOV-005,GOV,Governance,Removal of non-compliant provider from list,The supervisory body shall revoke the inclusion of a provider in the list where the provider no longer meets the requirements or has failed to comply with its obligations.,Enforcement lever on listing.,SRC-EBW-PROPOSAL (Article 13(5)(k)),L,proposal,governance,G2B,supervisory body,audit,draft,pending,CON-TRUST-LIST; CON-REVOCATION,2026-10-03,2026-10-03,https://spherity.github.io/business-wallet-requirements/requirements/ebw-gov-005/,revoke the inclusion in the list,P3,"K13 Governance, supervision and liability; K05 Trust framework and discovery; K17 Cross-jurisdiction identity, identifiers and assurance (EBW and non-EBW)",authority-side,ok,Revocation consequences for relying parties (status of provider) are the design-relevant part; see TRU-006.,
EBW-GOV-006,GOV,Governance,Trust service provider liability for damage,The trust service provider shall be liable for damage caused intentionally or negligently to any natural or legal person due to a failure to comply with the obligations under the Regulation.,Defines the liability baseline relying parties and business wallet users can invoke against trust service providers.,SRC-EIDAS-CONSOL (Article 13(1)),L,in force,governance,B2B; B2G,trust service provider; relying party,audit,draft,pending,CON-QUALIFIED-SERVICES,2026-10-03,2026-10-03,https://spherity.github.io/business-wallet-requirements/requirements/ebw-gov-006/,trust service providers shall be liable for damage caused intentionally or negligently to any natural or legal person,P2,"K13 Governance, supervision and liability",provider-side,ok,"Statement says 'due to failure to comply with the Regulation'; quote fragment does not show this, check Article 13(1).",
EBW-GOV-007,GOV,Governance,Presumed negligence of qualified providers,The qualified trust service provider shall carry the burden of proving that damage occurred without its intention or negligence.,"Reverses the burden of proof, which shapes liability and evidence-retention design for qualified services.","SRC-EIDAS-CONSOL (Article 13(1), third subparagraph)",L,in force,governance,B2B; B2G,qualified trust service provider,audit,draft,pending,CON-QUALIFIED-SERVICES,2026-10-03,2026-10-03,https://spherity.github.io/business-wallet-requirements/requirements/ebw-gov-007/,The intention or negligence of a qualified trust service provider shall be presumed,P2,"K13 Governance, supervision and liability; K10 Evidence, logging and audit",provider-side,merge-with EBW-GOV-006,Quote says intention or negligence is presumed; 'burden of proof' wording is an implication. Fold into GOV-006 as second sentence.,
EBW-GOV-008,GOV,Governance,Advance notice of service use limitations,The trust service provider shall inform its customers in advance of the limitations on the use of its services in a form recognisable to third parties to limit its liability.,"Usage limits only exclude liability if they are communicated and recognisable, so services must expose them.",SRC-EIDAS-CONSOL (Article 13(2)),L,in force,governance,B2B,trust service provider; customer,inspection,draft,pending,CON-TRUST-PLANE,2026-10-03,2026-10-03,https://spherity.github.io/business-wallet-requirements/requirements/ebw-gov-008/,duly inform their customers in advance of the limitations on the use of the services they provide,P3,"K13 Governance, supervision and liability; K14 Conformity, certification and assurance",provider-side,merge-with EBW-BIZ-002,"Same Article 13(2) obligation as BIZ-002; 'to limit its liability' is a purpose, not an obligation.",
EBW-GOV-009,GOV,Governance,Administrative fines for trust service infringements,"Member States shall ensure that infringements by trust service providers face to administrative fines of a maximum of at least EUR 5 000 000 for natural persons, or EUR 5 000 000 or 1 % of worldwide annual turnover (legal persons), whichever is higher.",Sets the enforcement exposure that drives provider compliance.,SRC-EIDAS-CONSOL (Article 16(2)),L,in force,governance,B2G,Member State; supervisory body,audit,draft,pending,CON-TRUST-PLANE,2026-10-03,2026-10-03,https://spherity.github.io/business-wallet-requirements/requirements/ebw-gov-009/,administrative fines of a maximum of at least,P3,"K13 Governance, supervision and liability",authority-side,drop,Quote lacks the EUR 5 000 000 and 1% figures; verify Article 16(2). Obligation lies on Member States.,
EBW-GOV-010,GOV,Governance,Withdrawal of status communicated for trusted list update,The supervisory body shall inform the qualified trust service provider and the body responsible for the trusted lists of the withdrawal of qualified status.,Keeps trusted lists consistent with actual status so relying parties get current trust anchors.,SRC-EIDAS-CONSOL (Article 20(3c)),L,in force,trust,B2G,supervisory body; trusted list operator,inspection,draft,pending,CON-TRUST-LIST; CON-QUALIFIED-SERVICES,2026-10-03,2026-10-03,https://spherity.github.io/business-wallet-requirements/requirements/ebw-gov-010/,shall inform the body notified pursuant to Article 22(3) of this Regulation for the purposes of updating the trusted lists,P3,"K05 Trust framework and discovery; K13 Governance, supervision and liability",authority-side,merge-with EBW-GOV-001,Withdrawal counterpart of GOV-001/012; merge into one 'status change communicated to list operator' requirement.,
EBW-GOV-011,GOV,Governance,Notification of intent to provide a qualified service,The trust service provider intending to start a qualified trust service shall notify the supervisory body together with a conformity assessment report.,Initiates qualified status verification with conformity evidence.,SRC-EIDAS-CONSOL (Article 21(1)),L,in force,governance,B2G,trust service provider; supervisory body,inspection,draft,pending,CON-QUALIFIED-SERVICES,2026-10-03,2026-10-03,https://spherity.github.io/business-wallet-requirements/requirements/ebw-gov-011/,shall notify the supervisory body of their intention together with a conformity assessment report,P3,"K13 Governance, supervision and liability; K14 Conformity, certification and assurance",provider-side,ok,,
EBW-GOV-012,GOV,Governance,Supervisory decision on qualified status within three months,"The supervisory body shall grant qualified status and inform the trusted list body not later than three months after notification where the provider complies, or otherwise inform the provider of the reasons for delay.",Sets a predictable time frame for onboarding of qualified providers.,SRC-EIDAS-CONSOL (Article 21(2)),L,in force,governance,B2G,supervisory body,audit,draft,pending,CON-QUALIFIED-SERVICES; CON-TRUST-LIST,2026-10-03,2026-10-03,https://spherity.github.io/business-wallet-requirements/requirements/ebw-gov-012/,not later than three months after notification in accordance with paragraph 1,P3,"K13 Governance, supervision and liability; K05 Trust framework and discovery",authority-side,ok,Absorb GOV-001. 'Or otherwise inform provider of reasons for delay' is a second obligation; consider split.,
EBW-GOV-013,GOV,Governance,Member State notification of trusted list details,"The Member State shall notify the Commission without undue delay of the body responsible for its trusted list, the publication location, the signing or sealing certificates and any changes.",Anchors discovery of national trusted lists and their verification keys.,SRC-EIDAS-CONSOL (Article 22(3)),L,in force,trust,G2G,Member State; Commission,inspection,draft,pending,CON-TRUST-LIST-DISCOVERY; CON-TRUST-LIST,2026-10-03,2026-10-03,https://spherity.github.io/business-wallet-requirements/requirements/ebw-gov-013/,"details of where such lists are published, the certificates used to sign or seal the trusted lists",P3,"K05 Trust framework and discovery; K13 Governance, supervision and liability",authority-side,ok,Design-relevant only as publication of signing certificates (trust anchors).,
EBW-GOV-014,GOV,Governance,Advance notice of service changes and cessation,The qualified trust service provider shall inform the supervisory body at least one month before any change to its qualified services and at least three months before ceasing them.,Gives supervisors and relying parties time to manage change and continuity.,SRC-EIDAS-CONSOL (Article 24(2)(a)),L,in force,governance,B2G,qualified trust service provider; supervisory body,inspection,draft,pending,CON-QUALIFIED-SERVICES,2026-10-03,2026-10-03,https://spherity.github.io/business-wallet-requirements/requirements/ebw-gov-014/,inform the supervisory body at least one month before,P3,"K13 Governance, supervision and liability; K15 Adoption, acceptance and cross-ecosystem interoperability",provider-side,split,"Two obligations with different periods (change one month, cessation three months).",
EBW-GOV-015,GOV,Governance,Financial resources or liability insurance,The qualified trust service provider shall maintain sufficient financial resources or obtain appropriate liability insurance for the risk of liability for damages.,Ensures damages claims under Article 13 can be met.,SRC-EIDAS-CONSOL (Article 24(2)(c)),L,in force,governance,B2B,qualified trust service provider,audit,draft,pending,CON-QUALIFIED-SERVICES,2026-10-03,2026-10-03,https://spherity.github.io/business-wallet-requirements/requirements/ebw-gov-015/,maintain sufficient financial resources and/or obtain appropriate liability insurance,P3,"K13 Governance, supervision and liability",provider-side,ok,Quote has 'and/or'; statement uses 'or'. Acceptable.,
EBW-GOV-016,GOV,Governance,Public issuers equivalent to qualified providers,The Member State shall ensure that public sector bodies issuing attestations meet a level of reliability and trustworthiness equivalent to qualified trust service providers under Article 24.,Aligns assurance of public issuers with qualified providers.,SRC-EIDAS-CONSOL (Article 45f(2)),L,in force,assurance,G2B; G2G,Member State; public sector body,audit,draft,pending,CON-AUTHENTIC-SOURCES,2026-10-03,2026-10-03,https://spherity.github.io/business-wallet-requirements/requirements/ebw-gov-016/,a level of reliability and trustworthiness equivalent to qualified trust service providers in accordance with Article 24,P2,"K14 Conformity, certification and assurance; K07 Credential lifecycle; K05 Trust framework and discovery",authority-side,reword,Obligation sits with Member States; check Article 45f(2) wording and that Article 24 reference is not broader than quote.,
EBW-GOV-017,GOV,Governance,Supervisory body informs of significant breaches,The supervisory body shall inform competent NIS2 authorities of significant security breaches and shall inform the public or require the provider to do so where disclosure is in the public interest.,Defines downstream breach communication.,SRC-EIDAS-CONSOL (Article 46b(4)(a)),L,in force,governance,B2G; G2G,supervisory body,audit,draft,pending,CON-TRUST-PLANE,2026-10-03,2026-10-03,https://spherity.github.io/business-wallet-requirements/requirements/ebw-gov-017/,to inform the public or require the trust service provider to do so,P3,"K11 Security, resilience and incident handling; K13 Governance, supervision and liability",authority-side,drop,,
EBW-GOV-018,GOV,Governance,Supervisor verifies termination plans,"The supervisory body shall verify the existence and correct application of provisions on termination plans, including how information is kept accessible.",Makes termination plans enforceable.,SRC-EIDAS-CONSOL (Article 46b(4)(i)),L,in force,governance,B2G,supervisory body,audit,draft,pending,CON-QUALIFIED-SERVICES,2026-10-03,2026-10-03,https://spherity.github.io/business-wallet-requirements/requirements/ebw-gov-018/,to verify the existence and correct application of provisions on termination plans,P3,"K13 Governance, supervision and liability",authority-side,drop,Provider-side counterpart is OPS-008.,
EBW-GOV-019,GOV,Governance,Annual supervisory activity report,"By 31 March each year, each supervisory body shall submit to the Commission a report on its main activities in the previous calendar year.",Transparency on supervision of wallets and trust services.,SRC-EIDAS-CONSOL (Article 46b(6)),L,in force,governance,G2G,supervisory body; Commission,audit,draft,pending,CON-TRUST-PLANE,2026-10-03,2026-10-03,https://spherity.github.io/business-wallet-requirements/requirements/ebw-gov-019/,"By 31 March each year, each supervisory body designated",P3,"K13 Governance, supervision and liability",authority-side,drop,,
EBW-GOV-020,GOV,Governance,Supervisory remedy and suspension of wallets,"Where the wallet provider does not remedy a failure, the supervisory body may order suspension or cessation of the wallet and shall inform other bodies, the Commission, relying parties and users without undue delay.",Defines the consequence path for non-compliant wallet providers.,SRC-EIDAS-CONSOL (Article 46a(5)),L,in force,governance,B2G; B2B,supervisory body; wallet provider; relying party,audit,draft,pending,CON-EBW-EUDIW,2026-10-03,2026-10-03,https://spherity.github.io/business-wallet-requirements/requirements/ebw-gov-020/,order the provider to suspend or to cease the provision of the European Digital Identity Wallet,P3,"K13 Governance, supervision and liability; K04 Key custody and wallet architecture",authority-side,ok,"Statement says 'may order... and shall inform relying parties and users'; informing is not visible in the quote. Scoped to EUDI wallet, not EBW.",
EBW-GOV-021,GOV,Governance,Suspension of relying party registration for misuse,The supervisory body shall be able to suspend or cancel the registration and inclusion of relying parties in the Article 5b(7) mechanism in case of illegal or fraudulent use of the wallet.,Enforcement lever over wallet relying parties.,SRC-EIDAS-CONSOL (Article 46a(4)(f)),L,in force,governance,B2G; B2B,supervisory body; relying party,audit,draft,pending,CON-EBW-EUDIW; CON-AUTHORITY-ACCESS,2026-10-03,2026-10-03,https://spherity.github.io/business-wallet-requirements/requirements/ebw-gov-021/,to suspend or cancel the registration and inclusion of relying parties in the mechanism referred to in Article 5b(7),P3,"K05 Trust framework and discovery; K13 Governance, supervision and liability",authority-side,ok,Applies to EUDI wallet RP registration (Art 5b(7)); EBW equivalent unclear.,
EBW-GOV-022,GOV,Governance,Registrar rejects unverifiable registrations,"Where the registrar cannot verify the required information, entitlements or power of attorney against supporting documentation or authentic sources, the registrar shall reject the registration.",Only verified entities obtain relying party status.,SRC-CIR-2025-848 (Article 6(3)-(6)),L,in force,governance,B2G,registrar,audit,draft,pending,CON-B2G-REGISTRY; CON-AUTHENTIC-SOURCES,2026-10-03,2026-10-03,https://spherity.github.io/business-wallet-requirements/requirements/ebw-gov-022/,"Where the registrar cannot verify the information in accordance with paragraphs 3 to 5, the registrar shall reject the registration.",P3,"K05 Trust framework and discovery; K06 Identity and identifiers; K17 Cross-jurisdiction identity, identifiers and assurance (EBW and non-EBW)",authority-side,ok,Registrar is an authority role; useful as input to relying party registration design.,
EBW-GOV-023,GOV,Governance,Notify within 24 hours of relying party suspension,"When a registration of a wallet-relying party is suspended or cancelled, the registrar shall inform the access certificate provider, the registration certificate provider and the relying party without undue delay and within 24 hours, including reasons and redress options.",Speeds up withdrawal of trust from a misbehaving party.,SRC-CIR-2025-848 (Article 9(5)),L,in force,governance,B2G,registrar,audit,draft,pending,CON-B2G-REGISTRY; CON-REVOCATION,2026-10-03,2026-10-03,https://spherity.github.io/business-wallet-requirements/requirements/ebw-gov-023/,not later than 24 hours after the suspension or cancellation,P3,K05 Trust framework and discovery; K07 Credential lifecycle,authority-side,reword,"Quote only supports 24-hour timing; recipients, reasons and redress options are not shown.",
EBW-GOV-024,GOV,Governance,Wallet unit provided to one specific owner,The European Business Wallet provider shall provide each European Business Wallet unit to a specific European Business Wallet owner.,Every unit has an owner who stays accountable for acts of its users.,SRC-EBW-PROPOSAL (Article 3(25)),L,proposal,trust,B2B; B2G; G2B,wallet provider; wallet owner,inspection,draft,pending,CON-LEGAL-PERSON-ID; CON-EBW-EUDIW,2026-10-03,2026-10-03,https://spherity.github.io/business-wallet-requirements/requirements/ebw-gov-024/,provided by a provider to a European Business Wallet to a specific European Business Wallet owner,P2,"K02 Wallet subject model; K13 Governance, supervision and liability",provider-side,ok,Definition turned into obligation; accountability claim in rationale not in quote.,
EBW-GOV-025,GOV,Governance,Inform representatives of the right to request revocation,"The European Business Wallet provider shall inform authorised representatives of the owner, in a clear, user-friendly, concise and accessible manner, of their right to request revocation of their wallet unit attestation.","Representatives need a stated route to stop a compromised unit, tied to the unit authentication mechanism.",SRC-EBW-PROPOSAL (Article 7(6)(c)),L,proposal,governance,B2B; B2G; G2B,wallet provider; authorised representative,inspection,draft,pending,CON-WUA; CON-REVOCATION; CON-MANDATE,2026-10-03,2026-10-03,https://spherity.github.io/business-wallet-requirements/requirements/ebw-gov-025/,"the right to request revocation of their wallet unit attestation, using the authentication mechanism provided in point 1 of the Annex",P2,K07 Credential lifecycle; K04 Key custody and wallet architecture,provider-side,merge-with EBW-GOV-026,Commission-text variant of GOV-026; also overlaps FUN-029 (in-force user revocation right). Keep only if tracking text variants.,
EBW-GOV-026,GOV,Governance,Inform owners and users of the right to request revocation,The European Business Wallet provider shall inform owners and their authorised European Business Wallet users of their right to request revocation of their European Business Wallet unit attestation.,"Council text, not the Commission proposal. The Council widens the informed group from authorised representatives to owners and users.",SRC-COUNCIL-ST-9684-26 (Article 7(6)(c)),L,proposal,governance,B2B; B2G; G2B,wallet provider; wallet owner; wallet user,inspection,draft,pending,CON-WUA; CON-REVOCATION; CON-MANDATE,2026-10-03,2026-10-03,https://spherity.github.io/business-wallet-requirements/requirements/ebw-gov-026/,"the right to request revocation of their European Business Wallet unit attestation, using the authentication mechanism provided for in point 1 of the Annex",P2,K07 Credential lifecycle; K04 Key custody and wallet architecture,provider-side,ok,Wider group than GOV-025; adopt one text.,
EBW-GOV-027,GOV,Governance,Mandatory EUDIW issuance limited to natural persons,"Each Member State shall provide at least one European Digital Identity Wallet to natural persons, the mandatory issuance relating only to natural persons.","Legal persons are served by the business wallet, not by the personal wallet.",SRC-EBW-PROPOSAL (Recital (55) and Article 20(1)),L,proposal,governance,B2C; G2B; B2G,Member State,inspection,draft,pending,CON-EBW-EUDIW,2026-10-03,2026-10-03,https://spherity.github.io/business-wallet-requirements/requirements/ebw-gov-027/,ensure that the mandatory issuance of European Digital Identity Wallets relates only to natural persons,P3,"K02 Wallet subject model; K15 Adoption, acceptance and cross-ecosystem interoperability",authority-side,reword,Clarifies scope rather than creating obligation; quote only says issuance relates only to natural persons.,
EBW-GOV-028,GOV,Governance,Wallet authorisations do not create legal powers,"The European Business Wallet provider shall treat authorisations granted through the wallet as technical and as not creating, limiting or otherwise affecting any power of attorney or legal mandate.","Council text, not the Commission proposal. Separates system access rights from legal capacity to represent.",SRC-COUNCIL-ST-9684-26 (Recital (18)),D,proposal,governance,B2B; B2G; G2B,wallet provider; wallet owner,analysis,draft,pending,CON-MANDATE,2026-10-03,2026-10-03,https://spherity.github.io/business-wallet-requirements/requirements/ebw-gov-028/,"to not create, limit, or otherwise affect any power of attorney or legal mandate provided under applicable national or Union law",P2,"K03 Mandates, representation and delegation (employees, machines, agents); K13 Governance, supervision and liability",core,reword,Recital 18 is not an operative text; keep shall only if operative article exists.,
EBW-GOV-029,GOV,Governance,Repeal or suspend third-country equivalence,"Where available information reveals that third-country assurances can no longer be considered equivalent, the Commission shall, to the extent necessary, repeal, amend or suspend the equivalence act by an implementing act.",Recognition of non-EU systems must be revocable when assurance drops.,SRC-EBW-PROPOSAL (Article 17(4)),L,proposal,governance,B2B; B2G; G2B,Commission,inspection,draft,pending,CON-MULTI-TRUST,2026-10-03,2026-10-03,https://spherity.github.io/business-wallet-requirements/requirements/ebw-gov-029/,"repeal, amend or suspend the act referred to in paragraphs 1 and 2 by means of an implementing act",P3,"K15 Adoption, acceptance and cross-ecosystem interoperability; K13 Governance, supervision and liability; K17 Cross-jurisdiction identity, identifiers and assurance (EBW and non-EBW)",authority-side,ok,Companion of INT-009 and INT-051.,
EBW-GOV-030,GOV,Governance,Notify supervisory body of third-country wallet requests,"Where an economic operator established outside the Union requests a European Business Wallet, the provider of European Business Wallets shall notify the request to the supervisory body of the Member State in which the provider is notified.",Gives supervisors visibility over non-EU onboarding.,SRC-EBW-PROPOSAL (Article 18(3)),L,proposal,governance,B2G; G2B,wallet provider; supervisory body,audit,draft,pending,CON-MULTI-TRUST,2026-10-03,2026-10-03,https://spherity.github.io/business-wallet-requirements/requirements/ebw-gov-030/,shall notify this request to the supervisory body of the Member State in which the provider is notified,P2,"K13 Governance, supervision and liability; K17 Cross-jurisdiction identity, identifiers and assurance (EBW and non-EBW)",provider-side,ok,"Obligation on provider, not Member State; fits provider-side.",
EBW-GOV-031,GOV,Governance,Member State checks for duplicate third-country registrations,Member States shall cooperate to ensure that providers of owner identification data can verify that an economic operator established outside the Union has not yet been issued owner identification data.,Uniqueness of third-country identities needs cross-border checking.,SRC-EBW-PROPOSAL (Article 18(6)),L,proposal,governance,G2G; G2B,Member State; owner identification data provider,audit,draft,pending,CON-LEGAL-PERSON-ID; CON-MULTI-TRUST,2026-10-03,2026-10-03,https://spherity.github.io/business-wallet-requirements/requirements/ebw-gov-031/,can verify that an economic operator established outside the Union has not yet been issued European Business Wallet owner identification data,P2,"K17 Cross-jurisdiction identity, identifiers and assurance (EBW and non-EBW); K06 Identity and identifiers; K13 Governance, supervision and liability",authority-side,ok,Related to TRU-015 and INT-007.,
EBW-GOV-032,GOV,Governance,Supervisory cooperation on third-country uniqueness,The supervisory body shall cooperate with the authorities designated under Article 46b of Regulation (EU) No 910/2014 to ensure that economic operators established outside the Union are issued only one set of owner identification data and one unique identifier.,Links wallet supervision to trust-service supervision for non-EU identities.,SRC-EBW-PROPOSAL (Article 13(5)(l)),L,proposal,governance,G2G,supervisory body,audit,draft,pending,CON-MULTI-TRUST,2026-10-03,2026-10-03,https://spherity.github.io/business-wallet-requirements/requirements/ebw-gov-032/,economic operators established outside the Union are issued only one set of European Business Wallet owner identification data,P3,"K13 Governance, supervision and liability; K17 Cross-jurisdiction identity, identifiers and assurance (EBW and non-EBW); K06 Identity and identifiers",authority-side,merge-with EBW-TRU-015,Same uniqueness objective as TRU-015 and GOV-031; statement adds 'unique identifier' beyond quote.,
EBW-GOV-033,GOV,Governance,Recognised identification means made public,Member States shall make publicly available all identification means they recognise for online company procedures.,Wallet providers and representatives need a discoverable list of the identification means each register accepts.,SRC-DIR-2019-1151 (Article 13b(3) of Directive (EU) 2017/1132 as inserted by Directive (EU) 2019/1151),L,in force,governance,B2G; G2B; B2B,Member States,inspection,draft,pending,CON-TRUST-LIST-DISCOVERY; CON-LEGAL-PERSON-ID,2026-10-03,2026-10-03,https://spherity.github.io/business-wallet-requirements/requirements/ebw-gov-033/,All identification means recognised by Member States shall be made publicly available.,P3,"K05 Trust framework and discovery; K15 Adoption, acceptance and cross-ecosystem interoperability",authority-side,ok,Discovery of accepted identification means; consumed by wallet providers.,
EBW-GOV-034,GOV,Governance,Physical presence only case by case on suspected falsification,"Member States shall ensure that the physical presence of an applicant is required only on a case-by-case basis where there are reasons to suspect identity falsification, and that all other procedure steps can be completed online.","Limits fallback to in-person identification, so a remote identification via wallet remains the default path.",SRC-DIR-2019-1151 (Article 13b(4) of Directive (EU) 2017/1132 as inserted by Directive (EU) 2019/1151),L,in force,governance,B2G; G2B; B2B,Member States,inspection,draft,pending,CON-LEGAL-PERSON-ID,2026-10-03,2026-10-03,https://spherity.github.io/business-wallet-requirements/requirements/ebw-gov-034/,may only be required on a case-by-case basis where there are reasons to suspect identity falsification,P3,"K15 Adoption, acceptance and cross-ecosystem interoperability; K06 Identity and identifiers",authority-side,ok,Quote only supports the first half ('only case-by-case'); 'all other steps online' needs source check.,
EBW-GOV-035,GOV,Governance,Companies to file changes within 15 working days,Member States shall ensure that any changes to the documents and information regarding companies are filed with the register within a period not exceeding 15 working days from the date the changes were made.,Sets a time limit that a wallet-based filing workflow and reminders for companies have to respect. Member States apply the national measures from 31 July 2028 (Article 4(2) of Directive (EU) 2025/25).,"SRC-DIR-2025-25 (Article 15(2), point (a), of Directive (EU) 2017/1132 as amended by Directive (EU) 2025/25)",L,in force,governance,B2G; G2B; B2B,Member States; companies,inspection,draft,pending,CON-B2G-REPORTING,2026-10-03,2026-10-03,https://spherity.github.io/business-wallet-requirements/requirements/ebw-gov-035/,within a period not exceeding 15 working days from the date those changes were made,P3,"K15 Adoption, acceptance and cross-ecosystem interoperability; K12 Registered delivery and notifications",authority-side,ok,Binds Member States; companies' deadline only indirect.,
EBW-GOV-036,GOV,Governance,Rejection of unconfirmed documents only after register verification,"The requesting authority shall decide not to accept a register document or EU Company Certificate only if the register from which it requested information does not confirm its origin or authenticity, and shall notify the submitter within 10 working days of the reply.",Limits refusals to unverified origin and ensures the holder is informed; relevant to relying-party behaviour. Member States apply the national measures from 31 July 2028 (Article 4(2) of Directive (EU) 2025/25).,SRC-DIR-2025-25 (Article 16e(4) of Directive (EU) 2017/1132 as inserted by Directive (EU) 2025/25),L,in force,governance,B2G,authorities,inspection,draft,pending,CON-LEGAL-PERSON-ID,2026-10-03,2026-10-03,https://spherity.github.io/business-wallet-requirements/requirements/ebw-gov-036/,only if their origin or authenticity is not confirmed by the register from which it requested information,P2,"K15 Adoption, acceptance and cross-ecosystem interoperability; K05 Trust framework and discovery; K12 Registered delivery and notifications",relying-party-side,split,Quote covers only refusal condition; 10-day notice must be checked.,
EBW-GOV-037,GOV,Governance,Self-assessment report instead of certification,"An applicant for notification as a provider of European Business Wallets shall demonstrate conformity with the requirements of Articles 5, 6 and 7 and the Annex through a self-assessment report.","The Council text replaces the declaration of conformity with a self-assessment, so no certificate of the key custody components is required.",SRC-COUNCIL-ST-9684-26 (Article 11(2aa)),L,proposal,governance,B2G; G2B,wallet provider; supervisory body,audit,draft,pending,CON-EBW-EUDIW,2026-10-03,2026-10-03,https://spherity.github.io/business-wallet-requirements/requirements/ebw-gov-037/,"demonstrate conformity with the requirements in Article 5, 6, 7 and the Annex through a self-assessment report",P2,"K14 Conformity, certification and assurance; K13 Governance, supervision and liability",provider-side,ok,"Council general approach, not adopted law; conflicts with certification elsewhere (CER set).",
EBW-GOV-038,GOV,Governance,Risk assessment of the whole wallet solution,"An applicant for notification as a provider of European Business Wallets shall perform a risk assessment covering the wallet solution as a whole, including risks from design, development, deployment, operation, maintenance, interoperability, dependencies and termination.",The risk assessment is where the choice of key custody architecture has to be justified.,SRC-COUNCIL-ST-9684-26 (Article 11(2a)),L,proposal,governance,B2G; G2B,wallet provider; supervisory body,audit,draft,pending,CON-EBW-EUDIW,2026-10-03,2026-10-03,https://spherity.github.io/business-wallet-requirements/requirements/ebw-gov-038/,perform a risk assessment covering the European Business Wallet solution they intend to provide as a whole,P2,"K11 Security, resilience and incident handling; K04 Key custody and wallet architecture; K14 Conformity, certification and assurance",provider-side,ok,Council text; confirm it survives trilogue.,
EBW-GOV-039,GOV,Governance,Update the self-assessment every 24 months or on trigger,"The provider of European Business Wallets shall update its self-assessment every 24 months, and immediately where a significant incident occurred, a substantial change was made to architecture, security functions, cryptographic components, critical suppliers or core functionalities, a function affecting security, validity, authenticity or portability was suspended, revoked or materially modified, or the risk assessment identifies a new risk.","It keeps the conformity evidence current when keys, devices or suppliers change.",SRC-COUNCIL-ST-9684-26 (Article 7(6b)),L,proposal,governance,B2G; G2B,wallet provider,audit,draft,pending,CON-EBW-EUDIW,2026-10-03,2026-10-03,https://spherity.github.io/business-wallet-requirements/requirements/ebw-gov-039/,every 24 months or immediately where,P3,"K14 Conformity, certification and assurance; K11 Security, resilience and incident handling",provider-side,split,Two obligations: periodic and event-triggered update.,
EBW-GOV-040,GOV,Governance,Document the per-issuer index reuse option,The wallet provider shall document in its privacy policy whether it uses the per-issuer reuse option for wallet instance revocation.,"Reuse lets the provider count the issuers a unit has contacted, which users need to know.","SRC-CIR-2026-1731 (Annex III (new Annex Ib), point 2(e), R_WIA-2)",L,in force,governance,B2B; B2G; G2B,wallet provider,inspection,draft,pending,CON-REVOCATION; CON-PRIVACY,2026-10-03,2026-10-03,https://spherity.github.io/business-wallet-requirements/requirements/ebw-gov-040/,"In its privacy policy, a wallet provider shall document whether it uses the 'per-issuer reuse' option for wallet instance revocation.",P3,K09 Privacy and data protection; K07 Credential lifecycle,wallet-general,ok,EUDI profile; business wallet relevance open.,
EBW-GOV-041,GOV,Governance,Policy for issuing and managing instance and key attestations,"The wallet provider shall have a policy governing all aspects of the issuance and management of wallet instance attestations and key attestations, distinguishing instance attestations, key attestations for secure devices and key attestations for keystores.",The policy is the evidence base for the trust that issuers place in the attestations.,"SRC-ARF-HLR (Annex 2.02, Topic 38, WURevocation_03)",S,standard,governance,B2B; B2G; G2B,wallet provider,inspection,draft,pending,CON-WUA; CON-REVOCATION,2026-10-03,2026-10-03,https://spherity.github.io/business-wallet-requirements/requirements/ebw-gov-041/,SHALL have a policy governing all aspects of WIA and KA issuance and management,P3,"K04 Key custody and wallet architecture; K13 Governance, supervision and liability",wallet-general,ok,Related to TRU-105; standard-derived; business wallet relevance open.,
EBW-GOV-042,GOV,Governance,No units provided or activated under a suspended wallet solution,"Member States shall ensure that no wallet units are provided, used or activated under a suspended wallet solution.",It is the immediate effect of a breach on the units of one solution.,SRC-CIR-2025-847 (Article 4(1)),L,in force,governance,G2B; G2G,Member State,audit,draft,pending,CON-WUA; CON-REVOCATION,2026-10-03,2026-10-03,https://spherity.github.io/business-wallet-requirements/requirements/ebw-gov-042/,"Member States shall ensure that no wallet units are provided, used or activated under the suspended wallet solution.",P3,"K13 Governance, supervision and liability; K07 Credential lifecycle",authority-side,ok,,
EBW-GOV-043,GOV,Governance,Evaluate revoking unit attestations within 24 hours of suspension,"Member States shall, no later than 24 hours after suspending a wallet solution, evaluate whether revoking the wallet unit attestations of the affected units, or any other additional remedy, is necessary.",It limits the time during which units of a suspended solution stay usable without a decision.,SRC-CIR-2025-847 (Article 4(2) and 4(3)),L,in force,governance,G2B; G2G,Member State,audit,draft,pending,CON-WUA; CON-REVOCATION,2026-10-03,2026-10-03,https://spherity.github.io/business-wallet-requirements/requirements/ebw-gov-043/,no later than 24 hours after the suspension of the provision and the use of the wallet solution,P3,"K13 Governance, supervision and liability; K07 Credential lifecycle",authority-side,ok,Quote shows only the 24-hour timing; the evaluation duty is in 4(2)-(3).,
EBW-GOV-044,GOV,Governance,Withdraw and revoke an unremedied solution within 72 hours,"Where a security breach leading to the suspension of a wallet solution is not remedied within three months, the Member State shall ensure the solution is withdrawn and its validity revoked without undue delay and in any event within 72 hours after the three months expired.",It puts a hard time limit on the end of a failed wallet solution.,SRC-CIR-2025-847 (Article 8(1)),L,in force,governance,G2B; G2G,Member State,audit,draft,pending,CON-WUA; CON-REVOCATION,2026-10-03,2026-10-03,https://spherity.github.io/business-wallet-requirements/requirements/ebw-gov-044/,within 72 hours after the period of three months has expired,P3,"K13 Governance, supervision and liability; K07 Credential lifecycle",authority-side,ok,,
EBW-GOV-045,GOV,Governance,Public policy on PID validity status management,"Each provider of person identification data shall have written and publicly accessible policies relating to validity status management, including the conditions under which the data can be revoked without delay.",Relying parties and holders need to know when a credential is revoked.,SRC-CIR-2024-2977 (Article 5(1)),L,in force,governance,B2B; B2G; G2B,PID provider,inspection,draft,pending,CON-REVOCATION,2026-10-03,2026-10-03,https://spherity.github.io/business-wallet-requirements/requirements/ebw-gov-045/,written and publicly accessible policies relating to validity status management,P2,"K07 Credential lifecycle; K13 Governance, supervision and liability",provider-side,ok,PID-specific; applies to wallet-general profile.,
EBW-GOV-046,GOV,Governance,No BPN for natural persons or hierarchy elements,"The BPN issuing organisation shall not issue a BPNL, BPNS or BPNA for a natural person who acts for a legal entity and is not a legal entity on their own.",BPN identifies organisations and their parts only; persons acting for them are outside the identifier scheme.,SRC-CX-0010 (Section 2.1),S,ecosystem,governance,B2B; M2M,BPN issuing organisation,inspection,draft,pending,CON-LEGAL-PERSON-ID; CON-CROSS-SECTOR; CON-MANDATE,2026-10-03,2026-10-03,https://spherity.github.io/business-wallet-requirements/requirements/ebw-gov-046/,"MUST NOT issue BPNLs, BPNSs or BPNAs for the following real-world entities",P3,"K17 Cross-jurisdiction identity, identifiers and assurance (EBW and non-EBW); K06 Identity and identifiers; K02 Wallet subject model",provider-side,ok,Title says 'or hierarchy elements' while the statement covers only natural persons acting for a legal entity: fix title or statement. Aligns with EBW distinction of legal person subject versus natural-person representative (K02).,
EBW-GOV-047,GOV,Governance,OSP collects name and address with country,The onboarding service provider shall collect at least the company name and the full address including country of the prospective participant such that the legal entity can be unambiguously identified.,Country is the entry point for jurisdiction-specific identifier rules.,SRC-CX-0006 (Section 2.1),S,ecosystem,governance,B2B; M2M,onboarding service provider,inspection,draft,pending,CON-LEGAL-PERSON-ID; CON-CROSS-SECTOR,2026-10-03,2026-10-03,https://spherity.github.io/business-wallet-requirements/requirements/ebw-gov-047/,company name and full address including country such that the legal entity can be unambiguously identified,P2,"K17 Cross-jurisdiction identity, identifiers and assurance (EBW and non-EBW); K06 Identity and identifiers; K03 Mandates, representation and delegation (employees, machines, agents)",provider-side,ok,Duty-holder is the onboarding service provider (OSP); EBW analogue is the provider capturing legal-address country.,
EBW-GOV-048,GOV,Governance,CSP-B checks that the participant is not already onboarded,The core service provider-B shall verify that the prospective participant is not already onboarded.,One legal entity corresponds to one participant identity.,SRC-CX-0006 (Section 2.3),S,ecosystem,governance,B2B; M2M,core service provider-B,inspection,draft,pending,CON-LEGAL-PERSON-ID; CON-CROSS-SECTOR,2026-10-03,2026-10-03,https://spherity.github.io/business-wallet-requirements/requirements/ebw-gov-048/,verify that the prospective participant is not already onboarded,P3,"K06 Identity and identifiers; K17 Cross-jurisdiction identity, identifiers and assurance (EBW and non-EBW)",provider-side,ok,Cross-reference DAT-036 (de-duplication).,
EBW-GOV-049,GOV,Governance,Revocation authority for mandate attestations is set by law,Only entities authorised under applicable legislation shall revoke a power of attorney or power of representation attestation.,"The rulebook lists issuer, qualified trust service provider, principal, authority, court and authentic source operator as examples, but leaves the authority to the applicable law.","SRC-WEBUILD-RB (rulebooks/rb-poa-pox.md, section 6.7 (Authorized Revocation Actors))",S,ecosystem,governance,B2B; B2G,attestation issuer; wallet owner; competent authority,inspection,draft,pending,CON-MANDATE; CON-REVOCATION,2026-10-03,2026-10-03,https://spherity.github.io/business-wallet-requirements/requirements/ebw-gov-049/,The revocation authority SHALL be defined by applicable legislation.,P3,"K03 Mandates, representation and delegation (employees, machines, agents); K07 Credential lifecycle",provider-side,reword,"Verified against registered commit de79cca (rulebooks/rb-poa-pox.md, v0.7) and v0.8 of 2026-09-04: section and quote unchanged. Statement still stronger than the quote (""Only authorized entities SHALL revoke"" is in 6.7, authority by law): reword stays proposed.",
EBW-GOV-050,GOV,Governance,Self-assessment states the custody models and device evidence,"An applicant for notification as a European Business Wallet provider shall state in its self-assessment report, for each custody model it offers, the secure cryptographic device used and the evidence of the evaluation of that device.","Derived (criterion C8 of the DEC-03 page): the Council text asks for a self-assessment report and no text requires a device certificate, so the report is the only place where key custody evidence can be demanded.",SRC-COUNCIL-ST-9684-26 (Article 11(2aa)),D,proposal,governance,B2B; B2G; G2B,wallet provider; supervisory body,audit,draft,pending,CON-TRUST-PLANE; CON-WUA,2026-10-03,2026-10-03,https://spherity.github.io/business-wallet-requirements/requirements/ebw-gov-050/,"Applicants shall demonstrate conformity with the requirements in Article 5, 6, 7 and the Annex through a self-assessment report",P2,"K04 Key custody and wallet architecture; K13 Governance, supervision and liability; K14 Conformity, certification and assurance",provider-side,ok,"Derivation stated (C8). Quote supports a self-assessment report, not its content. Related CER-023, TRU-169.",
EBW-GOV-051,GOV,Governance,Key-holding parties meet the establishment condition,A wallet provider shall ensure that any party that operates a hardware security module or a remote device holding private keys of its wallet units on its behalf is established in the Union and is not subject to control by a third country or a third-country entity.,"Derived (criterion C11 of the DEC-03 page): Article 7(2) binds the provider, and Article 7(5) asks suppliers only for security standards, so a third-country key custodian is not excluded by the text; to verify against the final text.",SRC-EBW-PROPOSAL (Article 7(2)),D,proposal,governance,B2B; B2G; G2B,wallet provider,audit,draft,pending,CON-TRUST-PLANE,2026-10-03,2026-10-03,https://spherity.github.io/business-wallet-requirements/requirements/ebw-gov-051/,they shall not be subject to control by a third country or by a third-country entity,P2,"K04 Key custody and wallet architecture; K13 Governance, supervision and liability",provider-side,ok,"Statement extends Art 7(2) from the provider to its suppliers: this is derivation, not text (Art 7(5) asks suppliers only for security standards). Overlaps GOV-002. Do not cite as law.",
EBW-GOV-052,GOV,Governance,Implementing act on unique identifiers within one year,"The Commission shall, by means of implementing acts adopted within one year after entry into force of the Regulation, establish specifications, requirements and procedures for the unique identifier created where no European Unique Identifier exists, including measures ensuring that no owner is attributed more than one unique identifier.",The Council text sets a one-year deadline for the identifier specification that the Commission proposal (EBW-INT-007) leaves open; the EBWOID format depends on it.,SRC-COUNCIL-ST-9684-26 (Article 9(4)),L,proposal,governance,B2B; B2G,Commission,inspection,draft,pending,CON-LEGAL-PERSON-ID,2026-10-03,2026-10-03,https://spherity.github.io/business-wallet-requirements/requirements/ebw-gov-052/,"insert the date – 1 year after entry into force of this Regulation] the Commission shall, by means of implementing acts, establish",P3,"K06 Identity and identifiers; K13 Governance, supervision and liability",authority-side,merge-with EBW-INT-007,"The Council date is bracketed (""[insert the date - 1 year ...]""), so the one-year deadline is a placeholder, not settled. Add the deadline to INT-007.",
EBW-GOV-053,GOV,Governance,Assessment criteria before recognising a third-country wallet framework,"Before adopting an implementing act that recognises a third-country solution, system or framework as equivalent, the Commission shall assess it, taking into account at least data protection standards, compliance with cybersecurity requirements and the independence of the third-country system and its providers from the control of high-risk governments.",The Council text names the assessment criteria; the Commission proposal (EBW-INT-009) only requires an assessment of equivalence.,SRC-COUNCIL-ST-9684-26 (Article 17(3)),L,proposal,governance,B2B; B2G,Commission,inspection,draft,pending,CON-MULTI-TRUST; CON-TRUST-LIST,2026-10-03,2026-10-03,https://spherity.github.io/business-wallet-requirements/requirements/ebw-gov-053/,"data protection standards, compliance with cybersecurity requirements and the independence of the third-country system and its providers from the control of high-risk governments",P3,"K17 Cross-jurisdiction identity, identifiers and assurance (EBW and non-EBW); K05 Trust framework and discovery",authority-side,merge-with EBW-INT-009,Same Art 17(3); adds the Council criteria. Fold into INT-009.,
EBW-GOV-054,GOV,Governance,Supervisory body as liaison for owner identification data providers,"The national supervisory body shall act as the main liaison office for providers of owner identification data, facilitating access to information from relevant national authorities and registries where necessary for issuing owner identification data and unique identifiers.","Providers need registry access in other Member States to issue the EUID-based identification data; the Council text deletes this task, so the status is open (to verify against the outcome of the trilogue).","SRC-EBW-PROPOSAL (Article 13(4), point (b))",L,proposal,governance,B2B; B2G; G2B,supervisory body; provider of owner identification data,inspection,draft,pending,CON-AUTHENTIC-SOURCES; CON-LEGAL-PERSON-ID,2026-10-03,2026-10-03,https://spherity.github.io/business-wallet-requirements/requirements/ebw-gov-054/,"act as the main liaison office for providers of European Business Wallet owner identification data, facilitating access to information from relevant national authorities and registries",P3,"K13 Governance, supervision and liability; K06 Identity and identifiers",authority-side,ok,Commission Art 13(4)(b) only; the Council text deletes it. Mark open until trilogue outcome.,
EBW-GOV-055,GOV,Governance,Segregation of duties in access rights,"Where the wallet owner is a financial entity, it shall include in its access control policy the segregation of duties designed to prevent unjustified access to critical data and the allocation of combinations of access rights that may be used to circumvent controls.","Derived; the duty lies on financial entities and reaches the wallet through the owner's authorisation model. It is the source-backed basis for approval by a second person, which no Union text prescribes for wallet use as such.","SRC-DORA-RTS-1774 (Article 21, first paragraph, point (b))",D,in force,governance,B2B,financial entity; wallet owner,audit,draft,pending,CON-MANDATE; CON-CONTROL-PLANE,2026-10-03,2026-10-03,https://spherity.github.io/business-wallet-requirements/requirements/ebw-gov-055/,the segregation of duties designed to prevent unjustified access to critical data or to prevent the allocation of combinations of access rights,P2,"K03 Mandates, representation and delegation (employees, machines, agents); K02 Wallet subject model; K11 Security, resilience and incident handling",horizontal,reword,Quote reads 'or' between the two purposes of the segregation; statement says 'and'. Duty-holder is the financial entity; reaches the wallet only through the owner's authorisation model (D stated).,
EBW-GOV-056,GOV,Governance,Trust service provider segregates conflicting duties,"Where the wallet provider operates as a trust service provider, it shall segregate conflicting duties and areas of responsibility to reduce opportunities for unauthorised or unintentional modification or misuse of its assets.",Derived; the clause binds the trust service provider and reaches the wallet provider only where it acts as one. It is the provider-side counterpart of approval by more than one person for sensitive operations.,"SRC-ETSI-EN-319401 (Clause 7.1.2, REQ-7.1.2-01)",D,standard,governance,B2B; B2G,wallet provider; trust service provider,audit,draft,pending,CON-QUALIFIED-SERVICES,2026-10-03,2026-10-03,https://spherity.github.io/business-wallet-requirements/requirements/ebw-gov-056/,Conflicting duties and areas of responsibility shall be segregated to reduce opportunities for unauthorized or unintentional modification or misuse,P2,"K13 Governance, supervision and liability; K11 Security, resilience and incident handling; K03 Mandates, representation and delegation (employees, machines, agents)",provider-side,ok,Derived: duty binds the TSP and reaches the wallet provider only when it acts as one. Counterpart of multi-person approval.,
EBW-GOV-057,GOV,Governance,Limit generic and shared accounts so that users stay identifiable,"Where the wallet owner is a financial entity, its access control policy shall include a provision on user accountability that limits, to the extent possible, the use of generic and shared user accounts and ensures that users are identifiable for the actions performed.",Derived; a shared technical account for several machines or employees would break attribution of acts to the owner in the log.,"SRC-DORA-RTS-1774 (Article 21, first paragraph, point (c))",D,in force,governance,B2B; M2M,financial entity; wallet owner,audit,draft,pending,CON-MANDATE,2026-10-03,2026-10-03,https://spherity.github.io/business-wallet-requirements/requirements/ebw-gov-057/,by limiting to the extent possible the use of generic and shared user accounts and ensuring that users are identifiable,P2,"K03 Mandates, representation and delegation (employees, machines, agents); K10 Evidence, logging and audit; K02 Wallet subject model",horizontal,ok,"Source says 'limiting to the extent possible', statement keeps that softening. Financial entities only.",
EBW-INT-001,INT,Interoperability and semantics,Issuance and presentation protocols in the WE BUILD pilot,"In the WE BUILD pilot, PID/LPID and EAA providers shall implement OpenID4VCI 1.0, relying parties shall implement OpenID4VP 1.0, and wallet providers shall implement both in wallet solutions; proximity flows are out of scope.","Gives pilot participants one protocol profile so that wallets, issuers and verifiers can be tested together.","SRC-WEBUILD-ARCH (adr/base-protocols.md, sections Context and Decision)",S,ecosystem,data,B2B; B2G,Issuer; Wallet provider; Relying party,test,draft,pending,CON-DATA-PLANE,2026-10-03,2026-10-03,https://spherity.github.io/business-wallet-requirements/requirements/ebw-int-001/,Relying Parties MUST implement OpenID4VP version 1.0,P3,"K08 Protocols and interfaces; K15 Adoption, acceptance and cross-ecosystem interoperability",wallet-general,drop,"Pilot-specific protocol pinning, S provenance; not a legal obligation or technology-neutral requirement. Move to architecture decision record.",
EBW-INT-002,INT,Interoperability and semantics,Secure sharing with wallets and relying parties,The European Business Wallet shall enable the owner to request and share owner identification data and electronic attestations of attributes in a secured way between European Business Wallets and European Digital Identity Wallets and with relying parties.,"Ensures interoperability between business wallets, personal wallets and relying parties.",SRC-EBW-PROPOSAL (Article 5(1)(c)),L,proposal,data,B2B; B2G; B2C,wallet provider; wallet owner; relying party; EUDI wallet,test,draft,pending,CON-EBW-EUDIW; CON-DATA-PLANE,2026-10-03,2026-10-03,https://spherity.github.io/business-wallet-requirements/requirements/ebw-int-002/,request and share European Business Wallet owner identification data and electronic attestations of attributes in a secured way,P1,"K08 Protocols and interfaces; K15 Adoption, acceptance and cross-ecosystem interoperability; K18 Planes and evidence graph (control, data, verifiable evidence)",core,ok,Overlaps FUN-003 (share/present) and FUN-009; not distinct enough.,
EBW-INT-003,INT,Interoperability and semantics,Unique digital address per owner,The provider of European Business Wallets shall assign to each owner at least one unique digital address for the qualified electronic registered delivery service and the European Digital Directory.,Addressing enables delivery and discovery.,SRC-EBW-PROPOSAL (Article 6(1)(j)),L,proposal,data,B2B; B2G,wallet provider; wallet owner,inspection,draft,pending,CON-B2G-REGISTRY,2026-10-03,2026-10-03,https://spherity.github.io/business-wallet-requirements/requirements/ebw-int-003/,assigning to each European Business Wallet owner,P1,"K12 Registered delivery and notifications; K06 Identity and identifiers; K18 Planes and evidence graph (control, data, verifiable evidence)",core,recategorise FUN,"""At least one unique digital address"" is testable; belongs with delivery functions.",
EBW-INT-004,INT,Interoperability and semantics,Owner identification data format and type,"The provider of owner identification data shall issue it in a format compliant with a standard listed in Annex II of Implementing Regulation (EU) 2024/2979, as a qualified attestation, a public-sector authentic-source attestation or a Commission attestation depending on issuer type.",Aligns owner identification with the attestation framework.,SRC-EBW-PROPOSAL (Article 8(3)),L,proposal,trust,B2B; B2G,owner identification data provider,inspection,draft,pending,CON-LEGAL-PERSON-ID; CON-QUALIFIED-SERVICES,2026-10-03,2026-10-03,https://spherity.github.io/business-wallet-requirements/requirements/ebw-int-004/,issued in a format compliant with one of the standards listed in Annex II of Commission Implementing Regulation (EU) 2024/2979,P2,"K01 Credential data model and formats; K06 Identity and identifiers; K17 Cross-jurisdiction identity, identifiers and assurance (EBW and non-EBW)",provider-side,reword,Mixes standard conformity and three issuer-type mappings; ambiguous grammar.,
EBW-INT-005,INT,Interoperability and semantics,Minimum attributes of owner identification data,"European Business Wallet owner identification data shall contain at least the official name of the economic operator or public sector body as recorded in the register or official record, and its unique identifier.",Defines the minimum legal-entity identity.,SRC-EBW-PROPOSAL (Article 8(5)),L,proposal,data,B2B; B2G,owner identification data provider,inspection,draft,pending,CON-LEGAL-PERSON-ID,2026-10-03,2026-10-03,https://spherity.github.io/business-wallet-requirements/requirements/ebw-int-005/,contain at least the following attributes,P1,"K06 Identity and identifiers; K01 Credential data model and formats; K18 Planes and evidence graph (control, data, verifiable evidence)",core,recategorise FUN,,
EBW-INT-006,INT,Interoperability and semantics,EUID as unique identifier where available,"Where an economic operator has been attributed a European Unique Identifier, that identifier shall be used as the unique identifier in its owner identification data.",Reuses the existing business register identifier.,SRC-EBW-PROPOSAL (Article 9(1)),L,proposal,data,B2B; B2G,owner identification data provider,inspection,draft,pending,CON-LEGAL-PERSON-ID,2026-10-03,2026-10-03,https://spherity.github.io/business-wallet-requirements/requirements/ebw-int-006/,that identifier shall be used as the unique identifier,P1,"K06 Identity and identifiers; K17 Cross-jurisdiction identity, identifiers and assurance (EBW and non-EBW); K18 Planes and evidence graph (control, data, verifiable evidence)",core,ok,Merge candidate with INT-007 (identifier assignment rule pair).,
EBW-INT-007,INT,Interoperability and semantics,Single unique identifier per owner,"Where no European Unique Identifier exists, a unique identifier shall be created per the implementing act, including measures ensuring that no owner is attributed more than one unique identifier.",Prevents duplicate identities.,SRC-EBW-PROPOSAL (Article 9(2) and 9(4)),L,proposal,data,B2B; B2G,owner identification data provider; Commission,inspection,draft,pending,CON-LEGAL-PERSON-ID,2026-10-03,2026-10-03,https://spherity.github.io/business-wallet-requirements/requirements/ebw-int-007/,including measures to ensure that European Business Wallet owners are not attributed more than one unique identifier,P1,"K06 Identity and identifiers; K17 Cross-jurisdiction identity, identifiers and assurance (EBW and non-EBW); K18 Planes and evidence graph (control, data, verifiable evidence)",core,split,Combines creation rule and no-duplicate guarantee; implementing act not yet defined.,
EBW-INT-008,INT,Interoperability and semantics,Directory with API and portal interfaces,The European Digital Directory shall provide a machine-readable interface exposed through an API for automated system-to-system communication and a secure web-based portal for authenticated and authorised users.,Supports both automated and human use.,SRC-EBW-PROPOSAL (Article 10(1)),L,proposal,data,B2B; B2G; M2M,Commission; wallet owner,test,draft,pending,CON-B2G-REGISTRY; CON-TRUST-LIST-DISCOVERY,2026-10-03,2026-10-03,https://spherity.github.io/business-wallet-requirements/requirements/ebw-int-008/,a machine-readable interface exposed through an API for automated system-to-system communication,P2,"K08 Protocols and interfaces; K06 Identity and identifiers; K18 Planes and evidence graph (control, data, verifiable evidence)",authority-side,split,API and web portal are two obligations; actor is the Directory (Commission).,
EBW-INT-009,INT,Interoperability and semantics,Equivalence of third-country wallets,"The Commission shall assess equivalence of assurances before adopting an implementing act recognising third-country business wallets, which shall be interoperable with the eIDAS trust framework and support at least identification, authentication and attestation exchange.",Conditions for cross-border recognition.,SRC-EBW-PROPOSAL (Article 17(1) and 17(3)),L,proposal,trust,B2B; B2G,Commission,analysis,draft,pending,CON-MULTI-TRUST; CON-CROSS-SECTOR,2026-10-03,2026-10-03,https://spherity.github.io/business-wallet-requirements/requirements/ebw-int-009/,interoperable with the trust framework laid down in Regulation (EU) 910/2014,P3,"K15 Adoption, acceptance and cross-ecosystem interoperability; K05 Trust framework and discovery; K17 Cross-jurisdiction identity, identifiers and assurance (EBW and non-EBW)",authority-side,split,Procedural duty plus conditions on future act; no wallet design impact.,
EBW-INT-010,INT,Interoperability and semantics,Cross-border recognition of qualified services,"The Member State shall recognise qualified electronic seals, qualified certificates and qualified electronic attestations of attributes issued in another Member State as equivalent qualified items.",Underpins cross-border acceptance by business wallet counterparties.,"SRC-EIDAS-CONSOL (Article 24a(1), (9))",L,in force,trust,B2B; B2G,Member State,analysis,draft,pending,CON-QUALIFIED-SERVICES; CON-MULTI-TRUST,2026-10-03,2026-10-03,https://spherity.github.io/business-wallet-requirements/requirements/ebw-int-010/,shall be recognised as a qualified electronic attestation of attributes in all other Member States,P2,"K15 Adoption, acceptance and cross-ecosystem interoperability; K05 Trust framework and discovery",authority-side,ok,"Aggregates three item types; Art 24a(1),(9) may differ per item.",
EBW-INT-011,INT,Interoperability and semantics,No higher level than qualified signature across borders,"The Member State shall not require, for cross-border use of a public sector online service, an electronic signature of a higher security level than the qualified electronic signature.",Caps acceptance demands on business users in B2G flows.,SRC-EIDAS-CONSOL (Article 27(3)),L,in force,trust,B2G,Member State; public sector body,analysis,draft,pending,CON-QUALIFIED-SERVICES,2026-10-03,2026-10-03,https://spherity.github.io/business-wallet-requirements/requirements/ebw-int-011/,shall not request for cross-border use in an online service offered by a public sector body an electronic signature at a higher security level,P3,"K15 Adoption, acceptance and cross-ecosystem interoperability; K14 Conformity, certification and assurance",authority-side,ok,"Applies to Member States only, no wallet design effect.",
EBW-INT-012,INT,Interoperability and semantics,Qualified seal certificates meet Annex III,The qualified certificate for electronic seals shall meet the requirements of Annex III and shall not be subject to mandatory requirements beyond them.,Keeps seal certificate profiles interoperable.,"SRC-EIDAS-CONSOL (Article 38(1), (2))",L,in force,trust,B2B; B2G,qualified trust service provider,inspection,draft,pending,CON-QUALIFIED-SERVICES,2026-10-03,2026-10-03,https://spherity.github.io/business-wallet-requirements/requirements/ebw-int-012/,shall not be subject to any mandatory requirements exceeding the requirements laid down in Annex III,P2,"K14 Conformity, certification and assurance; K01 Credential data model and formats",provider-side,ok,Two obligations (meet Annex III; no additional mandatory requirements); second is prohibition on states.,
EBW-INT-013,INT,Interoperability and semantics,Conformity-assessed interoperability of delivery services,"When providers of qualified electronic registered delivery services agree on interoperability, the framework shall comply with Article 44(1) and its compliance shall be confirmed by a conformity assessment body.",Governs interconnection between delivery providers.,SRC-EIDAS-CONSOL (Article 44(2a)),L,in force,data,B2B; B2G,qualified trust service provider; conformity assessment body,certification,draft,pending,CON-QUALIFIED-SERVICES,2026-10-03,2026-10-03,https://spherity.github.io/business-wallet-requirements/requirements/ebw-int-013/,such compliance shall be confirmed by a conformity assessment body,P3,"K12 Registered delivery and notifications; K14 Conformity, certification and assurance; K17 Cross-jurisdiction identity, identifiers and assurance (EBW and non-EBW)",provider-side,ok,"Conditional on providers agreeing; two obligations (comply, confirm by CAB).",
EBW-INT-014,INT,Interoperability and semantics,Recognition of public sector authentic source attestations,The Member State shall recognise an attestation of attributes issued by or for a public sector body responsible for an authentic source in another Member State as such an attestation.,"Enables cross-border use of official attestations, e.g. company data.",SRC-EIDAS-CONSOL (Article 45b(3)),L,in force,trust,B2G; G2B,Member State; public sector body,analysis,draft,pending,CON-AUTHENTIC-SOURCES; CON-MULTI-TRUST,2026-10-03,2026-10-03,https://spherity.github.io/business-wallet-requirements/requirements/ebw-int-014/,shall be recognised as an attestation of attributes issued by or on behalf of a public sector body responsible for an authentic source,P2,"K15 Adoption, acceptance and cross-ecosystem interoperability; K05 Trust framework and discovery; K17 Cross-jurisdiction identity, identifiers and assurance (EBW and non-EBW)",authority-side,merge-with EBW-INT-010,Same mechanism as INT-010; keep separate only if attestation type needs tracing.,
EBW-INT-015,INT,Interoperability and semantics,Qualified attestation content per Annex V,"The qualified electronic attestation of attributes shall contain a qualified indication, issuer data, subject data, attributes, validity period, unique attestation code, the issuer's qualified signature or seal, certificate location and status service location.","Defines the minimum attestation data model, including validity status pointer.","SRC-EIDAS-CONSOL (Article 45d(1), Annex V)",L,in force,data,B2B; B2G,qualified trust service provider,inspection,draft,pending,CON-QUALIFIED-SERVICES; CON-REVOCATION,2026-10-03,2026-10-03,https://spherity.github.io/business-wallet-requirements/requirements/ebw-int-015/,the information or location of the services that can be used to enquire about the validity status of the qualified attestation,P1,"K01 Credential data model and formats; K07 Credential lifecycle; K18 Planes and evidence graph (control, data, verifiable evidence)",core,split,Nine mandatory elements; test per Annex V item rather than single compound shall.,
EBW-INT-016,INT,Interoperability and semantics,No additional mandatory attestation requirements,Qualified electronic attestations of attributes shall not be subject to any mandatory requirement in addition to those of Annex V.,Prevents Member State fragmentation of attestation formats.,SRC-EIDAS-CONSOL (Article 45d(3)),L,in force,data,B2B; B2G,Member State,analysis,draft,pending,CON-QUALIFIED-SERVICES,2026-10-03,2026-10-03,https://spherity.github.io/business-wallet-requirements/requirements/ebw-int-016/,shall not be subject to any mandatory requirement in addition to the requirements laid down in Annex V,P3,"K15 Adoption, acceptance and cross-ecosystem interoperability; K01 Credential data model and formats; K18 Planes and evidence graph (control, data, verifiable evidence)",authority-side,merge-with EBW-INT-015,Prohibition on Member States; restate as constraint within INT-015 or drop.,
EBW-INT-017,INT,Interoperability and semantics,Public sector attestation content and certified attributes,The public sector body issuing an attestation shall include the Annex VII content and use a qualified certificate indicating its legal basis as responsible for the authentic source and data identifying that source.,Lets relying parties verify the issuer's authority over the source.,SRC-EIDAS-CONSOL (Article 45f(1)),L,in force,trust,B2G; G2B,public sector body; relying party,inspection,draft,pending,CON-AUTHENTIC-SOURCES; CON-QUALIFIED-SERVICES,2026-10-03,2026-10-03,https://spherity.github.io/business-wallet-requirements/requirements/ebw-int-017/,indicating that the issuing body is established in accordance with Union or national law as the responsible for the authentic source,P2,K01 Credential data model and formats; K05 Trust framework and discovery; K06 Identity and identifiers,provider-side,split,"Combines Annex VII content, qualified certificate, legal basis and source identification.",
EBW-INT-018,INT,Interoperability and semantics,Wallet interface of public sector attestation issuers,The public sector body issuing electronic attestations of attributes shall provide an interface with European Digital Identity Wallets.,Required for wallets to obtain official attestations.,SRC-EIDAS-CONSOL (Article 45f(8)),L,in force,data,G2B; B2G,public sector body; wallet provider,test,draft,pending,CON-EBW-EUDIW; CON-AUTHENTIC-SOURCES,2026-10-03,2026-10-03,https://spherity.github.io/business-wallet-requirements/requirements/ebw-int-018/,shall provide an interface with European Digital Identity Wallets,P2,K08 Protocols and interfaces; K07 Credential lifecycle,provider-side,merge-with EBW-INT-019,Same obligation as INT-019 for a different issuer type; ensure interface requirement mapped to protocols.,
EBW-INT-019,INT,Interoperability and semantics,Wallet interface of qualified attestation providers,The provider of qualified electronic attestations of attributes shall provide an interface with European Digital Identity Wallets.,Required for wallets to receive qualified attestations.,SRC-EIDAS-CONSOL (Article 45g(2)),L,in force,data,B2B; B2G,qualified trust service provider; wallet provider,test,draft,pending,CON-EBW-EUDIW; CON-QUALIFIED-SERVICES,2026-10-03,2026-10-03,https://spherity.github.io/business-wallet-requirements/requirements/ebw-int-019/,shall provide an interface with European Digital Identity Wallets,P2,K08 Protocols and interfaces; K07 Credential lifecycle,provider-side,ok,Wording narrow: wallets includes EBW? source says EUDI wallets only; applicability to EBW needs legal check.,
EBW-INT-020,INT,Interoperability and semantics,Public catalogue of attributes and schemes,"The Commission shall publish the sealed catalogue of attributes and the catalogue of attestation schemes publicly, free of charge, without authentication, in machine-readable and human-readable form with a search function.",Provides common semantics for attestation content.,"SRC-CIR-2025-1569 (Article 7(8), Article 8(6))",L,in force,data,B2B; B2G; G2B,European Commission,inspection,draft,pending,CON-CROSS-SECTOR,2026-10-03,2026-10-03,https://spherity.github.io/business-wallet-requirements/requirements/ebw-int-020/,"publicly accessible, through a secure channel, free of charge and without prior identification or authentication",P3,"K01 Credential data model and formats; K15 Adoption, acceptance and cross-ecosystem interoperability; K18 Planes and evidence graph (control, data, verifiable evidence)",authority-side,ok,"Two catalogues in one statement; also not strictly ""shall""-testable on wallet.",
EBW-INT-021,INT,Interoperability and semantics,MCP server publishes protected resource metadata,"Where the wallet or an agent exposes an MCP server over an HTTP-based transport with authorization, the MCP server shall implement OAuth 2.0 Protected Resource Metadata (RFC 9728).",Clients can only discover the trusted authorization server for a business-wallet tool endpoint through this metadata.,"SRC-MCP-AUTH (Authorization, Overview)",S,ecosystem,control,M2M; A2A; B2B,wallet provider; MCP server,test,draft,pending,CON-CONTROL-PLANE; CON-AISP,2026-10-03,2026-10-03,https://spherity.github.io/business-wallet-requirements/requirements/ebw-int-021/,MCP servers MUST implement OAuth 2.0 Protected Resource Metadata (RFC9728).,P2,"K16 AI-first and agent interoperability; K08 Protocols and interfaces; K18 Planes and evidence graph (control, data, verifiable evidence)",core,ok,Technology-specific by nature; statement scoped to HTTP transports with authorization.,
EBW-INT-022,INT,Interoperability and semantics,MCP client discovers authorization server via metadata,"Where the wallet or an agent acts as an MCP client with authorization, the MCP client shall use OAuth 2.0 Protected Resource Metadata to discover the authorization server.",It prevents an agent from being pointed at an arbitrary token issuer configured out of band.,"SRC-MCP-AUTH (Authorization, Overview)",S,ecosystem,control,M2M; A2A; B2B,agent; MCP client,test,draft,pending,CON-CONTROL-PLANE; CON-AISP,2026-10-03,2026-10-03,https://spherity.github.io/business-wallet-requirements/requirements/ebw-int-022/,MCP clients MUST use OAuth 2.0 Protected Resource Metadata for authorization server discovery.,P2,"K16 AI-first and agent interoperability; K08 Protocols and interfaces; K18 Planes and evidence graph (control, data, verifiable evidence)",core,ok,Pairs with INT-021; could be merged into one requirement.,
EBW-INT-023,INT,Interoperability and semantics,Agent Card available at discovery location,"Where the wallet or an agent implements A2A as a server, it shall make an Agent Card available describing its identity, capabilities, skills and interaction requirements.",The card is the machine-readable entry point by which counterparties find and configure interactions with a business agent.,SRC-A2A (Section 8.1 Purpose),S,ecosystem,control,M2M; A2A; B2B,agent; A2A server,inspection,draft,pending,CON-AISP; CON-CONTROL-PLANE,2026-10-03,2026-10-03,https://spherity.github.io/business-wallet-requirements/requirements/ebw-int-023/,A2A Servers MUST make an Agent Card available.,P2,"K16 AI-first and agent interoperability; K08 Protocols and interfaces; K18 Planes and evidence graph (control, data, verifiable evidence)",core,ok,Protocol-specific (A2A).,
EBW-INT-024,INT,Interoperability and semantics,Agent Card canonicalised before signing,"Where the wallet or an agent signs an A2A Agent Card, it shall canonicalise the card content with the JSON Canonicalization Scheme (RFC 8785) before signing and exclude the signatures field.",Canonicalisation lets any verifier reproduce the signed bytes regardless of JSON serialiser.,SRC-A2A (Section 8.4.1 Canonicalization Requirements),S,ecosystem,trust,M2M; A2A; B2B,agent,test,draft,pending,CON-AISP,2026-10-03,2026-10-03,https://spherity.github.io/business-wallet-requirements/requirements/ebw-int-024/,the Agent Card content MUST be canonicalized using the JSON Canonicalization Scheme (JCS) as defined in RFC 8785,P3,"K16 AI-first and agent interoperability; K01 Credential data model and formats; K11 Security, resilience and incident handling",core,ok,Overlaps TRU-051/052 on signed Agent Cards.,
EBW-INT-025,INT,Interoperability and semantics,Delegation expressed with the act claim,"Where the wallet or an agent represents delegation in a JWT, the token shall use the act (actor) claim to identify the acting party to whom authority has been delegated.",A standard claim lets any verifier see that delegation occurred and who the actor is.,"SRC-RFC-8693 (Section 4.1 ""act"" (Actor) Claim)",S,standard,trust,B2B; A2A,agent; authorization server,test,draft,pending,CON-AGENT-MANDATE; CON-MANDATE,2026-10-03,2026-10-03,https://spherity.github.io/business-wallet-requirements/requirements/ebw-int-025/,"The ""act"" (actor) claim provides a means within a JWT to express that delegation has occurred",P2,"K03 Mandates, representation and delegation (employees, machines, agents); K16 AI-first and agent interoperability; K08 Protocols and interfaces",core,ok,"Statement upgrades RFC option to shall; overlaps FUN-037, INT-029.",
EBW-INT-026,INT,Interoperability and semantics,Agent mandates as structured authorization details,"Where the wallet or an agent obtains OAuth tokens for transaction-specific authority, the request shall express the authority as authorization_details (RFC 9396) rather than only coarse scopes.","A mandate with amounts, counterparties and resource types needs structured fine-grained data that scopes cannot carry.","SRC-RFC-9396 (Section 2 Request Parameter ""authorization_details"")",D,standard,control,B2B; B2G,agent; authorization server,inspection,draft,pending,CON-AGENT-MANDATE; CON-MANDATE,2026-10-03,2026-10-03,https://spherity.github.io/business-wallet-requirements/requirements/ebw-int-026/,allows clients to specify their fine-grained authorization requirements using the expressiveness of JSON,P2,"K03 Mandates, representation and delegation (employees, machines, agents); K16 AI-first and agent interoperability; K18 Planes and evidence graph (control, data, verifiable evidence)",core,ok,"Derivation stated; RFC 9396 does not require it, so shall is a design choice.",
EBW-INT-027,INT,Interoperability and semantics,Mandate interoperability across wallets,The implementing acts shall cover interoperability mechanisms for mandates and delegations across European Business Wallets.,A mandate issued from one wallet must be verifiable by counterparties using another wallet.,SRC-COUNCIL-ST-9684-26 (Annex point 12(4)(b)),L,proposal,governance,B2B; B2G; A2A,Commission; wallet provider,analysis,draft,pending,CON-MANDATE; CON-AGENT-MANDATE,2026-10-03,2026-10-03,https://spherity.github.io/business-wallet-requirements/requirements/ebw-int-027/,interoperability mechanisms for mandates and delegations across wallets,P2,"K03 Mandates, representation and delegation (employees, machines, agents); K15 Adoption, acceptance and cross-ecosystem interoperability; K08 Protocols and interfaces",authority-side,ok,"Obligation on implementing acts, not on a wallet; untestable until acts exist.",
EBW-INT-028,INT,Interoperability and semantics,Unknown authorisation detail types refused,An authorisation server shall refuse to process any authorisation details whose type is unknown or that do not conform to the definition of their type.,Fine-grained agent permissions are only safe if unparseable ones are rejected rather than ignored.,SRC-RFC-9396 (Section 5),S,standard,control,B2B; A2A; M2M,authorisation server,test,draft,pending,CON-AGENT-MANDATE; CON-AUTHORITY-ACCESS,2026-10-03,2026-10-03,https://spherity.github.io/business-wallet-requirements/requirements/ebw-int-028/,The AS MUST refuse to process any unknown authorization details type or authorization details not conforming to the respective type definition.,P2,"K03 Mandates, representation and delegation (employees, machines, agents); K08 Protocols and interfaces; K11 Security, resilience and incident handling",provider-side,ok,Overlaps AIF-020 (unknown constraints fail evaluation) in effect.,
EBW-INT-029,INT,Interoperability and semantics,Delegation chain represented as nested actors,"Where authority passes through several actors, the token or mandate shall represent the chain with the current actor outermost and prior actors nested within it.",A verifiable history of delegation lets auditors reconstruct who passed authority to whom.,SRC-RFC-8693 (Section 4.1),S,standard,trust,B2B; A2A,authorisation server; AI agent,inspection,draft,pending,CON-AGENT-MANDATE; CON-MANDATE,2026-10-03,2026-10-03,https://spherity.github.io/business-wallet-requirements/requirements/ebw-int-029/,"The outermost ""act"" claim represents the current actor while nested ""act"" claims represent prior actors.",P2,"K03 Mandates, representation and delegation (employees, machines, agents); K16 AI-first and agent interoperability; K10 Evidence, logging and audit",core,ok,Related to AIF-006 and TRU-063; keep as encoding rule.,also held in EBW-AIF-013
EBW-INT-030,INT,Interoperability and semantics,Representation attestation rulebooks limit authority,"The scheme provider of a representation attestation rulebook shall specify the unique attestation type and the attributes defining the validity period, the nature of the representation and the operations the representative is authorised to perform.",Gives relying parties machine-readable limits of a representative.,"SRC-ARF-HLR (Annex 2, Topic 29 Representation, RP_01)",S,standard,trust,B2B; B2G; G2B,attestation scheme provider,inspection,draft,pending,CON-MANDATE,2026-10-03,2026-10-03,https://spherity.github.io/business-wallet-requirements/requirements/ebw-int-030/,"the operations the representative is authorised to perform, thereby limiting the scope of its authorisation",P2,"K03 Mandates, representation and delegation (employees, machines, agents); K01 Credential data model and formats; K07 Credential lifecycle",provider-side,reword,Multi-attribute statement; quote supports only operations limiting scope.,
EBW-INT-031,INT,Interoperability and semantics,Wallets support the listed attestation formats,The wallet provider shall ensure that the wallet solution supports the usage of person identification data and electronic attestations of attributes issued in compliance with the list of standards in Annex II.,"A holder wallet must handle every legally listed format, otherwise issuers and relying parties cannot interoperate.",SRC-CIR-2024-2979 (Article 8),L,in force,trust,B2B; B2G; G2B; M2M,wallet provider,test,draft,pending,CON-EBW-EUDIW,2026-10-03,2026-10-03,https://spherity.github.io/business-wallet-requirements/requirements/ebw-int-031/,support the usage of person identification data and electronic attestations of attributes issued in compliance with the list of standards,P1,"K01 Credential data model and formats; K15 Adoption, acceptance and cross-ecosystem interoperability; K08 Protocols and interfaces",wallet-general,ok,Pairs with INT-033 (issuer side).,
EBW-INT-032,INT,Interoperability and semantics,Listed formats are ETSI TS 119 472-1 clauses 2 to 6,"The issuer of an attestation shall use a format conforming to clauses 2 to 6 of ETSI TS 119 472-1 V1.2.1 (2026-02), which cover the SD-JWT VC and ISO/IEC mdoc realisations.",The standards list that wallets must support names two realisations and leaves out JSON-LD W3C VC and X.509 attribute certificates.,"SRC-CIR-2026-1731 (Annex IV, new Annex II to Regulation (EU) 2024/2979)",L,in force,trust,B2B; B2G; G2B; M2M,attestation provider,inspection,draft,pending,CON-EBW-EUDIW,2026-10-03,2026-10-03,https://spherity.github.io/business-wallet-requirements/requirements/ebw-int-032/,The technical specifications set out in clauses 2 to 6 of ETSI TS 119 472-1 V1.2.1 (2026-02) apply,P1,"K01 Credential data model and formats; K15 Adoption, acceptance and cross-ecosystem interoperability",wallet-general,merge-with EBW-INT-033,"Quote says specs ""apply""; issuer duty and format mapping are inferred. Content of Annex II belongs in INT-033.",
EBW-INT-033,INT,Interoperability and semantics,Attestations to wallet units comply with a listed standard,The provider of an electronic attestation of attributes issued to a wallet unit shall comply with at least one of the standards set out in Annex II of Implementing Regulation (EU) 2024/2979.,Fixes the format floor for all attestations reaching a wallet.,"SRC-CIR-2026-1731 (Article 1(2), replacing Article 4(1) of Implementing Regulation (EU) 2024/2977)",L,in force,trust,B2B; B2G; G2B; M2M,attestation provider,inspection,draft,pending,CON-EBW-EUDIW,2026-10-03,2026-10-03,https://spherity.github.io/business-wallet-requirements/requirements/ebw-int-033/,shall comply with at least one of the standards set out in Annex II of Implementing Regulation (EU) 2024/2979,P1,"K01 Credential data model and formats; K15 Adoption, acceptance and cross-ecosystem interoperability; K17 Cross-jurisdiction identity, identifiers and assurance (EBW and non-EBW)",provider-side,ok,Absorbs INT-032 listing of clauses 2 to 6.,
EBW-INT-034,INT,Interoperability and semantics,Support W3C VCDM once profiles are available,"When profiles on the W3C VCDM format are available, the wallet provider shall support that format in the wallet.","The listed formats exclude W3C VCDM today; the amending act signals later support, and the recital is not itself binding.",SRC-CIR-2026-1731 (Recital (1)),D,in force,trust,B2B; B2G; G2B; M2M,wallet provider,analysis,draft,pending,CON-EBW-EUDIW,2026-10-03,2026-10-03,https://spherity.github.io/business-wallet-requirements/requirements/ebw-int-034/,should also support this format when the new profiles on the W3C VCDM format are available,P3,"K01 Credential data model and formats; K15 Adoption, acceptance and cross-ecosystem interoperability",wallet-general,reword,"Statement says shall; recital is ""should"" and not binding.",
EBW-INT-035,INT,Interoperability and semantics,QEAA and PuB-EAA rulebooks use mdoc or SD-JWT VC,The scheme provider of a rulebook for a qualified or public sector attestation shall specify that one or both of the ISO/IEC 18013-5 format and the SD-JWT VC format must be used.,Keeps qualified attestations within the two common formats.,"SRC-ARF-HLR (Annex 2, Topic 12 Attestation Rulebooks, ARB_01)",S,standard,trust,B2B; B2G; G2B,attestation scheme provider,inspection,draft,pending,CON-QUALIFIED-SERVICES,2026-10-03,2026-10-03,https://spherity.github.io/business-wallet-requirements/requirements/ebw-int-035/,SHALL specify that one or more of the following two common format(s) must be used for these attestations,P2,"K01 Credential data model and formats; K15 Adoption, acceptance and cross-ecosystem interoperability",provider-side,ok,"Related to INT-036 and INT-038; consistent wording ""one or both"".",
EBW-INT-036,INT,Interoperability and semantics,Non-qualified EAA rulebooks may add W3C VCDM v2.0,"The scheme provider of a rulebook for a non-qualified attestation shall specify one or more of the ISO/IEC 18013-5 format, the SD-JWT VC format and the W3C VCDM v2.0 format.",Business ecosystems can use W3C VCDM only for non-qualified attestations.,"SRC-ARF-HLR (Annex 2, Topic 12 Attestation Rulebooks, ARB_01a)",S,standard,trust,B2B; B2G; G2B,attestation scheme provider,inspection,draft,pending,CON-CROSS-SECTOR,2026-10-03,2026-10-03,https://spherity.github.io/business-wallet-requirements/requirements/ebw-int-036/,following three common format(s) must be used for these attestations,P2,"K01 Credential data model and formats; K15 Adoption, acceptance and cross-ecosystem interoperability",provider-side,ok,"Title says ""may add"" but statement says ""shall specify one or more"".",
EBW-INT-037,INT,Interoperability and semantics,W3C VCDM rulebooks reference approved disclosure specs,"If a rulebook allows W3C VCDM v2.0, the scheme provider shall reference documents, approved by an EU standardisation body or the Cooperation Group, specifying how attributes are requested and selectively disclosed.","Without an approved profile, requests and selective disclosure are not interoperable.","SRC-ARF-HLR (Annex 2, Topic 12 Attestation Rulebooks, ARB_04)",S,standard,trust,B2B; B2G; G2B,attestation scheme provider,inspection,draft,pending,CON-PRIVACY,2026-10-03,2026-10-03,https://spherity.github.io/business-wallet-requirements/requirements/ebw-int-037/,how a User can selectively disclose attributes from such an attestation,P2,K01 Credential data model and formats; K08 Protocols and interfaces,provider-side,ok,Statement adds approval authority and request flow beyond quote.,
EBW-INT-038,INT,Interoperability and semantics,Rulebooks needing offline presentation require mdoc,"Where an attestation type must be presentable in proximity without the internet, the rulebook shall specify issuance in the ISO/IEC 18013-5 mdoc format.",Only mdoc covers offline proximity presentation.,"SRC-ARF-HLR (Annex 2, Topic 12 Attestation Rulebooks, ARB_02)",S,standard,trust,B2B; B2G; G2B,attestation scheme provider,inspection,draft,pending,CON-EBW-EUDIW,2026-10-03,2026-10-03,https://spherity.github.io/business-wallet-requirements/requirements/ebw-int-038/,the attestations must be issued in the ISO/IEC 18013-5-compliant mdoc format,P2,K01 Credential data model and formats; K08 Protocols and interfaces,provider-side,ok,Conditional rule; consistent with INT-035.,
EBW-INT-039,INT,Interoperability and semantics,Unique attestation type value in a rulebook,The scheme provider of a rulebook shall specify a value for the attestation type that is unique within the scope of the wallet ecosystem.,Relying parties and wallets identify attestation types by this value.,"SRC-ARF-HLR (Annex 2, Topic 12 Attestation Rulebooks, ARB_05)",S,standard,trust,B2B; B2G; G2B,attestation scheme provider,inspection,draft,pending,CON-CROSS-SECTOR,2026-10-03,2026-10-03,https://spherity.github.io/business-wallet-requirements/requirements/ebw-int-039/,"SHALL specify a value for the attestation type, which SHALL be unique within the scope of the EUDI Wallet ecosystem",P2,K01 Credential data model and formats; K05 Trust framework and discovery,provider-side,ok,,
EBW-INT-040,INT,Interoperability and semantics,Attribute semantics defined independently of encoding,The scheme provider of a rulebook shall first describe the semantics of each attribute in an encoding-independent manner and then specify the format-specific encoding.,Keeps meaning identical across mdoc and SD-JWT VC.,"SRC-ARF-HLR (Annex 2, Topic 12 Attestation Rulebooks, ARB_06)",S,standard,trust,B2B; B2G; G2B,attestation scheme provider,inspection,draft,pending,CON-CROSS-SECTOR,2026-10-03,2026-10-03,https://spherity.github.io/business-wallet-requirements/requirements/ebw-int-040/,first describe the semantics of each attribute in an encoding-independent manner,P2,K01 Credential data model and formats,provider-side,ok,,
EBW-INT-041,INT,Interoperability and semantics,mdoc attributes defined in a unique namespace,"The rulebook shall define each attribute of an ISO/IEC 18013-5 attestation within an attribute namespace that fully defines identifier, syntax and semantics and has an identifier unique in the ecosystem.",Avoids clashes between sectors defining attributes.,"SRC-ARF-HLR (Annex 2, Topic 12 Attestation Rulebooks, ARB_06a)",S,standard,trust,B2B; B2G; G2B,attestation scheme provider,inspection,draft,pending,CON-CROSS-SECTOR,2026-10-03,2026-10-03,https://spherity.github.io/business-wallet-requirements/requirements/ebw-int-041/,"An attribute namespace SHALL fully define the identifier, the syntax, and the semantics of each attribute within that namespace",P2,K01 Credential data model and formats,provider-side,reword,Uniqueness clause unsupported by quote; also not format-neutral.,
EBW-INT-042,INT,Interoperability and semantics,Rulebook states disclosure mode for every SD-JWT VC claim,"The scheme provider of a rulebook using SD-JWT VC shall specify for all claims whether an attestation provider must, may or must not make that claim selectively disclosable.",Makes selective disclosure behaviour predictable for relying parties.,"SRC-ARF-HLR (Annex 2, Topic 12 Attestation Rulebooks, ARB_30)",S,standard,trust,B2B; B2G; G2B,attestation scheme provider,inspection,draft,pending,CON-PRIVACY,2026-10-03,2026-10-03,https://spherity.github.io/business-wallet-requirements/requirements/ebw-int-042/,"whether an Attestation Provider MUST, MAY, or MUST NOT make that claim selectively disclosable",P2,K01 Credential data model and formats; K09 Privacy and data protection,provider-side,ok,Format-specific; tech-neutral only for SD-JWT VC rulebooks.,
EBW-INT-043,INT,Interoperability and semantics,"Catalogue request carries namespace, identifier and version","The requester of a catalogue entry for an attribute shall provide a namespace unique within the catalogue and an attribute identifier, unique within the namespace, together with the version of the attribute.","Gives each attribute a stable, versioned identity so issued attestations are unaffected by later changes.",SRC-CIR-2025-1569 (Article 7(5)(d) and (e)),L,in force,trust,B2B; B2G; G2B,attribute requester; Commission,inspection,draft,pending,CON-AUTHENTIC-SOURCES; CON-CROSS-SECTOR,2026-10-03,2026-10-03,https://spherity.github.io/business-wallet-requirements/requirements/ebw-int-043/,"an identifier of the attribute, unique within the namespace, and the version of the attribute",P3,"K01 Credential data model and formats; K15 Adoption, acceptance and cross-ecosystem interoperability",authority-side,reword,Merge with INT-044 candidate; quote lacks namespace part.,
EBW-INT-044,INT,Interoperability and semantics,Catalogue request carries semantic description and data type,The requester of a catalogue entry for an attribute shall provide a semantic description and the data type of the attribute.,Machine and human readers need the meaning and type to interpret values.,SRC-CIR-2025-1569 (Article 7(5)(f) and (g)),L,in force,trust,B2B; B2G; G2B,attribute requester; Commission,inspection,draft,pending,CON-AUTHENTIC-SOURCES; CON-CROSS-SECTOR,2026-10-03,2026-10-03,https://spherity.github.io/business-wallet-requirements/requirements/ebw-int-044/,semantic description of the attribute; (g) the data type of the attribute,P3,"K01 Credential data model and formats; K15 Adoption, acceptance and cross-ecosystem interoperability",authority-side,merge-with EBW-INT-043,Same Article 7(5) request content; merge or keep atomic by design choice.,
EBW-INT-045,INT,Interoperability and semantics,Scheme request declares attestation formats,The scheme owner requesting a catalogue entry shall state the format or formats of the attestations within the scope of the scheme.,Wallets and relying parties need to know which formats a scheme issues.,SRC-CIR-2025-1569 (Article 8(3)(e)),L,in force,trust,B2B; B2G; G2B,scheme owner,inspection,draft,pending,CON-CROSS-SECTOR,2026-10-03,2026-10-03,https://spherity.github.io/business-wallet-requirements/requirements/ebw-int-045/,the format or formats of electronic attestation of attributes within the scope of the scheme,P3,"K01 Credential data model and formats; K15 Adoption, acceptance and cross-ecosystem interoperability; K17 Cross-jurisdiction identity, identifiers and assurance (EBW and non-EBW)",authority-side,merge-with EBW-INT-046,Same Article 8(3) request content as INT-046.,
EBW-INT-046,INT,Interoperability and semantics,"Scheme request declares namespaces, identifiers, semantics and types","The scheme owner requesting a catalogue entry shall state the namespaces, attribute identifiers, semantic descriptions and data types of each attribute in the scheme.",Makes a scheme semantically complete and machine-checkable.,SRC-CIR-2025-1569 (Article 8(3)(f)),L,in force,trust,B2B; B2G; G2B,scheme owner,inspection,draft,pending,CON-CROSS-SECTOR,2026-10-03,2026-10-03,https://spherity.github.io/business-wallet-requirements/requirements/ebw-int-046/,"one or more namespaces, attribute identifiers, semantic descriptions and data types of each attribute",P3,"K01 Credential data model and formats; K15 Adoption, acceptance and cross-ecosystem interoperability; K17 Cross-jurisdiction identity, identifiers and assurance (EBW and non-EBW)",authority-side,ok,,
EBW-INT-047,INT,Interoperability and semantics,Scheme attributes identifiable by unique identifiers,A scheme requested for inclusion in the catalogue shall contain only attributes that are identifiable based on unique identifiers.,Rules out free-text attribute names that cannot be resolved.,SRC-CIR-2025-1569 (Article 8(4)),L,in force,trust,B2B; B2G; G2B,scheme owner,inspection,draft,pending,CON-CROSS-SECTOR,2026-10-03,2026-10-03,https://spherity.github.io/business-wallet-requirements/requirements/ebw-int-047/,shall only contain attributes that are identifiable based on unique identifiers,P2,"K01 Credential data model and formats; K15 Adoption, acceptance and cross-ecosystem interoperability; K17 Cross-jurisdiction identity, identifiers and assurance (EBW and non-EBW)",provider-side,ok,,
EBW-INT-048,INT,Interoperability and semantics,Commission maintains owner identification scheme in the catalogue,The Commission shall establish and maintain an attestation scheme for European Business Wallet owner identification data and list it in the catalogue of schemes.,Makes the owner identification attestation discoverable and semantically defined.,SRC-EBW-PROPOSAL (Article 8(6)),L,proposal,trust,B2B; B2G; G2B,Commission,inspection,draft,pending,CON-LEGAL-PERSON-ID,2026-10-03,2026-10-03,https://spherity.github.io/business-wallet-requirements/requirements/ebw-int-048/,That scheme shall be listed in the catalogue of schemes for the attestation of attributes,P2,"K06 Identity and identifiers; K01 Credential data model and formats; K17 Cross-jurisdiction identity, identifiers and assurance (EBW and non-EBW)",authority-side,ok,Check overlap with INT-004/005 owner identification data.,
EBW-INT-049,INT,Interoperability and semantics,SD-JWT VC attestations carry vct pointing to Type Metadata,The issuer of an SD-JWT VC attestation shall include the vct claim and point it to the SD-JWT VC Type Metadata.,The type identifier is the anchor for semantics in this format.,"SRC-ETSI-119472-1 (Clause 5.2.1.2, EAA-5.2.1.2-01 and -02)",S,standard,trust,B2B; B2G; G2B,attestation provider,inspection,draft,pending,CON-CROSS-SECTOR,2026-10-03,2026-10-03,https://spherity.github.io/business-wallet-requirements/requirements/ebw-int-049/,The vct claim shall point to the SD-JWT VC Type Metadata,P2,K01 Credential data model and formats,provider-side,ok,Not technology-neutral; SD-JWT VC specific.,
EBW-INT-050,INT,Interoperability and semantics,Commission attributes the unique identifier of Union entities,"Where a public sector body is a Union entity, the Commission shall create and attribute a unique identifier to that Union entity.","Union entities have no EUID, so the Commission acts as identifier authority.",SRC-EBW-PROPOSAL (Article 9(3)),L,proposal,data,G2G; G2B,Commission; Union entity,inspection,draft,pending,CON-LEGAL-PERSON-ID,2026-10-03,2026-10-03,https://spherity.github.io/business-wallet-requirements/requirements/ebw-int-050/,the Commission shall create and attribute a unique identifier to that Union entity,P2,"K17 Cross-jurisdiction identity, identifiers and assurance (EBW and non-EBW); K06 Identity and identifiers; K18 Planes and evidence graph (control, data, verifiable evidence)",authority-side,ok,Complements INT-006/INT-007.,
EBW-INT-051,INT,Interoperability and semantics,Equivalence of third-country frameworks by implementing act,"Where the Commission recognises a third-country framework as equivalent to European Business Wallets, the systems under that framework shall be interoperable with the trust framework of Regulation (EU) 910/2014 and shall support at least identification, authentication and the exchange of electronic attestations of attributes.",Defines the only route by which third-country wallet frameworks gain EU recognition.,SRC-EBW-PROPOSAL (Article 17(2)),L,proposal,trust,B2B; B2G; G2B,Commission; third-country framework operator,analysis,draft,pending,CON-MULTI-TRUST; CON-EBW-EUDIW,2026-10-03,2026-10-03,https://spherity.github.io/business-wallet-requirements/requirements/ebw-int-051/,provided that the systems provided under that framework are interoperable with the trust framework laid down in Regulation (EU) 910/2014,P2,"K15 Adoption, acceptance and cross-ecosystem interoperability; K17 Cross-jurisdiction identity, identifiers and assurance (EBW and non-EBW); K05 Trust framework and discovery",authority-side,merge-with EBW-INT-009,"'support at least identification, authentication, attestations' not in quote; overlaps INT-009.",
EBW-INT-052,INT,Interoperability and semantics,EU Company Certificate contains the EUID,"The EU Company Certificate for limited liability companies shall include the EUID of the company, the registration number and the Member State where the company is registered.",Ties the certificate content to the primary identifier. Member States apply the national measures from 31 July 2028 (Article 4(2) of Directive (EU) 2025/25).,"SRC-DIR-2025-25 (Article 16b(2)(c),(d) of Directive (EU) 2017/1132 as inserted)",L,in force,data,B2G; G2B; B2B,business register,inspection,draft,pending,CON-LEGAL-PERSON-ID,2026-10-03,2026-10-03,https://spherity.github.io/business-wallet-requirements/requirements/ebw-int-052/,the EUID of the company,P3,"K06 Identity and identifiers; K17 Cross-jurisdiction identity, identifiers and assurance (EBW and non-EBW); K18 Planes and evidence graph (control, data, verifiable evidence)",authority-side,merge-with EBW-DAT-008,Quote only supports EUID; registration number and Member State come from DAT-008 list.,
EBW-INT-053,INT,Interoperability and semantics,Legal person data in person identification data,The provider of person identification data for a legal person shall include the current legal name and a unique identifier constructed in accordance with the technical specifications for cross-border identification.,Sets the minimum legal-person identity set in the in-force wallet framework.,"SRC-CIR-2024-2977 (Annex, section 2, Table 3)",S,in force,data,B2G; G2B,person identification data provider,inspection,draft,pending,CON-LEGAL-PERSON-ID,2026-10-03,2026-10-03,https://spherity.github.io/business-wallet-requirements/requirements/ebw-int-053/,a unique identifier constructed by the sending Member State in accordance with the technical specifications,P1,"K06 Identity and identifiers; K02 Wallet subject model; K18 Planes and evidence graph (control, data, verifiable evidence)",wallet-general,reword,Quote says 'constructed by the sending Member State'; 'cross-border' qualifier unverified.,
EBW-INT-054,INT,Interoperability and semantics,LEI and other optional identifiers in legal person data,"Where a provider of person identification data for a legal person includes a Legal Entity Identifier, it shall be the LEI referred to in Implementing Regulation (EU) 2022/1860, alongside the other optional elements (VAT, tax reference, EUID, EORI, excise number).",Names the secondary identifiers the in-force PID set already anticipates.,"SRC-CIR-2024-2977 (Annex, section 2, Table 4)",S,in force,data,B2G; G2B; B2B,person identification data provider,inspection,draft,pending,CON-LEGAL-PERSON-ID,2026-10-03,2026-10-03,https://spherity.github.io/business-wallet-requirements/requirements/ebw-int-054/,Legal Entity Identifier (LEI) referred to in Commission Implementing Regulation (EU) 2022/1860,P2,"K17 Cross-jurisdiction identity, identifiers and assurance (EBW and non-EBW); K06 Identity and identifiers; K18 Planes and evidence graph (control, data, verifiable evidence)",wallet-general,ok,"List of optional elements (VAT, EORI, excise) not in quote.",
EBW-INT-055,INT,Interoperability and semantics,One EORI number per person,The competent customs authority shall assign only one EORI number to each person.,EORI is a customs identifier with one-per-person uniqueness that a secondary credential can rely on.,SRC-CIR-2015-2447 (Article 7(2)),L,in force,data,B2G; G2B,customs authority,inspection,draft,pending,CON-LEGAL-PERSON-ID; CON-AUTHENTIC-SOURCES,2026-10-03,2026-10-03,https://spherity.github.io/business-wallet-requirements/requirements/ebw-int-055/,Only one EORI number shall be assigned in respect of each person,P3,"K17 Cross-jurisdiction identity, identifiers and assurance (EBW and non-EBW); K06 Identity and identifiers; K18 Planes and evidence graph (control, data, verifiable evidence)",authority-side,ok,Binds customs authority; used only as uniqueness assumption.,
EBW-INT-056,INT,Interoperability and semantics,LEI as legal person identity type in certificates,"When the legal person semantics identifier is used, an LEI in the organizationIdentifier attribute shall be prefixed LEI with the country code XG followed by the LEI.","Documents a non-KERI, standards-based carrier for the LEI in qualified seal certificates.","SRC-ETSI-EN-319412-1 (Clause 5.1.4, LEG-5.1.4-03 point 4)",S,standard,data,B2B; B2G; G2B,trust service provider,inspection,draft,pending,CON-LEGAL-PERSON-ID; CON-QUALIFIED-SERVICES,2026-10-03,2026-10-03,https://spherity.github.io/business-wallet-requirements/requirements/ebw-int-056/,"""LEI"" for a global Legal Entity Identifier as specified in ISO 17442",P2,"K17 Cross-jurisdiction identity, identifiers and assurance (EBW and non-EBW); K06 Identity and identifiers; K01 Credential data model and formats",provider-side,reword,Quote shows only the 'LEI' prefix; 'XG' country code not in quote.,
EBW-INT-057,INT,Interoperability and semantics,Core owner identification attributes presented atomically,"The holder shall present the core owner identification data attributes atomically, without selective disclosure.",Records an ecosystem profile choice that differs from the general selective disclosure function.,"SRC-WEBUILD-RB (rb-ebwoid rulebook, Section 3.2 and section 4.1)",S,ecosystem,data,B2B,wallet holder,test,draft,pending,CON-LEGAL-PERSON-ID; CON-PRIVACY,2026-10-03,2026-10-03,https://spherity.github.io/business-wallet-requirements/requirements/ebw-int-057/,Selective Disclosure: Attributes of the EBWOID SHALL NOT be selectively disclosable.,P2,"K09 Privacy and data protection; K01 Credential data model and formats; K18 Planes and evidence graph (control, data, verifiable evidence)",core,reword,Tension with EBW-FUN-004 selective disclosure; flag for architecture decision.,
EBW-INT-058,INT,Interoperability and semantics,Receiving register retrieves data via interconnection of registers,Member States shall ensure that the register where the company is being formed retrieves documents and information by means of exchange of information through the system of interconnection of registers.,Defines register-to-register retrieval as the channel for company data in cross-border procedures. Member States apply the national measures from 31 July 2028 (Article 4(2) of Directive (EU) 2025/25).,SRC-DIR-2025-25 (Article 13g(2a) of Directive (EU) 2017/1132 as inserted by Directive (EU) 2025/25),L,in force,data,G2G,Member States; registers,inspection,draft,pending,CON-B2G-REGISTRY,2026-10-03,2026-10-03,https://spherity.github.io/business-wallet-requirements/requirements/ebw-int-058/,retrieves such documents and information by means of exchange of information through the system of interconnection of registers,P3,"K15 Adoption, acceptance and cross-ecosystem interoperability; K06 Identity and identifiers; K18 Planes and evidence graph (control, data, verifiable evidence)",authority-side,ok,Overlaps FUN-047 (same article).,
EBW-INT-059,INT,Interoperability and semantics,EUID composition,"The EUID shall comprise, at least, elements making it possible to identify the Member State of the register, the domestic register of origin and the company number in that register.",Fixes the minimum semantics a wallet parser or verifier can rely on when processing an EUID. Member States apply the national measures from 31 July 2028 (Article 4(2) of Directive (EU) 2025/25).,"SRC-DIR-2025-25 (Article 16(1), second subparagraph, of Directive (EU) 2017/1132 as amended by Directive (EU) 2025/25)",L,in force,data,B2G; G2B; B2B,Member States; registers,inspection,draft,pending,CON-LEGAL-PERSON-ID,2026-10-03,2026-10-03,https://spherity.github.io/business-wallet-requirements/requirements/ebw-int-059/,"elements making it possible to identify the Member State of the register, the domestic register of origin and the company number",P2,"K17 Cross-jurisdiction identity, identifiers and assurance (EBW and non-EBW); K06 Identity and identifiers; K18 Planes and evidence graph (control, data, verifiable evidence)",wallet-general,ok,Overlaps INT-060 and INT-006 partially.,
EBW-INT-060,INT,Interoperability and semantics,EUID structure under ISO 6523 with optional verification digit,"The structure of the EUID shall be compliant with ISO 6523 and shall contain a mandatory country code, a mandatory register identifier and a mandatory registration number, and may contain a verification digit.",Gives a concrete syntax for parsing and validating the EUID in wallet attestations.,"SRC-CIR-2021-1042 (Annex, point 9)",S,in force,data,B2G; G2B; B2B,Member States; registers,inspection,draft,pending,CON-LEGAL-PERSON-ID,2026-10-03,2026-10-03,https://spherity.github.io/business-wallet-requirements/requirements/ebw-int-060/,The structure of the EUID shall be compliant with ISO 6523,P2,"K17 Cross-jurisdiction identity, identifiers and assurance (EBW and non-EBW); K06 Identity and identifiers; K18 Planes and evidence graph (control, data, verifiable evidence)",wallet-general,reword,Quote supports only ISO 6523; mandatory elements and verification digit unverified.,
EBW-INT-061,INT,Interoperability and semantics,EUID identifies companies and branches in register exchanges,The EUID shall be used to unequivocally identify companies and branches for the exchange of information between registers via the platform.,Sets the EUID as the key in BRIS messages; a wallet should carry it as the cross-border register key.,"SRC-CIR-2021-1042 (Annex, point 9)",S,in force,data,B2G; G2B; B2B,Member States; registers,inspection,draft,pending,CON-LEGAL-PERSON-ID,2026-10-03,2026-10-03,https://spherity.github.io/business-wallet-requirements/requirements/ebw-int-061/,The EUID shall be used to unequivocally identify companies and branches for the purpose of the exchange of information between registers via the platform.,P3,"K17 Cross-jurisdiction identity, identifiers and assurance (EBW and non-EBW); K06 Identity and identifiers; K18 Planes and evidence graph (control, data, verifiable evidence)",authority-side,ok,"Rationale 'wallet should carry it' is a design choice, not in source.",
EBW-INT-062,INT,Interoperability and semantics,Mutual accessibility of interconnections by unique identifier,"The Commission shall adopt implementing acts on the technical specifications and detailed list of data defining mutual accessibility between the system of interconnection of registers, the beneficial ownership registers interconnection and the insolvency registers interconnection, covering use of the unique company identifier.",Provides the basis for cross-sector use of the EUID across registers that a wallet-based identification will meet. Member States apply the national measures from 31 July 2028 (Article 4(2) of Directive (EU) 2025/25).,"SRC-DIR-2025-25 (Article 24(2), point (f), of Directive (EU) 2017/1132 as inserted by Directive (EU) 2025/25)",L,in force,governance,G2G,Commission,inspection,draft,pending,CON-CROSS-SECTOR; CON-LEGAL-PERSON-ID,2026-10-03,2026-10-03,https://spherity.github.io/business-wallet-requirements/requirements/ebw-int-062/,shall cover the use of the unique identifier for companies attributed in accordance with Article 16,P3,"K06 Identity and identifiers; K15 Adoption, acceptance and cross-ecosystem interoperability; K17 Cross-jurisdiction identity, identifiers and assurance (EBW and non-EBW)",authority-side,ok,Deadline-style authority procedure.,
EBW-INT-063,INT,Interoperability and semantics,Multilingual EU Company Certificate template published,The Commission shall publish the multilingual template for the EU Company Certificate on the European e-Justice portal in all official languages of the Union.,A common multilingual template gives wallets a stable semantic reference. Member States apply the national measures from 31 July 2028 (Article 4(2) of Directive (EU) 2025/25).,SRC-DIR-2025-25 (Article 16b(8) of Directive (EU) 2017/1132 as inserted by Directive (EU) 2025/25),L,in force,governance,B2G; G2B; B2B,Commission,inspection,draft,pending,CON-LEGAL-PERSON-ID,2026-10-03,2026-10-03,https://spherity.github.io/business-wallet-requirements/requirements/ebw-int-063/,The Commission shall publish the multilingual template for the EU Company Certificate on the European e-Justice portal,P3,"K01 Credential data model and formats; K17 Cross-jurisdiction identity, identifiers and assurance (EBW and non-EBW)",authority-side,ok,Quote omits 'all official languages'; confirm full Article 16b(8) text.,
EBW-INT-064,INT,Interoperability and semantics,Implementing acts on EUCC and power of attorney wallet profile,"The Commission shall adopt implementing acts by 31 July 2026 establishing the technical specifications, including compatibility with the European Digital Identity Wallet, the taxonomy and the multilingual template for the EU Company Certificate and for the digital EU power of attorney.",Technical profile for the certificate and the power of attorney in wallets; implementing acts were not found published when checked (October 2026). Member States apply the national measures from 31 July 2028 (Article 4(2) of Directive (EU) 2025/25). The Article 24(2) deadline of 31 July 2026 passed; no implementing regulation found in the Publications Office records up to 29 September 2026.,"SRC-DIR-2025-25 (Article 24(2), points (d) and (e), of Directive (EU) 2017/1132 as inserted by Directive (EU) 2025/25)",L,in force,governance,B2G; G2B; B2B,Commission,inspection,draft,pending,CON-EBW-EUDIW; CON-MANDATE,2026-10-03,2026-10-03,https://spherity.github.io/business-wallet-requirements/requirements/ebw-int-064/,including compatibility with the European Digital Identity Wallet as provided for in Regulation (EU) 2024/1183,P2,"K01 Credential data model and formats; K03 Mandates, representation and delegation (employees, machines, agents); K17 Cross-jurisdiction identity, identifiers and assurance (EBW and non-EBW)",authority-side,reword,Quote covers only compatibility clause; deadline and taxonomy unquoted. Rationale mixes publication-status finding into rationale.,
EBW-INT-065,INT,Interoperability and semantics,Register copies and extracts compatible with the EUDI Wallet,Member States shall ensure that electronic copies and extracts of documents and information provided by the register are compatible with the European Digital Identity Wallet.,"Register output must be storable and presentable from wallets, including business wallets built on the same format. Member States apply the national measures from 31 July 2028 (Article 4(2) of Directive (EU) 2025/25).",SRC-DIR-2025-25 (Article 16a(5) of Directive (EU) 2017/1132 as inserted by Directive (EU) 2025/25),L,in force,data,B2G; G2B; B2B,Member States; registers,inspection,draft,pending,CON-EBW-EUDIW,2026-10-03,2026-10-03,https://spherity.github.io/business-wallet-requirements/requirements/ebw-int-065/,are compatible with the European Digital Identity Wallet as provided for in Regulation (EU) 2024/1183,P2,"K01 Credential data model and formats; K17 Cross-jurisdiction identity, identifiers and assurance (EBW and non-EBW); K18 Planes and evidence graph (control, data, verifiable evidence)",authority-side,merge-with EBW-TRU-095,Same wallet-compatibility duty as TRU-095 (certificate) and TRU-098 (authentication); extracts vs certificate differ only in object.,
EBW-INT-066,INT,Interoperability and semantics,Documents available through BRIS in a standard message format,"Member States shall ensure that the documents and information referred to in Articles 14, 14a, 19(2), 19a(2) and 19b are available through the system of interconnection of registers in a standard message format and accessible by electronic means.",Standardised formats enable machine consumption of register data. Member States apply the national measures from 31 July 2028 (Article 4(2) of Directive (EU) 2025/25).,SRC-DIR-2025-25 (Article 18(2) of Directive (EU) 2017/1132 as amended by Directive (EU) 2025/25),L,in force,data,G2G; B2G,Member States; registers,inspection,draft,pending,CON-B2G-REGISTRY; CON-DATA-PLANE,2026-10-03,2026-10-03,https://spherity.github.io/business-wallet-requirements/requirements/ebw-int-066/,available through the system of interconnection of registers in a standard message format and accessible by electronic means.,P3,"K08 Protocols and interfaces; K01 Credential data model and formats; K18 Planes and evidence graph (control, data, verifiable evidence)",authority-side,ok,Overlaps EBW-INT-058 and NFR-054 only thematically.,
EBW-INT-067,INT,Interoperability and semantics,EU Inc certificate and power of attorney fit business wallets,"The EU Company Certificate and the digital EU power of attorney of an EU Inc. shall be compatible with the European Business Wallets, where available.",Proposed explicit wallet compatibility for company evidence of the new legal form.,SRC-COM-2026-321 (Articles 30(3) and 31(3) of COM(2026) 321),L,proposal,trust,B2B; B2G,EU Inc. companies; Member States,inspection,draft,pending,CON-EBW-EUDIW; CON-MANDATE,2026-10-03,2026-10-03,https://spherity.github.io/business-wallet-requirements/requirements/ebw-int-067/,shall be compatible with the European Digital Identity Wallets,P2,"K01 Credential data model and formats; K03 Mandates, representation and delegation (employees, machines, agents); K17 Cross-jurisdiction identity, identifiers and assurance (EBW and non-EBW)",authority-side,reword,"Quote says European Digital Identity Wallets, statement says Business Wallets 'where available'; unsupported. Near-duplicate of INT-064/TRU-095.",
EBW-INT-068,INT,Interoperability and semantics,Core functionality specifications refer to accessibility requirements,The standards and specifications defined in the implementing acts for the core functionalities of European Business Wallets shall refer to accessibility requirements.,"The Commission's digital statement says accessibility is catered for through the implementing acts, as for the EUDI Wallet; the operative articles of COM(2025) 838 contain no accessibility clause, so the statement is the only anchor (hence derived).","SRC-EBW-PROPOSAL (Legislative financial and digital statement, point 4.3 Digital solutions, column ""How is accessibility catered for?"")",D,proposal,governance,B2B; B2G,European Commission; Business wallet provider,inspection,draft,pending,CON-EBW-EUDIW,2026-10-03,2026-10-03,https://spherity.github.io/business-wallet-requirements/requirements/ebw-int-068/,will refer to accessibility requirements as it was the case for the EUDIW,P3,"K15 Adoption, acceptance and cross-ecosystem interoperability",authority-side,drop,Only a financial statement anchors it; duplicated by accessibility NFR/LEG set. Statement not testable.,
EBW-INT-069,INT,Interoperability and semantics,Authority portals use EN 301 549 V3.2.1 as conformance basis,"Public sector bodies shall use the harmonised standard EN 301 549 V3.2.1 (2021-03), whose reference is published in the Official Journal, as the basis for conformity of their websites and mobile applications with the Web Accessibility Directive.","Content meeting the published harmonised standard is presumed to conform (Directive Article 6(1)); Decision 2021/1339 replaced V2.1.2 with V3.2.1, so the target version is fixed by the Official Journal reference (use of the standard is voluntary, hence a derived design choice).","SRC-CID-2021-1339 (Annex, row 2; Directive (EU) 2016/2102 Article 6(1))",D,in force,governance,B2G; G2B,Public sector body,certification,draft,pending,CON-B2G-REPORTING; CON-AUTHORITY-ACCESS,2026-10-03,2026-10-03,https://spherity.github.io/business-wallet-requirements/requirements/ebw-int-069/,EN 301 549 V3.2.1 (2021-03),P3,"K15 Adoption, acceptance and cross-ecosystem interoperability; K14 Conformity, certification and assurance",authority-side,recategorise LEG,"Duty binds public sector sites under Directive 2016/2102; presumption of conformity, not mandatory.",
EBW-INT-070,INT,Interoperability and semantics,Integrated signature application supports remote QSCD API,"Where a signature creation application relies on remote qualified signature creation devices and is integrated into the wallet back-end, it shall support the application programming interface set out in the implementing acts.",Ensures remote signing interoperability across providers.,"SRC-EBW-PROPOSAL (Annex, point 9(3))",L,proposal,data,B2B; B2G; G2B,wallet provider; trust service provider,test,draft,pending,CON-QUALIFIED-SERVICES,2026-10-03,2026-10-03,https://spherity.github.io/business-wallet-requirements/requirements/ebw-int-070/,they shall support the application programming interface set out in the implementing acts,P2,"K08 Protocols and interfaces; K04 Key custody and wallet architecture; K18 Planes and evidence graph (control, data, verifiable evidence)",core,ok,Same duty as INT-074 for the EUDI wallet; align on one API.,
EBW-INT-071,INT,Interoperability and semantics,Wallets integrate one specific qualified registered delivery service,The European Business Wallet shall integrate and support the use of a specific qualified electronic registered delivery service in accordance with Articles 43 and 44 of Regulation (EU) No 910/2014.,The legal communication channel is a mandatory part of every wallet. (EP Amendment 137 allows one or more services; the Council wording designates a protocol and standards.),"SRC-EBW-PROPOSAL (Annex, point 11(1))",L,proposal,data,B2B; B2G; G2B,wallet provider; trust service provider,test,draft,pending,CON-QUALIFIED-SERVICES; CON-DATA-PLANE,2026-10-03,2026-10-03,https://spherity.github.io/business-wallet-requirements/requirements/ebw-int-071/,shall integrate and support the use of a specific qualified electronic registered delivery service,P1,"K12 Registered delivery and notifications; K08 Protocols and interfaces; K18 Planes and evidence graph (control, data, verifiable evidence)",core,ok,Single versus several services differs between texts; check final wording.,
EBW-INT-072,INT,Interoperability and semantics,Delivery channel based on open royalty-free standards,"The Commission shall, by implementing act, ensure that the qualified electronic registered delivery service chosen as the mandatory channel is based on open, publicly available and royalty-free standards.",Guarantees interoperability and avoids vendor lock-in.,"SRC-EBW-PROPOSAL (Annex, point 11(2)(c))",L,proposal,data,B2B; B2G; G2B,Commission,analysis,draft,pending,CON-QUALIFIED-SERVICES; CON-DATA-PLANE,2026-10-03,2026-10-03,https://spherity.github.io/business-wallet-requirements/requirements/ebw-int-072/,"based on open, publicly available and royalty-free standards to guarantee interoperability and prevent vendor lock-in",P2,"K12 Registered delivery and notifications; K08 Protocols and interfaces; K18 Planes and evidence graph (control, data, verifiable evidence)",authority-side,ok,,
EBW-INT-073,INT,Interoperability and semantics,Authorities issue owner identification data per implementing acts,Competent authorities shall ensure that owner identification data issued to wallet units complies with the technical specifications set out in the implementing acts.,Common format makes owner identification data portable. (Council text places this duty on wallet providers.),"SRC-EBW-PROPOSAL (Annex, point 16(1))",L,proposal,trust,B2G; G2B,competent authority,inspection,draft,pending,CON-LEGAL-PERSON-ID; CON-AUTHENTIC-SOURCES,2026-10-03,2026-10-03,https://spherity.github.io/business-wallet-requirements/requirements/ebw-int-073/,comply with the technical specifications set out in the implementing acts,P2,K06 Identity and identifiers; K01 Credential data model and formats,authority-side,ok,"Statement says competent authorities, rationale says Council places it on providers; resolve.",
EBW-INT-074,INT,Interoperability and semantics,Signature creation application supports the listed interface,The signature creation application used by a wallet unit shall support at least the application programming interface referred to in Annex IV of Implementing Regulation (EU) 2024/2979.,It makes remote signing interchangeable between wallets and trust service providers.,"SRC-CIR-2026-1731 (Article 2(7)(c), inserting Article 12(4) of Implementing Regulation (EU) 2024/2979)",L,in force,data,B2B; B2G; G2B,wallet provider; signature creation application provider,test,draft,pending,CON-QUALIFIED-SERVICES,2026-10-03,2026-10-03,https://spherity.github.io/business-wallet-requirements/requirements/ebw-int-074/,shall support at least the application programming interface referred to in Annex IV,P2,"K08 Protocols and interfaces; K04 Key custody and wallet architecture; K18 Planes and evidence graph (control, data, verifiable evidence)",wallet-general,ok,EUDI profile; business wallet relevance open. Overlaps INT-075 and INT-070.,
EBW-INT-075,INT,Interoperability and semantics,Signing interface specified by ETSI TS 119 432,"The application programming interface of the signature creation application of a wallet unit shall comply with ETSI TS 119 432 v1.3.1, clauses 6.4.3, A.6, A.7 and A.8.",It replaces the earlier reference to the Cloud Signature Consortium specification and fixes how a relying party requests a signature from a wallet.,"SRC-CIR-2026-1731 (Annex VI, point 2, replacing point 3 of Annex IV to Implementing Regulation (EU) 2024/2979)",L,in force,data,B2B; B2G; G2B,wallet provider; signature creation application provider,test,draft,pending,CON-QUALIFIED-SERVICES,2026-10-03,2026-10-03,https://spherity.github.io/business-wallet-requirements/requirements/ebw-int-075/,"ETSI TS 119 432 v1.3.1 (2026-03) clauses 6.4.3, A.6, A.7 and A.8",P2,"K08 Protocols and interfaces; K04 Key custody and wallet architecture; K18 Planes and evidence graph (control, data, verifiable evidence)",wallet-general,ok,Consider merging with INT-074 as one requirement with the clause reference; business wallet relevance open.,
EBW-INT-076,INT,Interoperability and semantics,Wallet provider uses token status lists for instance and key status,The wallet provider shall use Token Status Lists as the revocation mechanism for both key attestations and wallet instance attestations.,It fixes one format for the status of wallet components.,"SRC-CIR-2026-1731 (Annex III (new Annex Ib), point 2(e), R_GEN-1)",L,in force,trust,B2B; B2G; G2B,wallet provider,inspection,draft,pending,CON-WUA; CON-REVOCATION,2026-10-03,2026-10-03,https://spherity.github.io/business-wallet-requirements/requirements/ebw-int-076/,A wallet provider shall use Token Status Lists (specified in IETF Token Status List) as the revocation mechanism,P2,K07 Credential lifecycle; K08 Protocols and interfaces,wallet-general,ok,Business wallet relevance open.,
EBW-INT-077,INT,Interoperability and semantics,Revocation method for mdoc attestations,"The provider of person identification data, of qualified attestations or of public-sector attestations issued in the mdoc format shall use one of the following revocation methods: short-lived attestations of 24 hours or less, an attestation status list, or an attestation revocation list.",It limits the choices of revocation mechanism for the mdoc format.,"SRC-CIR-2026-1731 (Annex IV (new Annex II), clause 6.2.10.1, EAA-6.2.10.1-02)",L,in force,trust,B2B; B2G; G2B,PID provider; qualified trust service provider,inspection,draft,pending,CON-REVOCATION,2026-10-03,2026-10-03,https://spherity.github.io/business-wallet-requirements/requirements/ebw-int-077/,shall use one of the following methods for revocation of person identification data,P2,K07 Credential lifecycle; K01 Credential data model and formats,wallet-general,reword,Quote mentions person identification data only; extension to qualified and public-sector attestations is not shown.,
EBW-INT-078,INT,Interoperability and semantics,Relying party that checks status supports both mdoc mechanisms,A wallet-relying party that needs to verify the revocation status of person identification data or attestations in the mdoc format shall support both the attestation status list mechanism and the attestation revocation list mechanism.,"Issuers may choose either mechanism, so a checking relying party must handle both.","SRC-CIR-2026-1731 (Annex IV (new Annex II), clause 6.2.10.1, EAA-6.2.10.1-05.1)",L,in force,trust,B2B; B2G; G2B,relying party,test,draft,pending,CON-REVOCATION,2026-10-03,2026-10-03,https://spherity.github.io/business-wallet-requirements/requirements/ebw-int-078/,it shall support both the attestation status list mechanism and the attestation revocation list mechanism,P2,K07 Credential lifecycle; K08 Protocols and interfaces,relying-party-side,ok,Business wallet relevance open.,
EBW-INT-079,INT,Interoperability and semantics,Status token for mdoc revocation carries an expiry,The token carrying the revocation list or status list of an mdoc attestation shall contain an expiry claim.,Relying parties need the time up to which they can rely on a cached list.,"SRC-CIR-2026-1731 (Annex IV (new Annex II), clause 6.2.10.1, EAA-6.2.10.1-08)",L,in force,trust,B2B; B2G; G2B,PID provider; qualified trust service provider,inspection,draft,pending,CON-REVOCATION,2026-10-03,2026-10-03,https://spherity.github.io/business-wallet-requirements/requirements/ebw-int-079/,the exp claim shall be present,P3,K07 Credential lifecycle; K08 Protocols and interfaces,wallet-general,ok,,
EBW-INT-080,INT,Interoperability and semantics,Discovery of recipients and delivery capabilities,"Where providers of electronic registered delivery interoperate under the reference standards of Implementing Regulation (EU) 2025/1944, they shall bind receiver identification to the OASIS Business Document Metadata Service Location specification and capability discovery to the OASIS Service Metadata Publishing specification.","Gives senders a standard way to find the recipient endpoint and the capabilities of the receiving provider, which the business wallet digital address relies on.","SRC-ETSI-EN-319522-4-3 (Clause 4 (Common Service Interface bindings, general concepts))",S,standard,data,B2B; B2G; G2B,qualified electronic registered delivery provider,test,draft,pending,CON-TRUST-LIST-DISCOVERY,2026-10-03,2026-10-03,https://spherity.github.io/business-wallet-requirements/requirements/ebw-int-080/,capability discovery service is bound to OASIS Service Metadata Publisher,P2,K12 Registered delivery and notifications; K08 Protocols and interfaces; K06 Identity and identifiers,provider-side,split,Quote supports capability discovery only; receiver identification binding not quoted.,
EBW-INT-081,INT,Interoperability and semantics,Presentation requests use the certificate-hash client identifier,A wallet-relying party shall identify itself in a presentation request with the x509_hash client identifier prefix and sign the request.,"Fixes one relying party identification method for EU interoperability, so that any wallet can authenticate any registered relying party. This is an EUDI Wallet profile; its use in the business wallet is part of DEC-07.","SRC-ETSI-119472-2 (Clause 6.4.1, OIDFVP-HAIP-COMMON-REQ-01)",S,standard,trust,B2B; B2G; G2B,wallet-relying party; wallet unit,test,draft,pending,CON-EBW-EUDIW; CON-TRUST-PLANE,2026-10-03,2026-10-03,https://spherity.github.io/business-wallet-requirements/requirements/ebw-int-081/,The Authorization Request shall use the Client Identifier Prefix x509_hash.,P2,K08 Protocols and interfaces; K05 Trust framework and discovery,wallet-general,split,Request signing is not in the quote; EUDI HAIP profile; business wallet use is open (DEC-07).,
EBW-INT-082,INT,Interoperability and semantics,Relayed delivery messages are signed and encrypted,The sending provider shall sign and encrypt every AS4 message that relays an electronic registered delivery message to another provider.,"Protects integrity and confidentiality on the hop between providers, which the end-user signature does not cover.",SRC-ETSI-EN-319522-4-1 (Clause 5.3 (Signing and encryption of the AS4 message)),S,standard,data,B2B; B2G; G2B,qualified electronic registered delivery provider,test,draft,pending,CON-QUALIFIED-SERVICES; CON-DATA-PLANE,2026-10-03,2026-10-03,https://spherity.github.io/business-wallet-requirements/requirements/ebw-int-082/,All AS4 messages exchanged between the ERDS shall be signed and encrypted by the sending ERDS.,P2,"K12 Registered delivery and notifications; K11 Security, resilience and incident handling; K08 Protocols and interfaces",provider-side,ok,,
EBW-INT-083,INT,Interoperability and semantics,Relay between delivery providers uses the push pattern,A provider that relays an electronic registered delivery message over AS4 shall use the push message exchange pattern only.,One exchange pattern across providers avoids pull-based polling differences that would break interoperability.,SRC-ETSI-EN-319522-4-1 (Clause 5.2 (Generic requirements)),S,standard,data,B2B; B2G; G2B,qualified electronic registered delivery provider,test,draft,pending,CON-QUALIFIED-SERVICES; CON-DATA-PLANE,2026-10-03,2026-10-03,https://spherity.github.io/business-wallet-requirements/requirements/ebw-int-083/,ERDS shall only use the push message exchange pattern.,P2,K08 Protocols and interfaces; K12 Registered delivery and notifications,provider-side,reword,"Quote says ERDS (not only relay) uses push; AS4 scope and relay restriction come from clause context, check.",
EBW-INT-084,INT,Interoperability and semantics,BPN registered as an ISO/IEC 6523 identification scheme,The structure of the Business Partner Number shall be registered as an organisation identification scheme under ISO/IEC 6523 with the Registration Authority under an International Code Designator.,Makes the BPN interoperable with other registered organisation identifier schemes (for example LEI) and restricts issuance to one issuing organisation.,SRC-CX-0010 (Section 2.2),S,ecosystem,data,B2B; M2M,BPN issuing organisation,inspection,draft,pending,CON-LEGAL-PERSON-ID; CON-CROSS-SECTOR; CON-CROSS-SECTOR,2026-10-03,2026-10-03,https://spherity.github.io/business-wallet-requirements/requirements/ebw-int-084/,MUST be registered as an organization identification scheme according to ISO/IEC 6523-1:2023,P1,"K17 Cross-jurisdiction identity, identifiers and assurance (EBW and non-EBW); K06 Identity and identifiers; K18 Planes and evidence graph (control, data, verifiable evidence)",provider-side,ok,"CX-Neptune preview, not certifiable. Cross-reference EBW-INT-060 (EUID compliant with ISO 6523). Rationale 'restricts issuance to one issuing organisation' is not in quote and conflicts with EBW multi-register and multi-provider model.",
EBW-INT-085,INT,Interoperability and semantics,Wallet identified by a DID using the did:web method,The wallet shall be associated with a Decentralized Identifier following DID v1.0 and using the did:web method.,"Participant identity rests on a web-domain-bound identifier, not on a legal-entity register entry.",SRC-CX-0149 (Section 2.1),S,ecosystem,trust,B2B; M2M,data space participant,inspection,draft,pending,CON-EBW-EUDIW,2026-10-03,2026-10-03,https://spherity.github.io/business-wallet-requirements/requirements/ebw-int-085/,The wallet MUST be associated with a Decentralized Identifier following the DID v1.0 specification and using the did:web method.,P2,"K08 Protocols and interfaces; K06 Identity and identifiers; K17 Cross-jurisdiction identity, identifiers and assurance (EBW and non-EBW)",wallet-general,ok,"Conflict: did:web binds identity to a web domain, not to a legal register entry; EBW identity proofing binds to legal person data. Flag for DEC-11 and DEC-03.",
EBW-INT-086,INT,Interoperability and semantics,BPN-DID resolution service provided by CSP-B,The core service provider-B shall provide the BPN-DID resolution service that maps the BPNL of a legal entity to its DID.,Binds the ecosystem identifier of a legal entity to its decentralised identifier at a single authority.,SRC-CX-0167 (Section 2),S,ecosystem,trust,B2B; M2M,core service provider-B,inspection,draft,pending,CON-LEGAL-PERSON-ID; CON-CROSS-SECTOR; CON-EBW-EUDIW,2026-10-03,2026-10-03,https://spherity.github.io/business-wallet-requirements/requirements/ebw-int-086/,is a Core Service-B that MUST be provided by the Core Service Provider-B,P2,"K06 Identity and identifiers; K17 Cross-jurisdiction identity, identifiers and assurance (EBW and non-EBW); K05 Trust framework and discovery",provider-side,ok,Single authority conflicts with EBW multi-provider model. CX-0167 only in preview.,
EBW-INT-087,INT,Interoperability and semantics,BPN-DID resolution only for onboarded legal entities,The BPN-DID resolution service shall provide mapping data exclusively for onboarded legal entities referenced by their BPNLs.,Resolution is limited to legal entities that passed onboarding.,SRC-CX-0167 (Section 2),S,ecosystem,trust,B2B; M2M,core service provider-B,inspection,draft,pending,CON-LEGAL-PERSON-ID; CON-CROSS-SECTOR,2026-10-03,2026-10-03,https://spherity.github.io/business-wallet-requirements/requirements/ebw-int-087/,exclusively provide mapping data for onboarded legal entites,P3,"K06 Identity and identifiers; K17 Cross-jurisdiction identity, identifiers and assurance (EBW and non-EBW); K05 Trust framework and discovery",provider-side,ok,Quote spells 'entites'; consider merging with INT-086 as one service requirement.,
EBW-INT-088,INT,Interoperability and semantics,A restricted power of attorney states the restricted faculty or service access,"Where a power of attorney attestation indicates that the power is restricted, it shall state either the faculty or the service access to which the restriction applies.",A bare restriction flag gives a verifier no way to evaluate the limit placed on a representative.,"SRC-WEBUILD-RB (rulebooks/rb-poa-pox.md, section 2.9, integrity rule IR-12)",S,ecosystem,data,B2B; B2G,attestation issuer; relying party,inspection,draft,pending,CON-MANDATE,2026-10-03,2026-10-03,https://spherity.github.io/business-wallet-requirements/requirements/ebw-int-088/,either the value `ProxyPowerScope.Faculty` or `ProxyPowerScope.ServiceAccess` SHALL exist,P2,"K03 Mandates, representation and delegation (employees, machines, agents); K01 Credential data model and formats",provider-side,ok,"Verified against registered commit de79cca (rulebooks/rb-poa-pox.md, v0.7) and v0.8 of 2026-09-04: section and quote unchanged. IR-12 in 2.9.",
EBW-INT-089,INT,Interoperability and semantics,Authorisation states the total number of signatures,A signature application that authorises use of a remote signing credential shall indicate the total number of signatures to authorise.,"It bounds each authorisation of a remotely held key, which matters for automated sealing of many documents; applies to the CSC API, not directly to the EBW.",SRC-CSC-API-V2 (Clause 11.6 credentials/authorize),S,standard,control,B2B; B2G; G2B,signature application; remote signing service provider,test,draft,pending,CON-QUALIFIED-SERVICES,2026-10-03,2026-10-03,https://spherity.github.io/business-wallet-requirements/requirements/ebw-int-089/,The numSignatures parameter SHALL indicate the total number of signatures to authorize.,P3,K04 Key custody and wallet architecture; K08 Protocols and interfaces,provider-side,ok,Protocol-specific; applies only if the CSC API is chosen. Note CIR 2026/1731 replaced the CSC reference with TS 119 432. Check clause 11.6 for the credential authorisation mode.,
EBW-INT-090,INT,Interoperability and semantics,Signing certificate of a seal identifies the creator of the seal,"Where a signature creation application service component is used to create an advanced electronic seal, the signing certificate shall identify the creator of the seal.","It binds the sealing key to the legal person that owns it, whoever operates the key store.","SRC-ETSI-TS-119431-2 (Annex B, OVR-B.1-02)",S,standard,trust,B2B; B2G; G2B,provider of a signature creation application service component,inspection,draft,pending,CON-QUALIFIED-SERVICES,2026-10-03,2026-10-03,https://spherity.github.io/business-wallet-requirements/requirements/ebw-int-090/,the signing certificate shall identify the creator of the seal,P3,"K04 Key custody and wallet architecture; K14 Conformity, certification and assurance",provider-side,ok,"Rationale (""whoever operates the key store"") goes beyond the quote.",
EBW-INT-091,INT,Interoperability and semantics,Unique identifier created on request or on wallet provision,"Where an economic operator or public sector body has not been attributed a European Unique Identifier, a unique identifier for owner identification data shall be created upon its request or upon the provision of a European Business Wallet to it, in accordance with the Commission implementing act.",The Council text adds the two triggers for creation that the Commission proposal (EBW-INT-007) lacks; the text does not name who creates the identifier.,SRC-COUNCIL-ST-9684-26 (Article 9(2)),L,proposal,trust,B2B; B2G,economic operator; public sector body,inspection,draft,pending,CON-LEGAL-PERSON-ID,2026-10-03,2026-10-03,https://spherity.github.io/business-wallet-requirements/requirements/ebw-int-091/,upon request from the economic operator or public sector body or upon the provision of a European Business Wallet to this entity,P2,"K06 Identity and identifiers; K17 Cross-jurisdiction identity, identifiers and assurance (EBW and non-EBW)",authority-side,merge-with EBW-INT-007,Adds the two triggers of Art 9(2) to INT-007. Creator of the identifier is not named in the source.,
EBW-INT-092,INT,Interoperability and semantics,Register notifications carry alternate identifiers such as the LEI,"Register notifications exchanged through the system of interconnection of registers shall provide for zero or more alternate identifiers of the company, such as the Legal Entity Identifier, in addition to the mandatory EUID.",BRIS is the only official channel where the EUID and the LEI of a company are exchanged side by side; the LEI is optional there.,"SRC-CIR-2021-1042 (Annex, point 5.1, branch disclosure notification, company data (also points 5.2 to 5.4))",L,in force,data,B2G; G2G,business register; Member State,inspection,draft,pending,CON-LEGAL-PERSON-ID,2026-10-03,2026-10-03,https://spherity.github.io/business-wallet-requirements/requirements/ebw-int-092/,Alternate ID Other identifiers of the company (e.g. Legal Entity Identifier) 0…n Identifier,P3,"K17 Cross-jurisdiction identity, identifiers and assurance (EBW and non-EBW); K06 Identity and identifiers; K18 Planes and evidence graph (control, data, verifiable evidence)",authority-side,ok,"Quote is a table row, not a duty; verify points 5.2 to 5.4. Rationale claim ""only official channel"" is unsupported.",
EBW-INT-093,INT,Interoperability and semantics,EUID given only for companies listed in Annex II,"In a first level query on disqualification of a legal entity, the requesting Member State shall give the other registration number of the entity where it is not a company listed in Annex II to Directive (EU) 2017/1132; the EUID is given only for listed companies.","Shows that the EUID does not cover every legal entity, which is why the proposal needs a created unique identifier for other owners.","SRC-CIR-2021-1042 (Annex, point 16.3.1, first level query on disqualification, legal entity data)",L,in force,data,B2G; G2G,Member State; business register,inspection,draft,pending,CON-LEGAL-PERSON-ID; CON-CROSS-SECTOR,2026-10-03,2026-10-03,https://spherity.github.io/business-wallet-requirements/requirements/ebw-int-093/,Other registration number if not a company listed in Annex II to Directive (EU) 2017/1132,P3,"K17 Cross-jurisdiction identity, identifiers and assurance (EBW and non-EBW); K06 Identity and identifiers; K18 Planes and evidence graph (control, data, verifiable evidence)",authority-side,merge-with EBW-TRU-093,Procedural BRIS rule of limited use; keep as evidence note on TRU-093 (EUID for Annex II/IIB companies).,
EBW-INT-094,INT,Interoperability and semantics,Branches of third-country companies disclosed with a unique identifier via BRIS,Member States shall ensure that the unique identifier of the branch of a company from a third country is available free of charge through the system of interconnection of registers.,"Gives third-country companies with an EU branch an EU-side identifier; the identifier is that of the branch, not of the third-country company (Article 29(4) of Directive (EU) 2017/1132 as applied by Article 36(5), to verify).","SRC-DIR-2025-25 (Article 36(4), point (g), and (5), of Directive (EU) 2017/1132 as inserted by Directive (EU) 2025/25)",L,in force,data,B2G; G2G,Member State,inspection,draft,pending,CON-LEGAL-PERSON-ID; CON-MULTI-TRUST,2026-10-03,2026-10-03,https://spherity.github.io/business-wallet-requirements/requirements/ebw-int-094/,Member States shall ensure that at least the following documents and information are available free of charge through the system of interconnection of registers,P3,"K17 Cross-jurisdiction identity, identifiers and assurance (EBW and non-EBW); K06 Identity and identifiers; K18 Planes and evidence graph (control, data, verifiable evidence)",authority-side,ok,Quote is the lead-in only; point (g) is not in it. Basis Art 29(4) not located (to verify). Identifier is that of the branch.,
EBW-INT-095,INT,Interoperability and semantics,Owner identification scheme states which attributes are disclosed together,"The attestation scheme for owner identification data shall state which attributes, in particular the unique identifier, may be disclosed separately and which only together with other attributes.","Derived: Article 5(1)(b) requires selective disclosure of owner identification data and Article 8(5) fixes its minimum content, while the WE BUILD rulebook forbids selective disclosure of its attributes (EBW-INT-057); the scheme is the place to settle this (see RES-J3).","SRC-EBW-PROPOSAL (Article 8(6), read with Article 5(1)(b) and Article 8(5))",D,proposal,trust,B2B; B2G,Commission,inspection,draft,pending,CON-LEGAL-PERSON-ID; CON-PRIVACY,2026-10-03,2026-10-03,https://spherity.github.io/business-wallet-requirements/requirements/ebw-int-095/,The Commission shall establish and maintain an attestation scheme for European Business Wallet owner identification data,P1,K01 Credential data model and formats; K09 Privacy and data protection; K06 Identity and identifiers,core,reword,Duty-holder: the scheme is not a legal person; Commission is the actor. Derivation stated. Conflict with INT-057 (atomic presentation); options in RES-J3. Feeds DEC-01 and DEC-08.,
EBW-INT-096,INT,Interoperability and semantics,LEI is carried in addition to the unique identifier,"Where owner identification data also carries an LEI or another secondary identifier, it shall carry it in addition to, and not in place of, the unique identifier attributed in accordance with Article 9.","Derived: Article 9 knows only the EUID or a created identifier; the LEI is an optional element of legal person data (EBW-INT-054), and whether an implementing act may designate it as the unique identifier is open (to verify).","SRC-EBW-PROPOSAL (Article 8(5), point (b), read with Article 9)",D,proposal,data,B2B; B2G,provider of owner identification data,inspection,draft,pending,CON-LEGAL-PERSON-ID,2026-10-03,2026-10-03,https://spherity.github.io/business-wallet-requirements/requirements/ebw-int-096/,the relevant unique identifier attributed in accordance with Article 9,P3,"K17 Cross-jurisdiction identity, identifiers and assurance (EBW and non-EBW); K06 Identity and identifiers",provider-side,ok,Whether an implementing act may designate the LEI as the unique identifier is open. Overlaps INT-054.,
EBW-INT-097,INT,Interoperability and semantics,EU power of attorney states whether the attorney may delegate onward,"The issuer of an EU power of attorney attestation shall include an attribute stating whether the attorney may delegate the granted powers to a third party, with the values allowed, not allowed or limited.",Without this attribute a relying party cannot tell whether a power exercised by a substitute is covered; the rulebook lists the attribute among the attributes of the attestation but names the issuer only implicitly (derived from the issuer rules in section 2.9).,"SRC-WEBUILD-RB (rb-eu-poa/README.md, sections 2.3 and 2.8 (scope_of_representation_power_of_substitution))",S,ecosystem,trust,B2B; B2G,attestation issuer; authorised representative,inspection,draft,pending,CON-MANDATE,2026-10-03,2026-10-03,https://spherity.github.io/business-wallet-requirements/requirements/ebw-int-097/,Whether the attorney may delegate the granted powers to a third party,P1,"K03 Mandates, representation and delegation (employees, machines, agents); K08 Protocols and interfaces; K17 Cross-jurisdiction identity, identifiers and assurance (EBW and non-EBW)",core,reword,"Source check: rb-eu-poa/README.md exists at registered commit de79cca (unchanged, v0.1 of 9.4.2026), sections 2.3 and 2.8 confirmed. But 2.3 lists the attribute as OPTIONAL (SD-JWT table marks it only as disclosable), so 'issuer shall include' overstates the source. Rulebook is a draft v0.1 with TBD semantic references.",
EBW-INT-098,INT,Interoperability and semantics,Limited onward delegation lists its limitations,"Where an EU power of attorney attestation states that substitution is limited, the issuer shall include the limitation details in the scope of representation powers and shall reject the attestation if they are missing.","A limited right to delegate onward is only verifiable if the limits are in the attestation, so that a chain of delegation cannot silently exceed them.","SRC-WEBUILD-RB (rb-eu-poa/README.md, section 2.9, integrity rule IR-04)",S,ecosystem,trust,B2B; B2G,attestation issuer,test,draft,pending,CON-MANDATE,2026-10-03,2026-10-03,https://spherity.github.io/business-wallet-requirements/requirements/ebw-int-098/,"If `scope_of_representation_power_of_substitution` = `limited`, additional limitation details MUST be included in `scope_of_representation_powers`.",P2,"K03 Mandates, representation and delegation (employees, machines, agents); K08 Protocols and interfaces",provider-side,ok,Source check: IR-04 confirmed at registered commit de79cca (rb-eu-poa v0.1). Quote is the rule column; the issuer-reject behaviour is in the same row's last column. Only applies when the optional attribute is present.,
EBW-LEG-001,LEG,Legal and compliance,Compliance with NIS2,The provider of European Business Wallets shall comply with the requirements of Directive (EU) 2022/2555.,Wallet services are treated as network and information systems requiring a high common level of cybersecurity.,SRC-EBW-PROPOSAL (Article 7(4)),L,proposal,governance,B2B; B2G,wallet provider,audit,draft,pending,,2026-10-03,2026-10-03,https://spherity.github.io/business-wallet-requirements/requirements/ebw-leg-001/,shall comply with the requirements set out in Directive (EU) 2022/2555,P1,"K11 Security, resilience and incident handling; K13 Governance, supervision and liability",provider-side,reword,Untestable as written; refined by LEG-021..028. Specify applicable NIS2 duties.,
EBW-LEG-002,LEG,Legal and compliance,Legal effect of electronic signatures,"An electronic signature shall not be denied legal effect and admissibility as evidence in legal proceedings solely because it is electronic or not qualified, and a qualified electronic signature shall have the equivalent legal effect of a handwritten signature.",Defines signature legal effects relied on by wallet signing functions.,SRC-EIDAS-CONSOL (Article 25(1) and 25(2)),L,in force,trust,B2B; B2C; B2G,Member State,analysis,draft,pending,CON-QUALIFIED-SERVICES,2026-10-03,2026-10-03,https://spherity.github.io/business-wallet-requirements/requirements/ebw-leg-002/,A qualified electronic signature shall have the equivalent legal effect of a handwritten signature.,P2,"K14 Conformity, certification and assurance; K15 Adoption, acceptance and cross-ecosystem interoperability; K04 Key custody and wallet architecture",authority-side,split,Quote supports only the QES clause; the non-discrimination clause is Art 25(1).,
EBW-LEG-003,LEG,Legal and compliance,Presumption for qualified electronic seals,The qualified electronic seal shall enjoy the presumption of integrity of the linked data and of correctness of the origin of that data.,Legal basis for sealing by legal persons in business wallets.,SRC-EIDAS-CONSOL (Article 35(2)),L,in force,trust,B2B; B2G,legal person; qualified trust service provider,analysis,draft,pending,CON-QUALIFIED-SERVICES; CON-LEGAL-PERSON-ID,2026-10-03,2026-10-03,https://spherity.github.io/business-wallet-requirements/requirements/ebw-leg-003/,shall enjoy the presumption of integrity of the data and of correctness of the origin of that data,P2,"K14 Conformity, certification and assurance; K04 Key custody and wallet architecture",authority-side,reword,'Linked data' collides with K01 linked-data vocabulary; effect rather than duty.,
EBW-LEG-004,LEG,Legal and compliance,Legal effect of electronic attestations of attributes,"A qualified electronic attestation of attributes, and an attestation of attributes issued by or on behalf of a public sector body responsible for an authentic source, shall have the same legal effect as lawfully issued attestations in paper form.",Grounds acceptance of attestations of legal person attributes.,SRC-EIDAS-CONSOL (Article 45b(2)),L,in force,trust,B2B; B2G,Member State,analysis,draft,pending,CON-QUALIFIED-SERVICES; CON-AUTHENTIC-SOURCES,2026-10-03,2026-10-03,https://spherity.github.io/business-wallet-requirements/requirements/ebw-leg-004/,shall have the same legal effect as lawfully issued attestations in paper form,P2,"K07 Credential lifecycle; K15 Adoption, acceptance and cross-ecosystem interoperability; K17 Cross-jurisdiction identity, identifiers and assurance (EBW and non-EBW)",authority-side,split,Quote covers qualified attestations only; public-sector authentic-source limb needs a separate quote; check paragraph.,
EBW-LEG-005,LEG,Legal and compliance,No combination of attestation service personal data,The provider of attestation services shall not combine personal data from the provision of those services with personal data from any other services of its own or its commercial partners.,Privacy safeguard against profiling.,SRC-EIDAS-CONSOL (Article 45h(1)),L,in force,assurance,B2C; B2B,attestation provider,audit,draft,pending,CON-PRIVACY,2026-10-03,2026-10-03,https://spherity.github.io/business-wallet-requirements/requirements/ebw-leg-005/,shall not combine personal data relating to the provision of those services with personal data from any other services,P2,"K09 Privacy and data protection; K13 Governance, supervision and liability",provider-side,ok,Check whether duty applies to all or only qualified attestation providers; related to NFR-010.,
EBW-LEG-006,LEG,Legal and compliance,Registrars keep registration records for 10 years,"The registrar shall keep records of the registered information, of the issuance of access and registration certificates, and of subsequent changes, for 10 years.",Provides evidence for supervision and disputes.,SRC-CIR-2025-848 (Article 10),L,in force,governance,B2G,registrar,audit,draft,pending,CON-B2G-REGISTRY,2026-10-03,2026-10-03,https://spherity.github.io/business-wallet-requirements/requirements/ebw-leg-006/,for 10 years.,P3,"K05 Trust framework and discovery; K10 Evidence, logging and audit",authority-side,reword,Quote is only '10 years'; instrument for 'Article 10' unnamed; record list unsupported. Tension with GDPR erasure (LEG-013).,
EBW-LEG-007,LEG,Legal and compliance,Data protection by design in wallet processing,"The controller shall, at the time of determining the means for processing and at the time of the processing itself, implement appropriate technical and organisational measures, such as pseudonymisation, designed to implement data-protection principles, such as data minimisation, effectively.","Role corrected from wallet provider to controller; 'such as pseudonymisation' restored; the measures are 'appropriate' taking into account state of the art, cost and risk.",SRC-GDPR (Article 25(1)),L,in force,trust,B2B; B2G; B2C,wallet provider; wallet operator,inspection,draft,pending,CON-PRIVACY,2026-10-03,2026-10-03,https://spherity.github.io/business-wallet-requirements/requirements/ebw-leg-007/,"implement appropriate technical and organisational measures, such as pseudonymisation, which are designed to implement data-protection principles, such as data minimisation",P2,K09 Privacy and data protection,wallet-general,reword,"Assigns duty to wallet provider; GDPR addresses the controller, whose role is undecided for EBW.",
EBW-LEG-008,LEG,Legal and compliance,Minimal personal data processing by default,"The controller shall implement appropriate technical and organisational measures ensuring that, by default, only personal data necessary for each specific purpose of the processing are processed, as to amount collected, extent of processing, storage period and accessibility.",Role corrected to controller; 'configure the wallet' replaced by the clause's 'appropriate technical and organisational measures'.,"SRC-GDPR (Article 25(2), first and second sentences)",L,in force,data,B2B; B2G,wallet provider,test,draft,pending,CON-PRIVACY,2026-10-03,2026-10-03,https://spherity.github.io/business-wallet-requirements/requirements/ebw-leg-008/,only personal data which are necessary for each specific purpose of the processing are processed,P2,"K09 Privacy and data protection; K06 Identity and identifiers; K18 Planes and evidence graph (control, data, verifiable evidence)",wallet-general,reword,"Controller role assumption; amount/extent/storage/accessibility not in quote. Overlaps LEG-007, LEG-010.",
EBW-LEG-009,LEG,Legal and compliance,No indefinite public exposure of personal data,"The controller shall implement appropriate technical and organisational measures ensuring that, by default, personal data are not made accessible without the individual's intervention to an indefinite number of natural persons.",Removed 'of natural persons held in or published from the wallet' (scope not in clause; the clause concerns personal data processed by the controller) and 'shall ensure' made the measures-based duty of the clause. Role corrected to controller.,"SRC-GDPR (Article 25(2), third sentence)",L,in force,data,B2B; B2G; G2B,wallet provider; directory operator,inspection,draft,pending,CON-PRIVACY,2026-10-03,2026-10-03,https://spherity.github.io/business-wallet-requirements/requirements/ebw-leg-009/,by default personal data are not made accessible without the individual's intervention to an indefinite number of natural persons,P1,"K09 Privacy and data protection; K06 Identity and identifiers; K18 Planes and evidence graph (control, data, verifiable evidence)",wallet-general,reword,"'Published from the wallet' not in quote; wallet does not publish, the directory does. 'Indefinite number' vague.",
EBW-LEG-010,LEG,Legal and compliance,Present only attributes necessary for the purpose,"When a wallet presents an attestation containing personal data, the wallet shall disclose only the attributes that are adequate, relevant and limited to what is necessary for the purpose stated by the relying party.","Data minimisation applies to each presentation, so the wallet must support attribute-level disclosure for representatives' personal data.",SRC-GDPR (Article 5(1)(c)),D,in force,data,B2B; B2G; B2C,wallet; relying party,test,draft,pending,CON-PRIVACY; CON-MANDATE,2026-10-03,2026-10-03,https://spherity.github.io/business-wallet-requirements/requirements/ebw-leg-010/,"adequate, relevant and limited to what is necessary in relation to the purposes for which they are processed",P2,"K09 Privacy and data protection; K01 Credential data model and formats; K18 Planes and evidence graph (control, data, verifiable evidence)",wallet-general,merge-with EBW-FUN-032,Duplicates selective disclosure in FUN-004/FUN-032/NFR-017; 'purpose stated by relying party' needs registration certificate.,
EBW-LEG-011,LEG,Legal and compliance,Retention limits for personal data held by wallet services,"The wallet provider shall define and enforce retention periods so that personal data in transaction logs, message records and backups are kept in identifiable form no longer than necessary for their purposes.",Wallet message and audit records contain representatives' identities and would otherwise accumulate indefinitely.,SRC-GDPR (Article 5(1)(e)),D,in force,data,B2B; B2G,wallet provider,inspection,draft,pending,CON-PRIVACY; CON-DATA-PLANE,2026-10-03,2026-10-03,https://spherity.github.io/business-wallet-requirements/requirements/ebw-leg-011/,kept in a form which permits identification of data subjects for no longer than is necessary for the purposes,P2,"K09 Privacy and data protection; K10 Evidence, logging and audit; K18 Planes and evidence graph (control, data, verifiable evidence)",wallet-general,ok,"Conflicts with log retention duties (LEG-006, NFR-014); needs defined periods per record class.",
EBW-LEG-012,LEG,Legal and compliance,Respond to data subject requests within one month,"The controller shall provide information on action taken on a request under Articles 15 to 22 to the data subject without undue delay and in any event within one month of receipt, which may be extended by two further months where necessary.",Removed the implication that one month is absolute: Art. 12(3) allows extension by two further months (complexity/number of requests) with notice and reasons within the first month. 'Rights request' narrowed to requests under Articles 15 to 22. Role: controller (already qualified in the statement).,SRC-GDPR (Article 12(3)),L,in force,governance,B2C; B2B,wallet provider; data subject,audit,draft,pending,CON-PRIVACY,2026-10-03,2026-10-03,https://spherity.github.io/business-wallet-requirements/requirements/ebw-leg-012/,without undue delay and in any event within one month of receipt of the request,P3,K09 Privacy and data protection,provider-side,reword,Omits extension option of Art 12(3); controller role assumed.,
EBW-LEG-013,LEG,Legal and compliance,Erasure capability for personal data in provider systems,The wallet provider shall design provider-held stores and registries so that personal data can be erased without undue delay where an erasure ground in Article 17(1) applies.,Append-only logs or registries that embed personal data would make the Article 17 obligation impossible to meet.,SRC-GDPR (Article 17(1)),D,in force,data,B2B; B2G; B2C,wallet provider,analysis,draft,pending,CON-PRIVACY,2026-10-03,2026-10-03,https://spherity.github.io/business-wallet-requirements/requirements/ebw-leg-013/,the controller shall have the obligation to erase personal data without undue delay where one of the following grounds applies,P1,"K09 Privacy and data protection; K10 Evidence, logging and audit; K18 Planes and evidence graph (control, data, verifiable evidence)",wallet-general,ok,Art 17(3) exceptions and retention duties (LEG-006) must be reconciled; ground list not in statement.,
EBW-LEG-014,LEG,Legal and compliance,Export wallet data in a machine-readable format,"Where processing is based on consent or contract and carried out by automated means, the wallet provider shall give the data subject their provided personal data in a structured, commonly used and machine-readable format and, where technically feasible, transmit them directly to another controller.",Portability supports changing wallet providers without losing the user's own data.,SRC-GDPR (Article 20(1)-(2)),L,in force,data,B2C; B2B,wallet provider; data subject,test,draft,pending,CON-PRIVACY; CON-DATA-PLANE,2026-10-03,2026-10-03,https://spherity.github.io/business-wallet-requirements/requirements/ebw-leg-014/,"in a structured, commonly used and machine-readable format and have the right to transmit those data to another controller",P2,"K09 Privacy and data protection; K15 Adoption, acceptance and cross-ecosystem interoperability; K18 Planes and evidence graph (control, data, verifiable evidence)",wallet-general,ok,Overlaps NFR-001 and FUN-031; Art 20 limited to data provided by the subject.,
EBW-LEG-015,LEG,Legal and compliance,Safeguards for solely automated decisions with legal effect,"Where a decision based solely on automated processing produces legal or similarly significant effects on a data subject and is necessary for a contract or based on explicit consent, the controller shall implement safeguards, at least human intervention, expressing a view and contesting it.","Art. 22(3) safeguards apply only to the Art. 22(2)(a) (contract) and (c) (explicit consent) exceptions; Art. 22(2)(b) (law) requires suitable measures laid down by that law, and Art. 22(1) is a data-subject right. Applying it to wallet functions or agents acting with wallet credentials and treating the operator as controller is a derivation. 'Natural person' = data subject.",SRC-GDPR (Article 22(1) and (3)),D,in force,control,A2A; B2B; B2C,AI agent operator; controller,inspection,draft,pending,CON-TRUSTED-AI; CON-AGENT-MANDATE,2026-10-03,2026-10-03,https://spherity.github.io/business-wallet-requirements/requirements/ebw-leg-015/,"the right not to be subject to a decision based solely on automated processing, including profiling",P2,"K16 AI-first and agent interoperability; K03 Mandates, representation and delegation (employees, machines, agents); K18 Planes and evidence graph (control, data, verifiable evidence)",wallet-general,reword,"Quote is Art 22(1) only; agent scope and safeguards from 22(3) derived. Art 22 protects natural persons, not legal persons.",
EBW-LEG-016,LEG,Legal and compliance,Record of processing activities,Each controller and processor operating wallet services shall maintain a written record of processing activities containing the information listed in Article 30 and make it available to the supervisory authority on request.,Wallet providers process identity data on a large scale and are not exempt under the small-organisation derogation.,SRC-GDPR (Article 30(1)-(4)),L,in force,assurance,B2B; B2G,wallet provider; wallet operator,audit,draft,pending,CON-PRIVACY,2026-10-03,2026-10-03,https://spherity.github.io/business-wallet-requirements/requirements/ebw-leg-016/,shall maintain a record of processing activities under its responsibility,P3,"K09 Privacy and data protection; K13 Governance, supervision and liability",provider-side,ok,Rationale claim on small-organisation derogation not supported by quote.,
EBW-LEG-017,LEG,Legal and compliance,Encryption and pseudonymisation of personal data,"The wallet provider and its processors shall implement, as appropriate to the risk, pseudonymisation and encryption of personal data they store or transmit.",Credentials and messages containing personal data are stored and exchanged across organisational boundaries.,SRC-GDPR (Article 32(1)(a)),L,in force,trust,B2B; B2G; B2C,wallet provider; processor,test,draft,pending,CON-PRIVACY,2026-10-03,2026-10-03,https://spherity.github.io/business-wallet-requirements/requirements/ebw-leg-017/,the pseudonymisation and encryption of personal data,P2,"K11 Security, resilience and incident handling; K09 Privacy and data protection",wallet-general,ok,"Overlaps LEG-035 encryption; Art 32 requires measures 'as appropriate', not unconditionally.",
EBW-LEG-018,LEG,Legal and compliance,Notify the supervisory authority of breaches within 72 hours,"When a personal data breach is likely to result in a risk to natural persons, the controller shall notify the competent supervisory authority without undue delay and, where feasible, not later than 72 hours after becoming aware of it.",Wallet operators need breach detection and an escalation process aligned with the 72-hour clock.,SRC-GDPR (Article 33(1)),L,in force,assurance,B2B; B2G,controller; wallet provider,audit,draft,pending,CON-PRIVACY,2026-10-03,2026-10-03,https://spherity.github.io/business-wallet-requirements/requirements/ebw-leg-018/,"not later than 72 hours after having become aware of it, notify the personal data breach to the supervisory authority",P3,"K11 Security, resilience and incident handling; K09 Privacy and data protection; K13 Governance, supervision and liability",provider-side,ok,"Requires processor-to-controller notice too; align with other incident clocks (LEG-027, LEG-039).",
EBW-LEG-019,LEG,Legal and compliance,Communicate high-risk breaches to data subjects,"When a personal data breach is likely to result in a high risk to natural persons, the controller shall communicate it to the data subject without undue delay in clear and plain language.","Wallet users must be reachable to be notified, so the wallet needs a notification channel.",SRC-GDPR (Article 34(1)-(2)),L,in force,assurance,B2C; B2B,controller; data subject,test,draft,pending,CON-PRIVACY,2026-10-03,2026-10-03,https://spherity.github.io/business-wallet-requirements/requirements/ebw-leg-019/,shall communicate the personal data breach to the data subject without undue delay,P3,K09 Privacy and data protection; K12 Registered delivery and notifications,provider-side,ok,Quote lacks 'clear and plain language'; exceptions in Art 34(3) omitted.,
EBW-LEG-020,LEG,Legal and compliance,Data protection impact assessment before wallet processing,"Before starting processing that is likely to result in a high risk to natural persons, the controller shall carry out an assessment of the impact of the envisaged processing operations on the protection of personal data.",New-technology identity wallets processing representatives' attributes at scale are likely to trigger a DPIA.,SRC-GDPR (Article 35(1)),L,in force,assurance,B2B; B2G; B2C,controller; wallet provider,audit,draft,pending,CON-PRIVACY,2026-10-03,2026-10-03,https://spherity.github.io/business-wallet-requirements/requirements/ebw-leg-020/,carry out an assessment of the impact of the envisaged processing operations on the protection of personal data,P3,"K09 Privacy and data protection; K13 Governance, supervision and liability",provider-side,ok,Rationale presumes DPIA is triggered; conditional on high risk.,
EBW-LEG-021,LEG,Legal and compliance,Qualified trust service providers are essential entities,Each qualified trust service provider shall be treated as an essential entity under NIS2 regardless of its size.,This sets the supervision and risk-management regime for every qualified service a business wallet relies on.,SRC-NIS2 (Article 3(1)(b)),L,in force,governance,B2B; B2G; G2B,qualified trust service provider; competent authority,inspection,draft,pending,CON-QUALIFIED-SERVICES,2026-10-03,2026-10-03,https://spherity.github.io/business-wallet-requirements/requirements/ebw-leg-021/,"qualified trust service providers and top-level domain name registries as well as DNS service providers, regardless of their size",P2,"K13 Governance, supervision and liability; K11 Security, resilience and incident handling",authority-side,reword,"Statement of status, not an obligation; rephrase as duty. Wallet providers covered separately by LEG-001.",
EBW-LEG-022,LEG,Legal and compliance,Management approval and oversight of cybersecurity measures,"The management body of an essential or important entity, including a trust service provider, shall approve the cybersecurity risk-management measures taken to comply with Article 21, oversee their implementation and can be held liable for infringements of that Article.","'Essential entity operating a trust service' was wrong: Art. 20(1) covers essential and important entities, and only qualified trust service providers are essential (Art. 3(1)(b)); non-qualified ones are important. Liability limited to infringements of Article 21 and is 'can be held liable'.",SRC-NIS2 (Article 20(1)),L,in force,governance,B2B; B2G,trust service provider; management body,audit,draft,pending,CON-QUALIFIED-SERVICES,2026-10-03,2026-10-03,https://spherity.github.io/business-wallet-requirements/requirements/ebw-leg-022/,approve the cybersecurity risk-management measures taken by those entities in order to comply with Article 21,P3,"K13 Governance, supervision and liability; K11 Security, resilience and incident handling",provider-side,reword,Quote supports only approval; oversight and liability not quoted.,
EBW-LEG-023,LEG,Legal and compliance,Risk analysis and information system security policies,"The trust service provider shall take appropriate and proportionate technical, operational and organisational measures based on an all-hazards approach, including policies on risk analysis and information system security.",This is the baseline for the security management system underlying wallet and trust-service operation.,SRC-NIS2 (Article 21(1) and 21(2)(a)),L,in force,assurance,B2B; B2G,trust service provider; wallet provider,audit,draft,pending,CON-TRUST-PLANE,2026-10-03,2026-10-03,https://spherity.github.io/business-wallet-requirements/requirements/ebw-leg-023/,based on an all-hazards approach that aims to protect network and information systems and the physical environment,P2,"K11 Security, resilience and incident handling; K13 Governance, supervision and liability",provider-side,merge-with EBW-OPS-005,Overlaps eIDAS risk-management duty OPS-003/005; two obligations (21(1) and 21(2)(a)).,
EBW-LEG-024,LEG,Legal and compliance,"Business continuity, backup and disaster recovery","The trust service provider shall maintain business continuity measures, including backup management, disaster recovery and crisis management.",Relying parties depend on status and signing services remaining available.,SRC-NIS2 (Article 21(2)(c)),L,in force,assurance,B2B; B2G,trust service provider,audit,draft,pending,CON-TRUST-PLANE,2026-10-03,2026-10-03,https://spherity.github.io/business-wallet-requirements/requirements/ebw-leg-024/,"business continuity, such as backup management and disaster recovery, and crisis management",P2,"K11 Security, resilience and incident handling",provider-side,ok,,
EBW-LEG-025,LEG,Legal and compliance,Supply chain security for direct suppliers,"An essential or important entity shall address supply chain security in its risk-management measures, taking into account vulnerabilities specific to each direct supplier and service provider and the overall quality of their products and cybersecurity practices, including secure development procedures.",Role generalised from trust service provider to essential or important entity (the law-defined role); 'when considering which measures are appropriate' qualifier made explicit via 'taking into account'.,SRC-NIS2 (Article 21(2)(d) and 21(3)),L,in force,assurance,B2B,trust service provider; supplier,audit,draft,pending,CON-TRUST-PLANE,2026-10-03,2026-10-03,https://spherity.github.io/business-wallet-requirements/requirements/ebw-leg-025/,"supply chain security, including security-related aspects concerning the relationships between each entity and its direct suppliers or service providers",P2,"K11 Security, resilience and incident handling; K13 Governance, supervision and liability",provider-side,ok,"Quote truncated; 21(3) elements (supplier quality, secure development) not shown.",
EBW-LEG-026,LEG,Legal and compliance,Policies on the use of cryptography,"The trust service provider shall maintain policies and procedures regarding the use of cryptography and, where appropriate, encryption.","Algorithm choice, key lifecycle and post-quantum migration must be governed by a documented policy.",SRC-NIS2 (Article 21(2)(h)),L,in force,assurance,B2B; B2G,trust service provider; wallet provider,inspection,draft,pending,CON-PQC; CON-TRUST-PLANE,2026-10-03,2026-10-03,https://spherity.github.io/business-wallet-requirements/requirements/ebw-leg-026/,"policies and procedures regarding the use of cryptography and, where appropriate, encryption",P2,"K11 Security, resilience and incident handling; K04 Key custody and wallet architecture",provider-side,ok,Post-quantum remark in rationale is not source-backed.,
EBW-LEG-027,LEG,Legal and compliance,Trust service providers notify significant incidents within 24 hours,"When a significant incident has an impact on the provision of its trust services, the trust service provider shall notify the CSIRT or competent authority without undue delay and in any event within 24 hours of becoming aware of it.",The trust service deadline is shorter than the 72 hours that applies to other entities.,"SRC-NIS2 (Article 23(4), second subparagraph)",L,in force,assurance,B2B; B2G,trust service provider; CSIRT,audit,draft,pending,CON-QUALIFIED-SERVICES,2026-10-03,2026-10-03,https://spherity.github.io/business-wallet-requirements/requirements/ebw-leg-027/,"a trust service provider shall, with regard to significant incidents that have an impact on the provision of its trust services",P2,"K11 Security, resilience and incident handling; K13 Governance, supervision and liability",provider-side,merge-with EBW-OPS-006,24 hours absent from quote. Duplicates OPS-004/006; clarify which regime prevails after NIS2.,
EBW-LEG-028,LEG,Legal and compliance,Inform service recipients of significant incidents and threats,"An essential or important entity shall, where appropriate, notify recipients of its services without undue delay of significant incidents likely to adversely affect those services and, where applicable, tell recipients potentially affected by a significant cyber threat which measures or remedies they can take.","Role generalised to essential or important entity. The two conditions are kept separate: 'where appropriate' for incident notice (23(1)), 'where applicable' and only potentially affected recipients for threat remedies (23(2)).","SRC-NIS2 (Article 23(1), second sentence, and 23(2))",L,in force,control,B2B; B2G,trust service provider; relying party,test,draft,pending,CON-CONTROL-PLANE,2026-10-03,2026-10-03,https://spherity.github.io/business-wallet-requirements/requirements/ebw-leg-028/,"notify, without undue delay, the recipients of their services of significant incidents that are likely to adversely affect the provision of those services",P3,"K11 Security, resilience and incident handling; K12 Registered delivery and notifications",provider-side,split,Quote supports notification of incidents only; threat-mitigation advice is separate (23(2)).,
EBW-LEG-029,LEG,Legal and compliance,Return of data in an accessible format on termination,"The wallet provider serving a financial entity shall contractually ensure access, recovery and return in an easily accessible format of the entity's data on insolvency, resolution, discontinuation or termination.",Financial-sector customers will require exit and portability of wallet-held records.,SRC-DORA (Article 30(2)(d)),D,in force,data,B2B,wallet provider; financial entity,inspection,draft,pending,CON-DATA-PLANE,2026-10-03,2026-10-03,https://spherity.github.io/business-wallet-requirements/requirements/ebw-leg-029/,"access, recovery and return in an easily accessible format of personal and non-personal data processed by the financial entity",P3,"K13 Governance, supervision and liability; K15 Adoption, acceptance and cross-ecosystem interoperability",provider-side,ok,DORA duty rests on the financial entity to include the clause; check whether wallet providers are ICT third-party providers.,
EBW-LEG-030,LEG,Legal and compliance,Provider assistance during ICT incidents for financial entities,"The wallet provider serving a financial entity shall assist the entity when an ICT incident related to the service occurs, at no additional cost or at a cost determined ex ante.",Financial-sector use of a business wallet makes the provider an ICT third-party service provider.,SRC-DORA (Article 30(2)(f)),D,in force,governance,B2B,wallet provider; financial entity,inspection,draft,pending,CON-B2G-REPORTING,2026-10-03,2026-10-03,https://spherity.github.io/business-wallet-requirements/requirements/ebw-leg-030/,"provide assistance to the financial entity at no additional cost, or at a cost that is determined ex-ante",P3,"K13 Governance, supervision and liability; K11 Security, resilience and incident handling",provider-side,merge-with EBW-LEG-029,Same DORA contract-clause group as LEG-029; combine into one DORA contractual requirement.,
EBW-LEG-031,LEG,Legal and compliance,Exit strategy and transition period for critical functions,"Where a wallet service supports a critical or important function of a financial entity, the wallet provider shall continue providing the service during a mandatory transition period that allows migration to another provider or in-house solution.",Interoperability and credential portability determine whether this exit is feasible.,SRC-DORA (Article 30(3)(f)),D,in force,governance,B2B,wallet provider; financial entity,inspection,draft,pending,CON-DATA-PLANE,2026-10-03,2026-10-03,https://spherity.github.io/business-wallet-requirements/requirements/ebw-leg-031/,"exit strategies, in particular the establishment of a mandatory adequate transition period",P2,"K15 Adoption, acceptance and cross-ecosystem interoperability; K13 Governance, supervision and liability; K01 Credential data model and formats",provider-side,ok,Applies only to critical or important functions; derived applicability to EBW.,
EBW-LEG-032,LEG,Legal and compliance,Wallet products meet both CRA and eIDAS security requirements,"Where a wallet is a product with digital elements within the scope of the CRA, its manufacturer shall comply with both the essential cybersecurity requirements of the CRA and the specific security requirements of Article 5a of Regulation 910/2014.","Recital 33 is non-operative and uses 'should'; the binding CRA duty falls on the manufacturer (Art. 13(1), Annex I). Applying 'shall' to the wallet provider derives the operative duty from the recital plus the manufacturer role; the recital also mentions optional demonstration by certification under an EU cybersecurity scheme. Regulation (EU) 2024/2847 applies from 11 December 2027 (Article 71(2)).",SRC-CRA (Recital (33)),D,in force,assurance,B2B; B2G; B2C,wallet provider,certification,draft,pending,CON-EBW-EUDIW,2026-10-03,2026-10-03,https://spherity.github.io/business-wallet-requirements/requirements/ebw-leg-032/,should comply with both the horizontal essential cybersecurity requirements set out in this Regulation and the specific security requirements,P2,"K14 Conformity, certification and assurance; K11 Security, resilience and incident handling",wallet-general,reword,Recital is non-binding ('should'); statement 'shall' overstates; CRA scope for wallets unconfirmed.,
EBW-LEG-033,LEG,Legal and compliance,Security updates with notification and postponement option,"The manufacturer of a wallet that is a product with digital elements shall, where applicable, ensure that vulnerabilities can be addressed through security updates, including automatic security updates enabled by default with an opt-out, update notifications and the option to temporarily postpone them.","Removed unconditional wording: Annex I Part I (2) applies 'on the basis of the cybersecurity risk assessment ... and where applicable', and automatic updates are 'where applicable'. Role corrected from wallet provider to manufacturer. Regulation (EU) 2024/2847 applies from 11 December 2027 (Article 71(2)).","SRC-CRA (Annex I, Part I, point (2)(c); Article 13(1))",L,in force,assurance,B2B; B2C,wallet provider; manufacturer,test,draft,pending,CON-EBW-EUDIW,2026-10-03,2026-10-03,https://spherity.github.io/business-wallet-requirements/requirements/ebw-leg-033/,"ensure that vulnerabilities can be addressed through security updates, including, where applicable, through automatic security updates",P2,"K11 Security, resilience and incident handling; K04 Key custody and wallet architecture",wallet-general,reword,"Opt-out, notification and postpone details not in quote; 'where applicable' dropped.",
EBW-LEG-034,LEG,Legal and compliance,Protection from unauthorised access with reporting,"The manufacturer of a wallet that is a product with digital elements shall, where applicable, ensure protection from unauthorised access by appropriate control mechanisms, including but not limited to authentication and identity or access management systems, and report on possible unauthorised access.",Role corrected to manufacturer and 'where applicable' (risk-assessment based) condition restored; 'ensure protection' replaces the stronger 'protect the wallet'. Regulation (EU) 2024/2847 applies from 11 December 2027 (Article 71(2)).,"SRC-CRA (Annex I, Part I, point (2)(d); Article 13(1))",L,in force,assurance,B2B; A2A,wallet provider; manufacturer,test,draft,pending,CON-CONTROL-PLANE; CON-AGENT-MANDATE,2026-10-03,2026-10-03,https://spherity.github.io/business-wallet-requirements/requirements/ebw-leg-034/,ensure protection from unauthorised access by appropriate control mechanisms,P2,"K11 Security, resilience and incident handling; K03 Mandates, representation and delegation (employees, machines, agents); K18 Planes and evidence graph (control, data, verifiable evidence)",wallet-general,ok,'Report on possible unauthorised access' is not in quote; overlaps NFR-012.,
EBW-LEG-035,LEG,Legal and compliance,Confidentiality and integrity of stored and transmitted data,"The manufacturer of a wallet that is a product with digital elements shall, where applicable, protect the confidentiality of stored, transmitted or otherwise processed data and protect its integrity against unauthorised manipulation or modification, and report on corruptions.","Removed 'using state-of-the-art encryption at rest and in transit' as a mandate: the clause gives encryption only as an example ('such as by encrypting relevant data at rest or in transit by state of the art mechanisms, and by using other technical means'). Role corrected to manufacturer; 'where applicable' restored. Regulation (EU) 2024/2847 applies from 11 December 2027 (Article 71(2)).","SRC-CRA (Annex I, Part I, point (2)(e) and (f); Article 13(1))",L,in force,assurance,B2B; B2G; B2C,wallet provider; manufacturer,test,draft,pending,CON-DATA-PLANE; CON-PQC,2026-10-03,2026-10-03,https://spherity.github.io/business-wallet-requirements/requirements/ebw-leg-035/,"protect the confidentiality of stored, transmitted or otherwise processed data, personal or other",P2,"K11 Security, resilience and incident handling; K09 Privacy and data protection; K18 Planes and evidence graph (control, data, verifiable evidence)",wallet-general,split,Merges confidentiality (Annex I(2)(e)) and integrity/reporting (2)(f); quote covers confidentiality only.,
EBW-LEG-036,LEG,Legal and compliance,Software bill of materials for vulnerability management,"The wallet provider shall identify and document vulnerabilities and components of the wallet, including a software bill of materials in a commonly used, machine-readable format covering at least top-level dependencies.",Supply chain transparency lets operators and authorities assess exposure to a component vulnerability. Regulation (EU) 2024/2847 applies from 11 December 2027 (Article 71(2)).,"SRC-CRA (Annex I, Part II, point (1))",L,in force,assurance,B2B; B2G,wallet provider; manufacturer,inspection,draft,pending,CON-EBW-EUDIW,2026-10-03,2026-10-03,https://spherity.github.io/business-wallet-requirements/requirements/ebw-leg-036/,a software bill of materials in a commonly used and machine-readable format covering at the very least the top-level dependencies,P2,"K11 Security, resilience and incident handling; K14 Conformity, certification and assurance",provider-side,ok,,
EBW-LEG-037,LEG,Legal and compliance,Coordinated vulnerability disclosure policy and contact point,"The manufacturer of a wallet that is a product with digital elements shall put in place and enforce a policy on coordinated vulnerability disclosure and take measures to facilitate sharing of vulnerability information, including by providing a contact address for reporting vulnerabilities.","Role corrected to manufacturer; the contact address is an example within the point (6) duty to facilitate information sharing about vulnerabilities (including in third-party components), not a stand-alone duty. Regulation (EU) 2024/2847 applies from 11 December 2027 (Article 71(2)).","SRC-CRA (Annex I, Part II, points (5) and (6))",L,in force,governance,B2B; B2G,wallet provider; manufacturer,inspection,draft,pending,CON-EBW-EUDIW,2026-10-03,2026-10-03,https://spherity.github.io/business-wallet-requirements/requirements/ebw-leg-037/,put in place and enforce a policy on coordinated vulnerability disclosure,P3,"K11 Security, resilience and incident handling; K13 Governance, supervision and liability",provider-side,ok,Contact address (point 6) not in quote.,
EBW-LEG-038,LEG,Legal and compliance,Support period of at least five years,"The manufacturer shall handle the wallet's vulnerabilities for a support period of at least five years, or the expected use time if shorter, and keep each security update available for 10 years or the remainder of the support period, whichever is longer.","Added 'whichever is longer' (Art. 13(9)); original 'or the remainder of the support period' read as an alternative that could shorten retention. Role corrected to manufacturer. Support period is determined by the manufacturer to reflect expected use time, minimum five years unless expected use is shorter. Regulation (EU) 2024/2847 applies from 11 December 2027 (Article 71(2)).",SRC-CRA (Article 13(8) and 13(9)),L,in force,governance,B2B; B2C,wallet provider; manufacturer,audit,draft,pending,CON-EBW-EUDIW,2026-10-03,2026-10-03,https://spherity.github.io/business-wallet-requirements/requirements/ebw-leg-038/,the support period shall be at least five years,P2,"K11 Security, resilience and incident handling; K13 Governance, supervision and liability; K07 Credential lifecycle",provider-side,split,Quote covers only 5-year support period; update availability is Art 13(9).,
EBW-LEG-039,LEG,Legal and compliance,Early warning of actively exploited vulnerabilities within 24 hours,"A manufacturer aware of an actively exploited vulnerability in its wallet product shall simultaneously notify the CSIRT designated as coordinator and ENISA via the single reporting platform, submitting an early warning without undue delay and within 24 hours.",Role corrected to manufacturer; 'designated CSIRT' made precise as the CSIRT designated as coordinator (Art. 14(7)); notification is simultaneous and via the single reporting platform. Reporting obligations apply from 11 September 2026 (recital 126 / Art. 71).,SRC-CRA (Article 14(1) and 14(2)(a); Article 16),L,in force,assurance,B2B; B2G,wallet provider; manufacturer; CSIRT; ENISA,audit,draft,pending,CON-EBW-EUDIW,2026-10-03,2026-10-03,https://spherity.github.io/business-wallet-requirements/requirements/ebw-leg-039/,"an early warning notification of an actively exploited vulnerability, without undue delay and in any event within 24 hours",P2,"K11 Security, resilience and incident handling; K13 Governance, supervision and liability",provider-side,ok,Quote omits CSIRT/ENISA recipients; add 72-hour and final reports; align with other incident clocks.,
EBW-LEG-040,LEG,Legal and compliance,Automatic event logging in high-risk AI systems,The provider of a high-risk AI system shall ensure that the system technically allows for the automatic recording of events (logs) over the lifetime of the system.,Art. 12(1) is a requirement on high-risk AI systems; the provider duty to ensure compliance is Art. 16(a). Application to AI agents acting with wallet credentials is a derivation and holds only if the agent is classified high-risk under Art. 6 (Annex I/III); not every agent is. Chapter III Sections 1-3 of Regulation (EU) 2024/1689 apply from 2 December 2027 (Annex III systems) or 2 August 2028 (Annex I systems) under Article 113 as amended by Regulation (EU) 2026/1744.,SRC-AIACT (Article 12(1); Article 16(a)),D,in force,assurance,A2A; B2B; B2G,AI agent provider; wallet,test,draft,pending,CON-TRUSTED-AI; CON-AGENT-MANDATE,2026-10-03,2026-10-03,https://spherity.github.io/business-wallet-requirements/requirements/ebw-leg-040/,shall technically allow for the automatic recording of events (logs) over the lifetime of the system,P3,"K16 AI-first and agent interoperability; K10 Evidence, logging and audit",horizontal,ok,"Assumes agents are high-risk AI systems; obligation falls on the AI provider, not the wallet.",also held in EBW-AIF-034
EBW-LEG-041,LEG,Legal and compliance,Human ability to interrupt a high-risk AI system,A high-risk AI system acting with wallet credentials shall allow assigned natural persons to intervene in its operation or interrupt it through a stop mechanism that brings it to a safe state.,Revocation or suspension of an agent's mandate is the wallet-side means of enforcing this stop. Chapter III Sections 1-3 of Regulation (EU) 2024/1689 apply from 2 December 2027 (Annex III systems) or 2 August 2028 (Annex I systems) under Article 113 as amended by Regulation (EU) 2026/1744.,SRC-AIACT (Article 14(4)(e)),D,in force,control,A2A; B2B,AI agent provider; deployer,test,draft,pending,CON-AI-SAFETY; CON-AGENT-MANDATE,2026-10-03,2026-10-03,https://spherity.github.io/business-wallet-requirements/requirements/ebw-leg-041/,intervene in the operation of the high-risk AI system or interrupt the system through a stop button,P2,"K16 AI-first and agent interoperability; K03 Mandates, representation and delegation (employees, machines, agents); K18 Planes and evidence graph (control, data, verifiable evidence)",horizontal,ok,Conditional on high-risk classification; mandate revocation mapping is derived.,also held in EBW-AIF-037; also held in EBW-AIF-038
EBW-LEG-042,LEG,Legal and compliance,Resilience of high-risk AI systems against manipulation,"A high-risk AI system acting with wallet credentials shall be resilient against attempts by unauthorised third parties to alter its use, outputs or performance by exploiting vulnerabilities.",Prompt or input manipulation of an agent holding signing authority would directly compromise a legal person. Chapter III Sections 1-3 of Regulation (EU) 2024/1689 apply from 2 December 2027 (Annex III systems) or 2 August 2028 (Annex I systems) under Article 113 as amended by Regulation (EU) 2026/1744.,SRC-AIACT (Article 15(5)),D,in force,assurance,A2A; B2B,AI agent provider,test,draft,pending,CON-AI-SAFETY; CON-TRUSTED-AI,2026-10-03,2026-10-03,https://spherity.github.io/business-wallet-requirements/requirements/ebw-leg-042/,"resilient against attempts by unauthorised third parties to alter their use, outputs or performance by exploiting system vulnerabilities",P3,"K16 AI-first and agent interoperability; K11 Security, resilience and incident handling",horizontal,ok,Not testable without defined robustness criteria; conditional on high-risk status.,also held in EBW-AIF-039
EBW-LEG-043,LEG,Legal and compliance,Disclose interaction with an AI system,"The provider of an AI system intended to interact directly with natural persons shall design it so that those persons are informed that they are interacting with an AI system, unless obvious from context.",Agents negotiating or presenting credentials with human counterparties must identify themselves as AI.,SRC-AIACT (Article 50(1)),D,in force,control,A2A; B2C; B2B,AI agent provider,test,draft,pending,CON-TRUSTED-AI; CON-AGENT-MANDATE,2026-10-03,2026-10-03,https://spherity.github.io/business-wallet-requirements/requirements/ebw-leg-043/,"informed that they are interacting with an AI system, unless this is obvious from the point of view of a natural person",P3,"K16 AI-first and agent interoperability; K18 Planes and evidence graph (control, data, verifiable evidence)",horizontal,ok,Applies to any AI system interacting with persons; not limited to agents with credentials.,also held in EBW-AIF-048
EBW-LEG-044,LEG,Legal and compliance,Registration of high-risk AI systems in the EU database,"Before placing on the market or putting into service a high-risk AI system listed in Annex III, the provider shall register itself and the system in the EU database referred to in Article 71.",Registration status can serve as evidence when a wallet verifies an AI agent's compliance claims.,SRC-AIACT (Article 49(1)),L,in force,governance,A2A; B2G,AI agent provider,inspection,draft,pending,CON-TRUSTED-AI; CON-AISP,2026-10-03,2026-10-03,https://spherity.github.io/business-wallet-requirements/requirements/ebw-leg-044/,shall register themselves and their system in the EU database referred to in Article 71,P3,"K16 AI-first and agent interoperability; K13 Governance, supervision and liability",authority-side,drop,Not a wallet or trust service obligation; evidence use is speculative. Keep only if an AI-compliance attestation is specified.,
EBW-LEG-045,LEG,Legal and compliance,Digital EU power of attorney data fields,"The digital EU power of attorney template shall include at least data fields about the scope of representation, the person authorised to represent the company and the type of representation.",These fields are the minimum content a verifier can rely on when a mandate originates from company-law representation. Member States apply the national measures from 31 July 2028 (Article 4(2) of Directive (EU) 2025/25).,SRC-DIR-2025-25 (Article 16c(4) of Directive (EU) 2017/1132 as inserted by Directive (EU) 2025/25),L,in force,trust,B2B; B2G,Commission; company; authorised representative,inspection,draft,pending,CON-MANDATE; CON-LEGAL-PERSON-ID,2026-10-03,2026-10-03,https://spherity.github.io/business-wallet-requirements/requirements/ebw-leg-045/,"which shall include at least data fields about the scope of representation, the person authorised to represent the company and the type of representation",P2,"K03 Mandates, representation and delegation (employees, machines, agents); K01 Credential data model and formats; K17 Cross-jurisdiction identity, identifiers and assurance (EBW and non-EBW)",authority-side,ok,Template is a Commission/MS obligation; wallet must carry these fields.,
EBW-LEG-046,LEG,Legal and compliance,Digital EU power of attorney authenticated by trust services,"Member States shall ensure that the digital EU power of attorney is authenticated by means of trust services referred to in Regulation (EU) No 910/2014 and that its granting, amendment or revocation is compatible for use with the European Digital Identity Wallet.",A wallet-based mandate is only legally anchored if the power of attorney is sealed or signed through eIDAS trust services. Member States apply the national measures from 31 July 2028 (Article 4(2) of Directive (EU) 2025/25).,"SRC-DIR-2025-25 (Article 16c(1), third subparagraph, of Directive (EU) 2017/1132 as inserted by Directive (EU) 2025/25)",L,in force,trust,B2B; B2G,Member State; trust service provider; wallet provider,inspection,draft,pending,CON-MANDATE; CON-QUALIFIED-SERVICES; CON-EBW-EUDIW,2026-10-03,2026-10-03,https://spherity.github.io/business-wallet-requirements/requirements/ebw-leg-046/,authenticated by means of trust services as referred to in Regulation (EU) No 910/2014,P1,"K03 Mandates, representation and delegation (employees, machines, agents); K05 Trust framework and discovery; K17 Cross-jurisdiction identity, identifiers and assurance (EBW and non-EBW)",authority-side,split,Two obligations; second half unsupported by recorded quote.,
EBW-LEG-047,LEG,Legal and compliance,Acceptance of digital EU power of attorney as evidence,A body within the scope of Directive (EU) 2017/1132 shall accept the digital EU power of attorney as evidence of the authorised person's entitlement to represent the company as specified in the document.,Relying parties cannot demand parallel proofs of representation for procedures within the Directive's scope. Member States apply the national measures from 31 July 2028 (Article 4(2) of Directive (EU) 2025/25).,SRC-DIR-2025-25 (Article 16c(2) of Directive (EU) 2017/1132 as inserted by Directive (EU) 2025/25),L,in force,governance,B2G; B2B,relying party; public authority; register,audit,draft,pending,CON-MANDATE; CON-B2G-REGISTRY,2026-10-03,2026-10-03,https://spherity.github.io/business-wallet-requirements/requirements/ebw-leg-047/,shall be accepted as evidence of the authorised person’s entitlement to represent the company as specified in the document,P1,"K03 Mandates, representation and delegation (employees, machines, agents); K15 Adoption, acceptance and cross-ecosystem interoperability; K17 Cross-jurisdiction identity, identifiers and assurance (EBW and non-EBW)",relying-party-side,ok,,
EBW-LEG-048,LEG,Legal and compliance,Suspension of a high-risk AI system presenting a risk,"When a deployer has reason to consider that use of a high-risk AI system acting with wallet credentials may present a risk within the meaning of Article 79(1), the deployer shall without undue delay inform the provider or distributor and the market surveillance authority and suspend its use.",A mandate should be suspended when the agent behind it is found unsafe. Chapter III Sections 1-3 of Regulation (EU) 2024/1689 apply from 2 December 2027 (Annex III systems) or 2 August 2028 (Annex I systems) under Article 113 as amended by Regulation (EU) 2026/1744.,"SRC-AIACT (Article 26(5), first subparagraph)",L,in force,governance,B2B; B2G,deployer; AI system provider,audit,draft,pending,CON-AI-SAFETY; CON-AGENT-MANDATE,2026-10-03,2026-10-03,https://spherity.github.io/business-wallet-requirements/requirements/ebw-leg-048/,"shall, without undue delay, inform the provider or distributor and the relevant market surveillance authority, and shall suspend the use of that system",P3,"K16 AI-first and agent interoperability; K03 Mandates, representation and delegation (employees, machines, agents); K13 Governance, supervision and liability",horizontal,reword,"Wallet-credential scoping is derivation; AI Act duty applies generally, so mark as D.",also held in EBW-AIF-044
EBW-LEG-049,LEG,Legal and compliance,Same legal effect as in-person or paper action,"Where an owner uses a core functionality of the European Business Wallet, the resulting action shall have the same legal effect as if it had been lawfully carried out in person, in paper form or by other compliant means.",Gives public bodies and counterparties legal certainty to accept wallet-based acts.,"SRC-EBW-PROPOSAL (Article 4, first subparagraph)",L,proposal,governance,B2G; B2B; G2B,wallet owner; public sector body,analysis,draft,pending,CON-EBW-EUDIW; CON-QUALIFIED-SERVICES,2026-10-03,2026-10-03,https://spherity.github.io/business-wallet-requirements/requirements/ebw-leg-049/,"the resulting action shall have the same legal effect as if the action had been lawfully carried out in person, in paper form",P1,"K15 Adoption, acceptance and cross-ecosystem interoperability; K12 Registered delivery and notifications",core,ok,Proposal only; check final wording.,
EBW-LEG-050,LEG,Legal and compliance,Equivalence for sole traders using registered delivery,"Where a self-employed person or sole trader uses the qualified electronic registered delivery service under Article 5(3), the resulting action shall have the same legal effect as if carried out in person or in paper form.",Sole traders without a full wallet get the same acceptance for registered delivery.,"SRC-EBW-PROPOSAL (Article 4, second subparagraph)",L,proposal,governance,B2G; B2B; G2B,sole trader; public sector body,analysis,draft,pending,CON-QUALIFIED-SERVICES,2026-10-03,2026-10-03,https://spherity.github.io/business-wallet-requirements/requirements/ebw-leg-050/,Where a self-employed person or a sole trader makes use of the qualified electronic registered delivery service,P2,"K15 Adoption, acceptance and cross-ecosystem interoperability; K12 Registered delivery and notifications",core,merge-with EBW-LEG-049,Second subparagraph of Article 4; could be kept as scope extension of LEG-049.,
EBW-LEG-051,LEG,Legal and compliance,Legal effect of Commission-issued owner identification data,Owner identification data issued by the Commission shall have the same legal effect as qualified electronic attestations of attributes and attestations of attributes issued by a public sector body responsible for an authentic source.,Union entities obtain a primary identity with the same standing as national owners.,SRC-EBW-PROPOSAL (Article 8(4)),L,proposal,trust,G2G; G2B; B2G,Commission; Union entity,analysis,draft,pending,CON-LEGAL-PERSON-ID; CON-QUALIFIED-SERVICES,2026-10-03,2026-10-03,https://spherity.github.io/business-wallet-requirements/requirements/ebw-leg-051/,shall have the same legal effect as qualified electronic attestations of attributes,P2,"K06 Identity and identifiers; K17 Cross-jurisdiction identity, identifiers and assurance (EBW and non-EBW)",core,ok,Check statement says qualified EAA equivalence only; quote truncated.,
EBW-LEG-052,LEG,Legal and compliance,No disadvantage for those without a wallet,Access to public and private services shall not be restricted or made disadvantageous to natural or legal persons that do not use European Digital Identity Wallets.,Counterparties without a wallet must remain reachable by other identification means.,SRC-EIDAS-CONSOL (Article 5a(15)),L,in force,governance,B2G; G2B; B2B; B2C,service provider; relying party,analysis,draft,pending,CON-EBW-EUDIW; CON-MULTI-TRUST,2026-10-03,2026-10-03,https://spherity.github.io/business-wallet-requirements/requirements/ebw-leg-052/,shall not in any way be restricted or made disadvantageous to natural or legal persons that do not use European Digital Identity Wallets,P1,"K15 Adoption, acceptance and cross-ecosystem interoperability; K17 Cross-jurisdiction identity, identifiers and assurance (EBW and non-EBW)",relying-party-side,ok,"Obligation is on service providers, not the wallet; drives counterparty-without-wallet design.",
EBW-LEG-053,LEG,Legal and compliance,Presumption of integrity and identified sender and addressee,"Data sent and received using a qualified electronic registered delivery service shall enjoy the presumption of the integrity of the data, of sending by the identified sender, of receipt by the identified addressee and of the accuracy of date and time.",Gives legal weight to delivery towards partners reached via a delivery service.,SRC-EIDAS-CONSOL (Article 43(2)),L,in force,trust,B2B; B2G; G2B,qualified registered delivery provider,analysis,draft,pending,CON-QUALIFIED-SERVICES,2026-10-03,2026-10-03,https://spherity.github.io/business-wallet-requirements/requirements/ebw-leg-053/,"shall enjoy the presumption of the integrity of the data, the sending of that data by the identified sender",P1,"K12 Registered delivery and notifications; K10 Evidence, logging and audit; K17 Cross-jurisdiction identity, identifiers and assurance (EBW and non-EBW)",provider-side,reword,"Quote ends at the sender clause; verify full list. 'shall enjoy' is a legal effect, not a design duty.",
EBW-LEG-054,LEG,Legal and compliance,Recognition of third-country trust services,Trust services provided by trust service providers established in a third country shall be recognised as legally equivalent to qualified trust services only where recognised by an implementing act or by an agreement under Article 218 TFEU.,Sets the legal route for equivalence of non-EU trust services (including attestations and seals).,SRC-EIDAS-CONSOL (Article 14(1)),L,in force,trust,B2B; B2G; G2B,Commission; third-country trust service provider,analysis,draft,pending,CON-MULTI-TRUST; CON-QUALIFIED-SERVICES,2026-10-03,2026-10-03,https://spherity.github.io/business-wallet-requirements/requirements/ebw-leg-054/,are recognised by means of implementing acts or an agreement concluded between the Union and the third country,P2,"K17 Cross-jurisdiction identity, identifiers and assurance (EBW and non-EBW); K05 Trust framework and discovery; K15 Adoption, acceptance and cross-ecosystem interoperability",authority-side,ok,The only-where restriction is implied by Article structure; fine.,
EBW-LEG-055,LEG,Legal and compliance,"No legalisation for register documents, EUCC and power of attorney","Member States shall ensure that the EU Company Certificate, the digital EU power of attorney and certified copies and extracts provided by a register are exempted from all forms of legalisation and any similar formality.",Cross-border acceptance of these documents without extra formalities. Member States apply the national measures from 31 July 2028 (Article 4(2) of Directive (EU) 2025/25).,SRC-DIR-2025-25 (Article 16d(1) and (2) of Directive (EU) 2017/1132 as inserted by Directive (EU) 2025/25),L,in force,trust,B2G; B2B,Member States,inspection,draft,pending,CON-LEGAL-PERSON-ID,2026-10-03,2026-10-03,https://spherity.github.io/business-wallet-requirements/requirements/ebw-leg-055/,are exempted from all forms of legalisation and any similar formality.,P3,"K17 Cross-jurisdiction identity, identifiers and assurance (EBW and non-EBW); K15 Adoption, acceptance and cross-ecosystem interoperability",authority-side,ok,,
EBW-LEG-056,LEG,Legal and compliance,EU Inc business communication shows company name and EUID,"The EU Inc. business related communication, in digital or paper form, shall contain the company name, EUID, registered office address, digital correspondence address and digital presence address.","Proposed rule making EUID visible in business communication, supporting its use as business wallet identifier.",SRC-COM-2026-321 (Article 29(1) of COM(2026) 321),L,proposal,data,B2B; B2G,EU Inc. companies,inspection,draft,pending,CON-LEGAL-PERSON-ID,2026-10-03,2026-10-03,https://spherity.github.io/business-wallet-requirements/requirements/ebw-leg-056/,"business related communication, regardless if in digital or paper form, shall contain the following information",P2,"K17 Cross-jurisdiction identity, identifiers and assurance (EBW and non-EBW); K06 Identity and identifiers; K18 Planes and evidence graph (control, data, verifiable evidence)",core,reword,Verify list of items in Article 29(1) is complete; 'digital presence address' definition unclear.,
EBW-LEG-057,LEG,Legal and compliance,Consumer-facing services designed to EAA requirements,"Where a service falls under Article 2(2) of Directive (EU) 2019/882, the service provider shall design and provide the service in accordance with the accessibility requirements of that Directive.","The Directive binds economic operators for services provided to consumers; a business wallet provider is bound only if it also offers such a service (inference), for example a consumer-facing e-commerce or electronic communications service.",SRC-DIR-2019-882 (Article 13(1); Article 2(2)),L,in force,governance,B2C,Service provider,audit,draft,pending,CON-EBW-EUDIW,2026-10-03,2026-10-03,https://spherity.github.io/business-wallet-requirements/requirements/ebw-leg-057/,Service providers shall ensure that they design and provide services in accordance with the accessibility requirements of this Directive.,P3,"K13 Governance, supervision and liability; K15 Adoption, acceptance and cross-ecosystem interoperability",horizontal,ok,EAA scope for a B2B wallet is an inference; consider merging LEG-057..061 into a conditional accessibility family.,
EBW-LEG-058,LEG,Legal and compliance,Accessibility information for services in terms and conditions,"The service provider shall include in its general terms and conditions, or an equivalent document, information assessing how the service meets the accessibility requirements, and shall make that information available to the public in written and oral format, including in a manner accessible to persons with disabilities.",Tells users and authorities how the service meets accessibility rules; for a wallet it is a documentation and publication duty on the provider.,SRC-DIR-2019-882 (Article 13(2); Annex V point 1),L,in force,governance,B2C,Service provider,inspection,draft,pending,CON-EBW-EUDIW,2026-10-03,2026-10-03,https://spherity.github.io/business-wallet-requirements/requirements/ebw-leg-058/,Service providers shall prepare the necessary information in accordance with Annex V and shall explain how the services meet the applicable accessibility requirements.,P3,"K15 Adoption, acceptance and cross-ecosystem interoperability; K13 Governance, supervision and liability",horizontal,reword,Written and oral format detail is not in the quote; Annex V point 1 not quoted.,
EBW-LEG-059,LEG,Legal and compliance,Procedures keep the service accessible over time,"The service provider shall ensure that procedures are in place so that the provision of the service remains in conformity with the applicable accessibility requirements, taking changes in the service, in the requirements and in the harmonised standards into account.","Accessibility is lost through updates, so the provider needs a change process that re-checks conformity.",SRC-DIR-2019-882 (Article 13(3)),L,in force,governance,B2C,Service provider,audit,draft,pending,CON-EBW-EUDIW,2026-10-03,2026-10-03,https://spherity.github.io/business-wallet-requirements/requirements/ebw-leg-059/,service providers shall ensure that procedures are in place so that the provision of services remains in conformity with the applicable accessibility requirements,P3,"K15 Adoption, acceptance and cross-ecosystem interoperability; K13 Governance, supervision and liability",horizontal,ok,,
EBW-LEG-060,LEG,Legal and compliance,Corrective measures and notice on accessibility non-conformity,"Where a service does not comply with the applicable accessibility requirements, the service provider shall take the corrective measures necessary to bring it into conformity and shall immediately inform the competent national authorities of the Member States in which the service is provided.",Gives the supervisor early sight of accessibility failures and requires a fix.,SRC-DIR-2019-882 (Article 13(4)),L,in force,governance,B2C,Service provider; National authority,audit,draft,pending,CON-EBW-EUDIW,2026-10-03,2026-10-03,https://spherity.github.io/business-wallet-requirements/requirements/ebw-leg-060/,service providers shall immediately inform the competent national authorities of the Member States in which the service is provided,P3,"K13 Governance, supervision and liability; K15 Adoption, acceptance and cross-ecosystem interoperability",horizontal,reword,"Quote covers only the notification; corrective measures part not in quote. Two obligations, arguably split.",
EBW-LEG-061,LEG,Legal and compliance,Demonstrate accessibility conformity to authority on request,"Upon a reasoned request from a competent authority, the service provider shall provide all information necessary to demonstrate the conformity of the service with the applicable accessibility requirements and shall cooperate with that authority.","Makes conformity demonstrable, so the provider must keep evidence such as test results and the burden assessment.",SRC-DIR-2019-882 (Article 13(5)),L,in force,assurance,B2C,Service provider; National authority,audit,draft,pending,CON-EBW-EUDIW,2026-10-03,2026-10-03,https://spherity.github.io/business-wallet-requirements/requirements/ebw-leg-061/,provide it with all information necessary to demonstrate the conformity of the service with the applicable accessibility requirements,P3,"K13 Governance, supervision and liability; K15 Adoption, acceptance and cross-ecosystem interoperability",horizontal,reword,Cooperation clause not in quote.,
EBW-LEG-062,LEG,Legal and compliance,Document any fundamental-alteration or burden assessment,"Where an economic operator relies on fundamental alteration or disproportionate burden, it shall document the assessment, keep the results for five years after the service was last provided, and renew the burden assessment at least every five years.",The only route to a lawful accessibility exception is a documented and refreshed assessment; a wallet provider that relies on it must keep the evidence.,"SRC-DIR-2019-882 (Article 14(2), (3) and (5))",L,in force,assurance,B2C,Service provider,audit,draft,pending,CON-EBW-EUDIW,2026-10-03,2026-10-03,https://spherity.github.io/business-wallet-requirements/requirements/ebw-leg-062/,Economic operators shall document the assessment referred to in paragraph 2.,P3,"K15 Adoption, acceptance and cross-ecosystem interoperability; K10 Evidence, logging and audit",horizontal,split,Quote covers only documentation; five-year retention and renewal not in quote.,
EBW-LEG-063,LEG,Legal and compliance,Authority websites and apps meet web accessibility principles,"Public sector bodies shall take the necessary measures to make their websites and mobile applications more accessible by making them perceivable, operable, understandable and robust.","Authority portals that receive wallet-based submissions or show wallet-derived data are public sector websites; the duty reaches Member State bodies, not the wallet provider (inference on the portal being in scope, see the research note).",SRC-DIR-2016-2102 (Article 4 (read with Article 1(2))),L,in force,governance,B2G; G2B,Public sector body; Member State,audit,draft,pending,CON-B2G-REPORTING; CON-AUTHORITY-ACCESS,2026-10-03,2026-10-03,https://spherity.github.io/business-wallet-requirements/requirements/ebw-leg-063/,Member States shall ensure that public sector bodies take the necessary measures to make their websites and mobile applications more accessible,P3,"K15 Adoption, acceptance and cross-ecosystem interoperability; K13 Governance, supervision and liability",authority-side,ok,Directive 2016/2102 binds Member States; portal in scope is an inference.,
EBW-LEG-064,LEG,Legal and compliance,Authority portal publishes an accessibility statement,"Public sector bodies shall provide and regularly update an accessibility statement on the compliance of their websites and mobile applications, including a feedback mechanism and a link to the enforcement procedure.",Gives business users and regulators a way to see and challenge accessibility gaps of a B2G portal.,SRC-DIR-2016-2102 (Article 7(1)),L,in force,assurance,B2G; G2B,Public sector body,inspection,draft,pending,CON-B2G-REPORTING; CON-AUTHORITY-ACCESS,2026-10-03,2026-10-03,https://spherity.github.io/business-wallet-requirements/requirements/ebw-leg-064/,"provide and regularly update a detailed, comprehensive and clear accessibility statement on the compliance of their websites and mobile applications",P3,"K15 Adoption, acceptance and cross-ecosystem interoperability; K13 Governance, supervision and liability",authority-side,reword,Feedback mechanism and enforcement link not in quote.,
EBW-LEG-065,LEG,Legal and compliance,Presumption of conformity for access control standards,"Compliance with the access control requirements of Annex point 12 shall be presumed where the standards, specifications and procedures set by the implementing acts are met.",Gives providers a route to conformity through listed standards.,"SRC-EBW-PROPOSAL (Annex, point 12(5))",L,proposal,control,B2B; B2G,wallet provider,certification,draft,pending,CON-CONTROL-PLANE,2026-10-03,2026-10-03,https://spherity.github.io/business-wallet-requirements/requirements/ebw-leg-065/,"Compliance with the requirements laid down in this Article shall be presumed where the standards, specifications and procedures",P3,"K14 Conformity, certification and assurance; K11 Security, resilience and incident handling; K18 Planes and evidence graph (control, data, verifiable evidence)",authority-side,reword,"Presumption of conformity is a legal effect, not a wallet obligation; quote cites Article, statement says Annex point 12 (quote truncated).",
EBW-LEG-066,LEG,Legal and compliance,Processor contract for provider processing,"Where the wallet provider processes personal data on behalf of an owner acting as controller, the processing shall be governed by a binding contract or other legal act under which the provider processes the data only on documented instructions of the owner.","The owner is an organisation and its users are people, so the provider may be a processor for user-level data and then needs the Article 28 contract.","SRC-GDPR (Article 28(3), introductory part and point (a))",L,in force,governance,B2B; B2G,wallet provider; owner,audit,draft,pending,CON-PRIVACY,2026-10-03,2026-10-03,https://spherity.github.io/business-wallet-requirements/requirements/ebw-leg-066/,shall be governed by a contract or other legal act under Union or Member State law,P2,"K09 Privacy and data protection; K13 Governance, supervision and liability",provider-side,reword,"Quote covers only the contract requirement; documented-instructions part is point (a), not quoted. Role is inference.",
EBW-LEG-067,LEG,Legal and compliance,Arrangement between joint controllers,"Where an owner and a wallet provider jointly determine the purposes and means of a processing operation, they shall in a transparent manner determine their respective responsibilities by an arrangement and make its essence available to the data subject.","Joint determination of purposes and means makes both parties responsible towards users, so the split has to be written down.",SRC-GDPR (Article 26(1) and (2)),L,in force,governance,B2B; B2G,wallet provider; owner,audit,draft,pending,CON-PRIVACY,2026-10-03,2026-10-03,https://spherity.github.io/business-wallet-requirements/requirements/ebw-leg-067/,They shall in a transparent manner determine their respective responsibilities for compliance with the obligations under this Regulation,P2,"K09 Privacy and data protection; K13 Governance, supervision and liability",provider-side,ok,Quote omits the data-subject availability part (Art 26(2)); whether provider and owner are joint controllers is open.,
EBW-LEG-068,LEG,Legal and compliance,Owner ensures measures for processing by its users,"An owner that is the controller shall ensure appropriate technical and organisational measures, including training and information of the users it authorises, so that processing by those users in the wallet complies with the data protection rules.","Processing by employees within an organisation is presumed to take place under the organisation control, so the duty to ensure compliance sits with the owner. Source is an EDPB guideline (not binding); the underlying duty is Article 24(1) GDPR.","SRC-EDPB-GL-07-2020 (Paragraph 19 (Controller, notion of entity) with footnote 9)",D,standard,governance,B2B; B2G,owner,audit,draft,pending,CON-PRIVACY; CON-MANDATE,2026-10-03,2026-10-03,https://spherity.github.io/business-wallet-requirements/requirements/ebw-leg-068/,"adequate technical and organizational measures, including e.g. training and information",P3,K09 Privacy and data protection; K02 Wallet subject model,core,reword,Source is non-binding EDPB guidance; true basis Art 24 GDPR. Provenance D with standard status; consider legal status guideline.,
EBW-LEG-069,LEG,Legal and compliance,Wallet authorisation changes do not alter legal mandates,"Granting, changing or revoking an authorisation of a user in the European Business Wallet shall not by itself create, limit or revoke any power of attorney or legal mandate of that user.","Derived from Article 5(1)(j) (without prejudice to any power of attorney or legal mandate) and recital (17) (authorisations are of a technical nature); the Council text states no duty-holder, so the wallet provider is the derived addressee.","SRC-COUNCIL-ST-9684-26 (Article 5(1), point (j); recital (17))",D,proposal,governance,B2B; B2G,wallet provider; wallet owner; wallet user,analysis,draft,pending,CON-AUTHORITY-ACCESS; CON-MANDATE,2026-10-03,2026-10-03,https://spherity.github.io/business-wallet-requirements/requirements/ebw-leg-069/,without prejudice to any power of attorney or legal mandate,P2,"K03 Mandates, representation and delegation (employees, machines, agents); K02 Wallet subject model; K13 Governance, supervision and liability",wallet-general,ok,"Derivation stated. Art 5(1)(j) says ""without prejudice""; ""shall not by itself create, limit or revoke"" is a derived reading and the provider as addressee is derived.",
EBW-LEG-070,LEG,Legal and compliance,Provider states who is responsible for each key,"The wallet provider shall state in its terms of service to the owner which party is responsible for the creation, protection and use of each private key, distinguishing the wallet provider, the owner and any qualified trust service provider.","Derived (criterion C7 of the DEC-03 page): no source allocates liability for key misuse between provider, owner and trust service provider; the ARF discussion paper places signature creation compliance on the QTSP; legal review needed, to verify.",SRC-ARF-DT-AB (Section 4.2),D,ecosystem,governance,B2B; B2G; G2B,wallet provider; wallet owner; qualified trust service provider,inspection,draft,pending,CON-QUALIFIED-SERVICES,2026-10-03,2026-10-03,https://spherity.github.io/business-wallet-requirements/requirements/ebw-leg-070/,"Although the liability on signature creation compliance is on the QTSP, the Wallet Unit shall follow applicable requirements to enable compliance of the involved QTSP.",P3,"K04 Key custody and wallet architecture; K13 Governance, supervision and liability",provider-side,ok,"Quote comes from a non-normative ARF discussion paper and does not reach the duty. Statement is a proposed disclosure, not law; needs legal review.",
EBW-LEG-071,LEG,Legal and compliance,Recognition of notified eID means across Member States,"Where electronic identification and authentication is required to access an online service of a public sector body, the Member State shall recognise an electronic identification means issued in another Member State under a listed scheme if its assurance level, substantial or high, is equal to or higher than the level the service requires.",Sets the cross-border assurance rule for representatives who authenticate to a business wallet or a public service with an eID means from another Member State; it does not cover private relying parties or third countries.,SRC-EIDAS-CONSOL (Article 6(1)),L,in force,trust,B2G; G2B,Member State; public sector body,inspection,draft,pending,CON-LOA; CON-MULTI-TRUST,2026-10-03,2026-10-03,https://spherity.github.io/business-wallet-requirements/requirements/ebw-leg-071/,shall be recognised in the first Member State for the purposes of cross-border authentication for that service online,P2,"K17 Cross-jurisdiction identity, identifiers and assurance (EBW and non-EBW); K15 Adoption, acceptance and cross-ecosystem interoperability; K06 Identity and identifiers",authority-side,ok,"Conditions (listed scheme, level) come from the full Art 6(1), not the quote. Research read the 2014 text; the consolidated text was not obtained: verify against SRC-EIDAS-CONSOL. Statement correctly limits scope to public sector.",
EBW-LEG-072,LEG,Legal and compliance,Agreements recognising third-country trust services require equivalent requirements,An agreement under which trust services of a third country are recognised as legally equivalent to qualified trust services shall ensure that the requirements applicable to qualified trust service providers in the Union and their qualified services are met by the third-country providers and services.,Article 14(2)(b) adds reciprocity (Union qualified services recognised in the third country); only point (a) is stated here. Without such an agreement a third-country seal or signature has no qualified effect.,"SRC-EIDAS-CONSOL (Article 14(2), point (a))",L,in force,governance,B2B; B2G,Union; third country,inspection,draft,pending,CON-MULTI-TRUST; CON-QUALIFIED-SERVICES,2026-10-03,2026-10-03,https://spherity.github.io/business-wallet-requirements/requirements/ebw-leg-072/,requirements applicable to qualified trust service providers established in the Union and the qualified trust services they provide are met,P3,"K17 Cross-jurisdiction identity, identifiers and assurance (EBW and non-EBW); K15 Adoption, acceptance and cross-ecosystem interoperability",authority-side,ok,"Only point (a); reciprocity (b) omitted. Related LEG-054. Duty-holder is the agreement (Union), acceptable.",
EBW-LEG-073,LEG,Legal and compliance,Transfers of personal data to third countries meet Chapter V,"Any transfer of personal data to a third country or an international organisation shall take place only if the controller and processor comply with the conditions of Chapter V of Regulation (EU) 2016/679, including for onward transfers.",Applies when a business wallet provider or relying party moves personal data of representatives to partners outside the Union; the wallet provider mapping is a derivation.,SRC-GDPR (Article 44),L,in force,governance,B2B; B2G,controller; processor,audit,draft,pending,CON-PRIVACY; CON-MULTI-TRUST,2026-10-03,2026-10-03,https://spherity.github.io/business-wallet-requirements/requirements/ebw-leg-073/,the conditions laid down in this Chapter are complied with by the controller and processor,P2,"K09 Privacy and data protection; K17 Cross-jurisdiction identity, identifiers and assurance (EBW and non-EBW)",horizontal,ok,Faithful to Art 44. Mapping to the wallet provider is a derivation.,
EBW-LEG-074,LEG,Legal and compliance,Appropriate safeguards where no adequacy decision exists,"In the absence of an adequacy decision, a controller or processor shall transfer personal data to a third country or an international organisation only if it has provided appropriate safeguards and enforceable data subject rights and effective legal remedies are available.","Most third-country partners of a business wallet will lack an adequacy decision, so safeguards such as standard data protection clauses are the normal route.",SRC-GDPR (Article 46(1)),L,in force,governance,B2B; B2G,controller; processor,audit,draft,pending,CON-PRIVACY,2026-10-03,2026-10-03,https://spherity.github.io/business-wallet-requirements/requirements/ebw-leg-074/,"In the absence of a decision pursuant to Article 45(3), a controller or processor may transfer personal data to a third country",P3,"K09 Privacy and data protection; K17 Cross-jurisdiction identity, identifiers and assurance (EBW and non-EBW)",horizontal,ok,"Art 46(1) ""may transfer ... only if"" restated; consider merging with LEG-073 or LEG-076.",
EBW-LEG-075,LEG,Legal and compliance,No wallet services to persons listed under EU asset-freeze measures,"The provider of European Business Wallets shall not make funds or economic resources available, directly or indirectly, to or for the benefit of natural or legal persons, entities or bodies listed in Annex I to Regulation (EU) No 269/2014, and shall assess whether wallet and owner identification services are economic resources within the meaning of that prohibition.","Derived: Article 2(2) of Regulation (EU) No 269/2014 prohibits making funds or economic resources available to listed persons and Article 17 applies it to EU-incorporated operators worldwide; that wallet services are economic resources is an interpretation to verify, and other EU sanctions regimes (for example Regulation (EU) No 833/2014) need the same check.",SRC-REG-269-2014 (Article 2(2) and Article 17),D,in force,governance,B2B; B2G,provider of European Business Wallets,audit,draft,pending,CON-MULTI-TRUST; CON-LEGAL-PERSON-ID,2026-10-03,2026-10-03,https://spherity.github.io/business-wallet-requirements/requirements/ebw-leg-075/,"No funds or economic resources shall be made available, directly or indirectly, to or for the benefit of natural persons or natural or legal persons",P2,"K13 Governance, supervision and liability; K17 Cross-jurisdiction identity, identifiers and assurance (EBW and non-EBW)",provider-side,reword,"Restated within Reg 269/2014 Art 2(2), quote machine-checked; provenance D. Wallet services as economic resources and other regimes (833/2014) still to verify by legal review.",
EBW-LEG-076,LEG,Legal and compliance,Third-country wallet equivalence does not replace GDPR transfer rules,"Where the exchange of attestations of attributes with a third-country wallet or framework recognised under Article 17 involves a transfer of personal data, the controller shall ensure that the conditions of Chapter V of Regulation (EU) 2016/679 are met.","Derived: equivalence of assurances under Article 17 weighs data protection standards but is not an adequacy decision under GDPR Article 45, so it cannot replace Chapter V.",SRC-COUNCIL-ST-9684-26 (Article 17(1) and (3)),D,proposal,governance,B2B; B2G,controller; provider of European Business Wallets,audit,draft,pending,CON-PRIVACY; CON-MULTI-TRUST,2026-10-03,2026-10-03,https://spherity.github.io/business-wallet-requirements/requirements/ebw-leg-076/,allow for the support of at least an identification and authentication functionality and the exchange of electronic attestations of attributes,P2,"K17 Cross-jurisdiction identity, identifiers and assurance (EBW and non-EBW); K09 Privacy and data protection",horizontal,ok,Quote (Art 17(1) functionality) does not reach the statement; the point that equivalence is not an Art 45 adequacy decision is a legal interpretation to confirm. Restates LEG-073 for this context.,
EBW-LEG-077,LEG,Legal and compliance,Delegates of EU Inc. directors are bound by directors' legal obligations,An individual to whom the directors of an EU Inc. company have delegated powers shall adhere to the legal obligations imposed on directors when exercising the delegated powers.,"Delegation by directors does not remove the legal duties attached to the power, which a wallet mandate for a delegate has to respect.",SRC-COM-2026-321 (Article 43(5) of COM(2026) 321 final),L,proposal,governance,B2B; B2G,EU Inc. companies; delegate of a director,inspection,draft,pending,CON-MANDATE,2026-10-03,2026-10-03,https://spherity.github.io/business-wallet-requirements/requirements/ebw-leg-077/,"to individuals who, in exercising the delegated powers, shall adhere to any legal obligations imposed on directors",P3,"K03 Mandates, representation and delegation (employees, machines, agents); K17 Cross-jurisdiction identity, identifiers and assurance (EBW and non-EBW)",horizontal,ok,"Source is a Commission proposal (COM(2026) 321, not adopted); may change in trilogue. Duty-holder is the delegate individual, not the wallet. Quote is truncated before 'delegated by directors'.",
EBW-LEG-078,LEG,Legal and compliance,Several directors of an EU Inc. represent the company jointly by default,"Where an EU Inc. company has several directors, the directors shall represent the company jointly.","Joint representation is the default rule; the individual-representation exception is in Article 43(2), covered by EBW-LEG-053. A wallet mandate model has to be able to express two or more signatories acting together (see EBW-TRU-168).",SRC-COM-2026-321 (Article 43(1) of COM(2026) 321 final),L,proposal,governance,B2B; B2G,EU Inc. companies; directors,inspection,draft,pending,CON-MANDATE,2026-10-03,2026-10-03,https://spherity.github.io/business-wallet-requirements/requirements/ebw-leg-078/,"If the EU Inc. company has several directors, they shall represent the company jointly",P2,"K03 Mandates, representation and delegation (employees, machines, agents); K17 Cross-jurisdiction identity, identifiers and assurance (EBW and non-EBW); K02 Wallet subject model",horizontal,ok,"Matches Art 43(1) quote. Rationale cites EBW-LEG-053 for the Art 43(2) individual-representation exception, but LEG-053 is eIDAS Art 43(2) (registered delivery presumption); the EU Inc. Art 43(2) item is not in the catalogue. Fix the rationale reference (no item exists yet). Complements TRU-168 (joint signatories); not a duplicate.",
EBW-LEG-079,LEG,Legal and compliance,Users can remove all data and settings from a product permanently,"The manufacturer of a device or software that is a product with digital elements shall, where applicable, ensure that users can securely and easily remove permanently all data and settings and, where the data can be transferred to other products or systems, that the transfer is secure.","Supports decommissioning of a device that holds wallet keys or credentials; role is the manufacturer under Article 13(1), and the duty is subject to the risk assessment (""where applicable""). Regulation (EU) 2024/2847 applies from 11 December 2027.","SRC-CRA (Annex I, Part I, point (2)(m); Article 13(1))",L,in force,assurance,B2B; M2M,manufacturer; device manufacturer,test,draft,pending,CON-WUA; CON-REVOCATION,2026-10-03,2026-10-03,https://spherity.github.io/business-wallet-requirements/requirements/ebw-leg-079/,provide the possibility for users to securely and easily remove on a permanent basis all data and settings,P2,"K04 Key custody and wallet architecture; K03 Mandates, representation and delegation (employees, machines, agents); K11 Security, resilience and incident handling",provider-side,ok,Duty-holder manufacturer; 'where applicable' kept; applies from 11 Dec 2027. Quote omits the transfer clause (end of Annex I (2)(m)); consider extending the quote.,
EBW-LEG-080,LEG,Legal and compliance,"Device records access to and modification of data, services and functions","The manufacturer of a product with digital elements shall, where applicable, ensure that the product provides security-related information by recording and monitoring relevant internal activity, including access to or modification of data, services or functions, with an opt-out mechanism for the user.","Gives a device-level source for a machine's own activity record, a precondition for attributing the machine's acts to its owner; role is the manufacturer under Article 13(1).","SRC-CRA (Annex I, Part I, point (2)(l); Article 13(1))",L,in force,assurance,B2B; M2M,manufacturer; device manufacturer,test,draft,pending,CON-CONTROL-PLANE,2026-10-03,2026-10-03,https://spherity.github.io/business-wallet-requirements/requirements/ebw-leg-080/,"provide security related information by recording and monitoring relevant internal activity, including the access to or modification of data, services or functions",P3,"K10 Evidence, logging and audit; K11 Security, resilience and incident handling; K03 Mandates, representation and delegation (employees, machines, agents)",provider-side,ok,Matches Annex I (2)(l) including opt-out. Applies only 'where applicable' per risk assessment.,
EBW-NFR-001,NFR,Non-functional,Export of wallet data and records,"The European Business Wallet shall enable the export of owner identification data, electronic attestations of attributes, communication logs and interaction records in a structured, commonly used and machine-readable format at the owner's request or on termination of service or revocation of the provider's notification.",Ensures portability and avoids lock-in.,SRC-EBW-PROPOSAL (Article 5(1)(l)),L,proposal,data,B2B; B2G,wallet provider; wallet owner,test,draft,pending,CON-DATA-PLANE,2026-10-03,2026-10-03,https://spherity.github.io/business-wallet-requirements/requirements/ebw-nfr-001/,"export their data, including issued European Business Wallet owner identification data, electronic attestations of attributes, communication logs, and interaction records",P1,"K01 Credential data model and formats; K09 Privacy and data protection; K18 Planes and evidence graph (control, data, verifiable evidence)",core,ok,"Overlaps LEG-014, FUN-031, LEG-029, OPS-002; consolidate export requirements. Triple trigger (request, termination, revocation) is acceptable.",
EBW-NFR-002,NFR,Non-functional,Access to a log of all transactions,The European Business Wallet shall enable the owner to access a log of all transactions.,Provides auditability for the owner.,SRC-EBW-PROPOSAL (Article 5(1)(m)),L,proposal,assurance,B2B; B2G,wallet provider; wallet owner,test,draft,pending,CON-DATA-PLANE,2026-10-03,2026-10-03,https://spherity.github.io/business-wallet-requirements/requirements/ebw-nfr-002/,access a log of all transactions,P1,"K10 Evidence, logging and audit; K09 Privacy and data protection; K18 Planes and evidence graph (control, data, verifiable evidence)",core,merge-with EBW-NFR-013,"Owner access to log of all transactions; NFR-013 defines what is logged, NFR-014 integrity. Keep as owner-access requirement.",
EBW-NFR-003,NFR,Non-functional,Technical and organisational measures for CIA and interoperability,"The provider of European Business Wallets shall implement appropriate technical and organisational measures to ensure the confidentiality, integrity, authenticity, interoperability and availability of its wallets with other business wallets and European Digital Identity Wallets.",Sets the overall security and interoperability duty.,SRC-EBW-PROPOSAL (Article 7(6)(a)),L,proposal,assurance,B2B; B2G,wallet provider,audit,draft,pending,CON-EBW-EUDIW,2026-10-03,2026-10-03,https://spherity.github.io/business-wallet-requirements/requirements/ebw-nfr-003/,"confidentiality, integrity, authenticity, interoperability, and availability",P2,"K11 Security, resilience and incident handling; K15 Adoption, acceptance and cross-ecosystem interoperability; K14 Conformity, certification and assurance",core,reword,Vague 'appropriate measures'; mixes security properties and interoperability.,
EBW-NFR-004,NFR,Non-functional,"Directory access limited to owners, representatives and providers","The Commission shall make the European Digital Directory accessible only to owners, their authorised representatives and providers of European Business Wallets.",Limits exposure of directory content.,SRC-EBW-PROPOSAL (Article 10(4)),L,proposal,assurance,B2B; B2G,Commission,test,draft,pending,CON-PRIVACY,2026-10-03,2026-10-03,https://spherity.github.io/business-wallet-requirements/requirements/ebw-nfr-004/,only accessible to European Business Wallet owners and their authorised representatives and providers of European Business Wallets,P2,K06 Identity and identifiers; K09 Privacy and data protection; K05 Trust framework and discovery,authority-side,recategorise INT,Obligation sits on the Commission; the design obligation is on the directory (restrict access). Reword as 'The directory shall...'.,
EBW-NFR-005,NFR,Non-functional,Accessible and plain-language trust services,"Providers of electronic identification means, trust services and the end-user products used for them shall make them available in plain and intelligible language, in accordance with the United Nations Convention on the Rights of Persons with Disabilities and the accessibility requirements of Directive (EU) 2019/882.",Ensures accessibility of wallet-related user interfaces and trust services.,SRC-EIDAS-CONSOL (Article 15),L,in force,assurance,B2C; B2B; B2G,trust service provider; wallet provider,inspection,draft,pending,CON-TRUST-PLANE,2026-10-03,2026-10-03,https://spherity.github.io/business-wallet-requirements/requirements/ebw-nfr-005/,"made available in plain and intelligible language, in accordance with the United Nations Convention on the Rights of Persons with Disabilities",P2,"K15 Adoption, acceptance and cross-ecosystem interoperability; K09 Privacy and data protection",provider-side,reword,"Quote cites UN CRPD, statement cites Directive 2019/882; the accessibility reference is not in the quote.",
EBW-NFR-006,NFR,Non-functional,Trustworthy systems and cryptography,"The qualified trust service provider shall use trustworthy systems and products protected against modification that ensure technical security and reliability, including suitable cryptographic techniques.",Core security requirement for all qualified services.,SRC-EIDAS-CONSOL (Article 24(2)(e)),L,in force,assurance,B2B; B2G,qualified trust service provider,certification,draft,pending,CON-QUALIFIED-SERVICES; CON-PQC,2026-10-03,2026-10-03,https://spherity.github.io/business-wallet-requirements/requirements/ebw-nfr-006/,use trustworthy systems and products that are protected against modification and ensure the technical security and reliability,P2,"K11 Security, resilience and incident handling; K14 Conformity, certification and assurance",provider-side,reword,"'Trustworthy' and 'suitable cryptographic techniques' not testable; tie to certification and crypto policy (see NFR-021, LEG-026). Quote lacks 'including suitable cryptographic techniques'.",
EBW-NFR-007,NFR,Non-functional,Protection against forgery and data tampering,"The qualified trust service provider shall take appropriate measures against forgery, theft or misappropriation of data and against unauthorised deletion, alteration or rendering data inaccessible.",Protects integrity and availability of issued data and evidence.,SRC-EIDAS-CONSOL (Article 24(2)(g)),L,in force,assurance,B2B,qualified trust service provider,audit,draft,pending,CON-QUALIFIED-SERVICES,2026-10-03,2026-10-03,https://spherity.github.io/business-wallet-requirements/requirements/ebw-nfr-007/,"take appropriate measures against forgery, theft or",P2,"K11 Security, resilience and incident handling; K10 Evidence, logging and audit",provider-side,ok,"Quote truncated at 'forgery, theft or'; the deletion and alteration part is not visible. Not testable as written; overlaps NFR-006.",
EBW-NFR-008,NFR,Non-functional,Remote signature creation data managed only by qualified provider,"Generating, managing or duplicating electronic signature creation data shall be carried out only on behalf of and at the request of the signatory by a qualified provider of remote creation device management.","Restricts custody of signing keys, relevant to remote signing and sealing for legal persons.",SRC-EIDAS-CONSOL (Article 29(1a)),L,in force,assurance,B2B,qualified trust service provider; signatory,audit,draft,pending,CON-QUALIFIED-SERVICES,2026-10-03,2026-10-03,https://spherity.github.io/business-wallet-requirements/requirements/ebw-nfr-008/,"only on behalf of the signatory, at the request of the signatory, and by a qualified trust service provider",P1,"K04 Key custody and wallet architecture; K14 Conformity, certification and assurance",core,reword,"Passive voice, no actor. Check applicability to seals via CER-006. Strong architecture driver for remote sealing in EBW.",
EBW-NFR-009,NFR,Non-functional,Limited backup of remote signature creation data,"The qualified provider managing remote signature creation devices shall duplicate creation data only for back-up, at the same security level as the original and with no more copies than needed for continuity.",Controls key duplication risk.,SRC-EIDAS-CONSOL (Article 29a(1)(b)),L,in force,assurance,B2B,qualified trust service provider,audit,draft,pending,CON-QUALIFIED-SERVICES,2026-10-03,2026-10-03,https://spherity.github.io/business-wallet-requirements/requirements/ebw-nfr-009/,the number of duplicated datasets must not exceed the minimum needed to ensure continuity of the service,P2,"K04 Key custody and wallet architecture; K11 Security, resilience and incident handling",provider-side,split,Quote covers only the minimum number of copies; 'only for back-up' and 'same security level' are not shown.,
EBW-NFR-010,NFR,Non-functional,Logical separation of attestation service data,The provider of attestation services shall keep personal data relating to the service logically separate from other data it holds.,Data separation for privacy.,SRC-EIDAS-CONSOL (Article 45h(2)),L,in force,assurance,B2C; B2B,attestation provider,inspection,draft,pending,CON-PRIVACY,2026-10-03,2026-10-03,https://spherity.github.io/business-wallet-requirements/requirements/ebw-nfr-010/,shall be kept logically separate from other data held by the provider of electronic attestation of attributes,P2,"K09 Privacy and data protection; K13 Governance, supervision and liability",provider-side,merge-with EBW-LEG-005,Same Article 45h; combine with LEG-005 (no combination of personal data) and NFR-011.,
EBW-NFR-011,NFR,Non-functional,Functional separation of qualified attestation service,The provider of qualified electronic attestation of attributes services shall implement the service in a manner functionally separate from its other services.,Prevents cross-service leakage.,SRC-EIDAS-CONSOL (Article 45h(3)),L,in force,assurance,B2B,qualified trust service provider,audit,draft,pending,CON-PRIVACY; CON-QUALIFIED-SERVICES,2026-10-03,2026-10-03,https://spherity.github.io/business-wallet-requirements/requirements/ebw-nfr-011/,in a manner that is functionally separate from other services provided by them,P2,"K13 Governance, supervision and liability; K09 Privacy and data protection",provider-side,ok,'Functionally separate' is not testable without definition; applies to qualified EAA providers only.,
EBW-NFR-012,NFR,Non-functional,Wallet user authentication before any function,The wallet unit shall not perform any wallet function other than wallet user authentication until the wallet unit has successfully authenticated the wallet user.,Prevents use of a lost or unattended wallet.,SRC-CIR-2024-2979 (Article 3(1)),L,in force,control,B2B; B2G; G2B,wallet unit; wallet user,test,draft,pending,CON-EBW-EUDIW,2026-10-03,2026-10-03,https://spherity.github.io/business-wallet-requirements/requirements/ebw-nfr-012/,"Wallet units shall not perform any functionality listed in Article 5a(4) of Regulation (EU) No 910/2014, except wallet user authentication",P2,"K04 Key custody and wallet architecture; K09 Privacy and data protection; K18 Planes and evidence graph (control, data, verifiable evidence)",wallet-general,recategorise FUN,Source is CIR 2024/2979 for EUDI wallets; EBW applicability must be confirmed. Reword 'any wallet function' to refer to the Article 5a(4) functions.,
EBW-NFR-013,NFR,Non-functional,Log all wallet transactions including failed ones,"The wallet instance shall log all transactions with wallet-relying parties and other wallet units, including electronic signing and sealing, irrespective of whether the transaction completes.",Gives users and auditors a complete record of data sharing.,SRC-CIR-2024-2979 (Article 9(1)),L,in force,assurance,B2B; B2G; G2B,wallet instance,test,draft,pending,CON-PRIVACY,2026-10-03,2026-10-03,https://spherity.github.io/business-wallet-requirements/requirements/ebw-nfr-013/,"wallet instances shall log all transactions with wallet-relying parties and other wallet units, including electronic signing and sealing.",P2,"K10 Evidence, logging and audit; K09 Privacy and data protection",wallet-general,ok,"'Irrespective of whether the transaction completes' is not in the quote. Also overlaps NFR-002, NFR-019.",
EBW-NFR-014,NFR,Non-functional,"Log integrity, user consent for provider access, and export","The wallet provider shall ensure integrity, authenticity and confidentiality of the transaction log, shall access it only where necessary for the wallet service and on explicit prior consent of the wallet user, and shall enable the wallet user to export it.",Protects the log from tampering and the user from silent monitoring.,"SRC-CIR-2024-2979 (Article 9(3), 9(5), 9(7))",L,in force,assurance,B2B; B2G; G2B,wallet provider,test,draft,pending,CON-PRIVACY,2026-10-03,2026-10-03,https://spherity.github.io/business-wallet-requirements/requirements/ebw-nfr-014/,on the basis of explicit prior consent by the wallet user.,P2,"K10 Evidence, logging and audit; K09 Privacy and data protection",wallet-general,split,"Combines integrity, consented access and export; source locations 9(3), 9(5), 9(7) differ, quote only covers consent.",
EBW-NFR-015,NFR,Non-functional,"No presentation before authentication, policy and approval","The wallet unit shall not present requested attributes until it has verified that the wallet user was authenticated by the secure cryptographic application, that embedded disclosure policies were processed, and that the user approved the presentation in part or in full.",Ensures user control over every disclosure.,SRC-CIR-2024-2982 (Article 3(9)),L,in force,control,B2B; B2G; G2B,wallet unit; wallet user,test,draft,pending,CON-EBW-EUDIW,2026-10-03,2026-10-03,https://spherity.github.io/business-wallet-requirements/requirements/ebw-nfr-015/,do not present any requested attributes to wallet-relying parties or wallet units until the following requirements are met,P2,"K09 Privacy and data protection; K04 Key custody and wallet architecture; K18 Planes and evidence graph (control, data, verifiable evidence)",wallet-general,recategorise FUN,"Three conditions; consider structured list. Overlaps NFR-017 and FUN-004, FUN-030.",
EBW-NFR-016,NFR,Non-functional,Revocation techniques hinder linkability,Providers of qualified attestations and of public-sector authentic-source attestations shall set up revocation techniques that are privacy preserving and hinder linkability and traceability.,Status checking must not become a tracking channel.,SRC-CIR-2025-1569 (Article 4(4)),L,in force,assurance,B2B; B2G; G2B,attestation provider,analysis,draft,pending,CON-REVOCATION; CON-PRIVACY,2026-10-03,2026-10-03,https://spherity.github.io/business-wallet-requirements/requirements/ebw-nfr-016/,revocation techniques and management methods that are privacy preserving and hindering linkability or traceability.,P1,K07 Credential lifecycle; K09 Privacy and data protection,provider-side,recategorise TRU,Overlaps NFR-018 and TRU-031. Statement scope (qualified and public sector attestations) not visible in quote.,
EBW-NFR-017,NFR,Non-functional,User approval before presenting any attribute,"The wallet unit shall ensure that the user approved the presentation of any attribute prior to presenting it, and shall always allow the user to refuse.",Consent is the gate for each disclosure.,"SRC-ARF-HLR (Annex 2 topic 6, RPA_07)",S,standard,control,B2B; B2G; G2B,wallet unit,test,draft,pending,CON-PRIVACY,2026-10-03,2026-10-03,https://spherity.github.io/business-wallet-requirements/requirements/ebw-nfr-017/,A Wallet Unit SHALL ensure the User approved the presentation of any attribute(s) in the Wallet Unit to a Relying Party or Verifier Wallet Unit,P2,"K09 Privacy and data protection; K08 Protocols and interfaces; K18 Planes and evidence graph (control, data, verifiable evidence)",wallet-general,merge-with EBW-NFR-015,Duplicate of NFR-015 with additional 'always allow refusal'; keep that clause when merging.,
EBW-NFR-018,NFR,Non-functional,Random status list indices and herd privacy,"When using an attestation status list, the provider shall randomly assign the index of each attestation and shall represent a sufficiently large number of attestations per list to ensure herd privacy.",Prevents the status index becoming a correlator.,"SRC-ARF-HLR (Annex 2 topic 7, VCR_17 and VCR_18)",S,standard,assurance,B2B; B2G; G2B,attestation provider; wallet provider,analysis,draft,pending,CON-REVOCATION; CON-PRIVACY,2026-10-03,2026-10-03,https://spherity.github.io/business-wallet-requirements/requirements/ebw-nfr-018/,"SHALL randomly assign the index for each PID or attestation, to prevent this index from becoming a correlator.",P2,K07 Credential lifecycle; K09 Privacy and data protection,provider-side,recategorise TRU,Technology-specific (status list index); reword neutrally as 'unpredictable status identifier' if neutrality is wanted. ARF text may change.,
EBW-NFR-019,NFR,Non-functional,Transaction log excludes presented attribute values,"For presentation and wallet-to-wallet transactions, the wallet unit shall not store the values of presented attributes in the transaction log.",The log itself must not become a data leak.,"SRC-ARF-HLR (Annex 2 topic 19, DASH_03a)",S,standard,assurance,B2B; B2G; G2B,wallet unit,inspection,draft,pending,CON-PRIVACY,2026-10-03,2026-10-03,https://spherity.github.io/business-wallet-requirements/requirements/ebw-nfr-019/,the log SHALL NOT contain the value of any attributes presented to the Relying Party or the Verifier Wallet Unit.,P2,"K10 Evidence, logging and audit; K09 Privacy and data protection",wallet-general,recategorise LEG,"Tension with NFR-013/NFR-002 and audit needs; resolve explicitly (log metadata, not values).",
EBW-NFR-020,NFR,Non-functional,Intermediary deletes attributes right after forwarding,An intermediary shall delete any attestations and user attributes obtained from the wallet unit completely and immediately after sending the attributes to the intermediated relying party.,Limits data retention by intermediaries.,"SRC-ARF-HLR (Annex 2 topic 52, RPI_10)",S,standard,data,B2B; B2G; G2B,intermediary,audit,draft,pending,CON-PRIVACY,2026-10-03,2026-10-03,https://spherity.github.io/business-wallet-requirements/requirements/ebw-nfr-020/,"SHALL delete any PIDs or attestations it obtained from the Wallet Unit, including any User attributes, completely and immediately",P2,"K09 Privacy and data protection; K08 Protocols and interfaces; K18 Planes and evidence graph (control, data, verifiable evidence)",relying-party-side,recategorise LEG,'Completely and immediately' is ambiguous for logs and backups. Intermediary is not an EBW function; confirm applicability.,
EBW-NFR-021,NFR,Non-functional,Wallet attestations use ECCG agreed cryptographic mechanisms,"When issuing, presenting or verifying a wallet instance attestation or key attestation, the participants shall use only cryptographic algorithms included in the ECCG Agreed Cryptographic Mechanisms v2.0.",Fixes an algorithm baseline for interoperability and review.,"SRC-ARF-HLR (Annex 2 topic 9, WUA_04)",S,standard,trust,B2B; B2G; G2B,wallet provider; issuer,analysis,draft,pending,CON-PQC; CON-WUA,2026-10-03,2026-10-03,https://spherity.github.io/business-wallet-requirements/requirements/ebw-nfr-021/,SHALL only use cryptographic algorithms included in the ECCG Agreed Cryptographic Mechanisms v2.0.,P2,"K11 Security, resilience and incident handling; K04 Key custody and wallet architecture",wallet-general,reword,Hard-wires v2.0 of a document; breaks crypto agility. 'Participants' is vague.,
EBW-NFR-022,NFR,Non-functional,Token requests name the target MCP server,"Where the wallet or an agent acts as an MCP client, the MCP client shall include the resource parameter (RFC 8707) identifying the target MCP server in both authorization requests and token requests.",Audience-restricted tokens stop a token granted for one tool server from being replayed against another.,"SRC-MCP-AUTH (Authorization, Resource Parameter Implementation)",S,ecosystem,control,M2M; A2A; B2B,agent; MCP client,test,draft,pending,CON-AISP,2026-10-03,2026-10-03,https://spherity.github.io/business-wallet-requirements/requirements/ebw-nfr-022/,MUST identify the MCP server that the client intends to use the token with.,P2,"K16 AI-first and agent interoperability; K08 Protocols and interfaces; K18 Planes and evidence graph (control, data, verifiable evidence)",core,ok,"Protocol-specific (MCP), not technology-neutral; keep as AIF profile.",
EBW-NFR-023,NFR,Non-functional,MCP server validates token audience,"Where the wallet or an agent exposes an MCP server, the MCP server shall validate that each access token was issued specifically for it as the intended audience.",It enforces the security boundary between wallet-facing tools and other services.,"SRC-MCP-AUTH (Authorization, Token Handling)",S,ecosystem,control,M2M; A2A; B2B,wallet provider; MCP server,test,draft,pending,CON-AISP,2026-10-03,2026-10-03,https://spherity.github.io/business-wallet-requirements/requirements/ebw-nfr-023/,MCP servers MUST validate that access tokens were issued specifically for them as the intended audience,P2,"K16 AI-first and agent interoperability; K11 Security, resilience and incident handling; K18 Planes and evidence graph (control, data, verifiable evidence)",core,ok,MCP-specific.,
EBW-NFR-024,NFR,Non-functional,No token passthrough by MCP servers,"Where the wallet or an agent exposes an MCP server, the MCP server shall not accept or forward any token that was not issued for that server.",Token passthrough breaks accountability: downstream logs would attribute the action to the wrong identity.,"SRC-MCP-AUTH (Authorization, Token Handling)",S,ecosystem,control,M2M; A2A; B2B,wallet provider; MCP server,test,draft,pending,CON-AISP; CON-AGENT-MANDATE,2026-10-03,2026-10-03,https://spherity.github.io/business-wallet-requirements/requirements/ebw-nfr-024/,MCP servers MUST NOT accept or transit any other tokens.,P2,"K16 AI-first and agent interoperability; K11 Security, resilience and incident handling; K18 Planes and evidence graph (control, data, verifiable evidence)",core,ok,MCP-specific.,
EBW-NFR-025,NFR,Non-functional,Per-client consent in MCP proxy servers,"Where the wallet or an agent operates an MCP proxy server in front of a third-party API, the proxy shall keep a per-user registry of approved client IDs and obtain consent for each client before forwarding to the third-party authorization flow.",It prevents the confused-deputy attack that obtains tokens without the user's explicit approval.,"SRC-MCP-SEC (Confused Deputy Problem, Mitigation)",S,ecosystem,control,B2B; M2M,wallet provider; MCP proxy server,test,draft,pending,CON-AISP,2026-10-03,2026-10-03,https://spherity.github.io/business-wallet-requirements/requirements/ebw-nfr-025/,MCP proxy servers MUST implement per-client consent and proper security controls,P3,"K16 AI-first and agent interoperability; K09 Privacy and data protection; K18 Planes and evidence graph (control, data, verifiable evidence)",core,ok,MCP-specific; narrow deployment.,
EBW-NFR-026,NFR,Non-functional,Explicit consent before one-click local server setup,"Where the wallet or an agent supports one-click configuration of local MCP servers, it shall show the exact command without truncation, identify it as a dangerous operation and require explicit user approval before running it.","A local server runs with the privileges of the client, which in a wallet context can reach key material.","SRC-MCP-SEC (Local MCP Server Compromise, Mitigation)",S,ecosystem,control,B2C; B2B,wallet user; agent,test,draft,pending,CON-AI-SAFETY; CON-PRIVACY,2026-10-03,2026-10-03,https://spherity.github.io/business-wallet-requirements/requirements/ebw-nfr-026/,"Show the exact command that will be executed, without truncation",P3,"K16 AI-first and agent interoperability; K11 Security, resilience and incident handling; K18 Planes and evidence graph (control, data, verifiable evidence)",wallet-general,ok,Does not belong in NFR if EBW rarely supports local MCP servers.,
EBW-NFR-027,NFR,Non-functional,Least-privilege scopes for agent tokens,"Where the wallet or an agent acts as an MCP client, the MCP client shall request only the scopes necessary for the intended operation and elevate incrementally through step-up authorization.",Narrow scopes limit the damage if an agent token is stolen and keep audit trails meaningful.,"SRC-MCP-AUTH (Authorization, Scope Selection Strategy)",D,ecosystem,control,M2M; A2A; B2B,agent; MCP client,inspection,draft,pending,CON-AISP; CON-AGENT-MANDATE,2026-10-03,2026-10-03,https://spherity.github.io/business-wallet-requirements/requirements/ebw-nfr-027/,MCP clients SHOULD follow the principle of least privilege by requesting only the scopes necessary,P2,"K16 AI-first and agent interoperability; K03 Mandates, representation and delegation (employees, machines, agents); K18 Planes and evidence graph (control, data, verifiable evidence)",core,reword,Source says SHOULD; statement hardens to shall and adds step-up. State derivation in rationale.,
EBW-NFR-028,NFR,Non-functional,A2A server authenticates every request,"Where the wallet or an agent implements A2A as a server, it shall authenticate every incoming request based on the credentials provided and its declared authentication requirements.",Declared securitySchemes are only meaningful if each call is checked.,SRC-A2A (Section 7.4 Server Authentication Responsibilities),S,ecosystem,control,M2M; A2A; B2B,agent; A2A server,test,draft,pending,CON-AISP,2026-10-03,2026-10-03,https://spherity.github.io/business-wallet-requirements/requirements/ebw-nfr-028/,MUST authenticate every incoming request based on the provided credentials and its declared authentication requirements.,P2,"K16 AI-first and agent interoperability; K08 Protocols and interfaces; K18 Planes and evidence graph (control, data, verifiable evidence)",core,ok,A2A-specific.,
EBW-NFR-029,NFR,Non-functional,A2A authorisation checks on every operation,"Where the wallet or an agent implements A2A as a server, it shall perform authorisation checks on every A2A operation and limit results to the authenticated caller's authorised boundaries.",It prevents one counterparty from seeing the tasks of another.,SRC-A2A (Section 13.1 Data Access and Authorization Scoping),S,ecosystem,control,M2M; A2A; B2B,agent; A2A server,test,draft,pending,CON-AISP; CON-AUTHORITY-ACCESS,2026-10-03,2026-10-03,https://spherity.github.io/business-wallet-requirements/requirements/ebw-nfr-029/,Servers MUST implement authorization checks on every A2A Protocol Operations request,P2,"K16 AI-first and agent interoperability; K03 Mandates, representation and delegation (employees, machines, agents); K18 Planes and evidence graph (control, data, verifiable evidence)",core,ok,A2A-specific.,
EBW-NFR-030,NFR,Non-functional,Extended Agent Card requires authentication,"Where the wallet or an agent offers an A2A extended Agent Card, it shall require authentication, using a scheme declared in the public card, before returning it.",Extended cards may carry organisation-specific capabilities that must not be public.,SRC-A2A (Section 13.3 Extended Agent Card Access Control),S,ecosystem,control,M2M; A2A; B2B,agent,test,draft,pending,CON-AISP; CON-AUTHORITY-ACCESS,2026-10-03,2026-10-03,https://spherity.github.io/business-wallet-requirements/requirements/ebw-nfr-030/,The Get Extended Agent Card operation MUST require authentication,P3,"K16 AI-first and agent interoperability; K08 Protocols and interfaces; K18 Planes and evidence graph (control, data, verifiable evidence)",core,ok,A2A-specific.,
EBW-NFR-031,NFR,Non-functional,In-band credentials bound to the originating agent,"Where the wallet or an agent passes in-task credentials in-band through a chain of A2A agents, the credentials shall be bound to the agent that originated the request.",Otherwise any intermediary agent in the chain could reuse a credential issued for the originator.,SRC-A2A (Section 7.6.3 In-Task Authorization Security Considerations),D,ecosystem,control,M2M; A2A; B2B,agent,analysis,draft,pending,CON-AGENT-MANDATE; CON-AISP,2026-10-03,2026-10-03,https://spherity.github.io/business-wallet-requirements/requirements/ebw-nfr-031/,Credentials SHOULD be bound to the agent which originated the request,P2,"K16 AI-first and agent interoperability; K03 Mandates, representation and delegation (employees, machines, agents); K18 Planes and evidence graph (control, data, verifiable evidence)",core,reword,Source SHOULD; rationale does not mark derivation.,
EBW-NFR-032,NFR,Non-functional,Audit trail for sensitive agent operations,"Where the wallet or an agent implements A2A, the agent shall keep audit trails for sensitive operations and shall exclude credentials and unneeded personal data from the logs.",The specification says SHOULD for trails and MUST NOT for sensitive log content; both are needed to attribute agent actions.,SRC-A2A (Section 13.4 General Security Best Practices),D,ecosystem,assurance,M2M; A2A; B2B,agent,audit,draft,pending,CON-AISP; CON-PRIVACY,2026-10-03,2026-10-03,https://spherity.github.io/business-wallet-requirements/requirements/ebw-nfr-032/,Agents SHOULD provide audit trails for sensitive operations,P2,"K10 Evidence, logging and audit; K16 AI-first and agent interoperability; K09 Privacy and data protection",core,split,"Two obligations (trail, log content); derivation stated. Overlaps NFR-033/035 and NFR-013.",
EBW-NFR-033,NFR,Non-functional,Audit logs record principal and agent separately,"Where the wallet or an agent acts under delegated authority, the policy enforcement point shall record distinct identifiers for the human or legal-person principal and for the agent instance that performed each action.",It makes agent actions attributable for compliance and forensics.,SRC-OIDF-AGENTIC (Section 2.11 Closing the Auditability Gap),D,ecosystem,assurance,B2B; B2G,agent; policy enforcement point,audit,draft,pending,CON-AGENT-MANDATE; CON-AISP,2026-10-03,2026-10-03,https://spherity.github.io/business-wallet-requirements/requirements/ebw-nfr-033/,unambiguously record not only who authorized an action but also which specific agent instance performed it,P1,"K10 Evidence, logging and audit; K16 AI-first and agent interoperability; K03 Mandates, representation and delegation (employees, machines, agents)",core,ok,Key AI-first accountability requirement; mark provenance derived if statement exceeds quote.,
EBW-NFR-034,NFR,Non-functional,Sender-constrained agent tokens,"Where the wallet or an agent uses DPoP sender-constrained tokens, the resource server shall ensure that the public key from the DPoP proof matches the key bound to the access token.",It stops a leaked agent token from being replayed by another party.,SRC-RFC-9449 (Section 7 Protected Resource Access),S,standard,control,M2M; A2A; B2B,resource server,test,draft,pending,CON-AISP,2026-10-03,2026-10-03,https://spherity.github.io/business-wallet-requirements/requirements/ebw-nfr-034/,Resource servers supporting DPoP MUST ensure that the public key from the DPoP proof matches the one bound to the access token.,P2,"K11 Security, resilience and incident handling; K16 AI-first and agent interoperability; K18 Planes and evidence graph (control, data, verifiable evidence)",core,ok,DPoP-specific; conditional on using DPoP.,
EBW-NFR-035,NFR,Non-functional,Every authenticated agent request leaves a trace,"Where the wallet or an agent uses workload identity for authentication, each authenticated request shall leave a verifiable and inspectable trace regardless of the authorisation decision.",Denied requests are as relevant for incident analysis as granted ones.,SRC-WIMSE-ARCH (Section 3.4.5 Audit Trails),S,standard,assurance,M2M; A2A; B2B,agent; wallet provider,audit,draft,pending,CON-AISP,2026-10-03,2026-10-03,https://spherity.github.io/business-wallet-requirements/requirements/ebw-nfr-035/,Each authenticated request MUST leave a verifiable and inspectable trace regardless of authentication and authorization decision.,P2,"K10 Evidence, logging and audit; K16 AI-first and agent interoperability; K11 Security, resilience and incident handling",core,merge-with EBW-NFR-013,NFR-013 logs failed wallet transactions; keep only if agent scope needed.,
EBW-NFR-036,NFR,Non-functional,"Agent signing keys protected, hardware-backed where available","Where the wallet or an agent holds a DID authentication key, the key shall be protected against disclosure and shall use hardware-backed storage, an HSM or a secure enclave where available.",The specification says SHOULD for hardware; agent keys that sign on behalf of a legal person warrant that.,SRC-W3C-AIAP-ID (Security Considerations),D,ecosystem,trust,M2M; A2A; B2B,agent; wallet provider,inspection,draft,pending,CON-AISP; CON-WUA,2026-10-03,2026-10-03,https://spherity.github.io/business-wallet-requirements/requirements/ebw-nfr-036/,"Hardware-backed key storage, an HSM, or a system secure enclave SHOULD be used where available.",P2,"K04 Key custody and wallet architecture; K16 AI-first and agent interoperability; K11 Security, resilience and incident handling",core,reword,Statement hardens SHOULD to shall for disclosure protection; hardware part conditional.,
EBW-NFR-037,NFR,Non-functional,User keeps full control of wallet use and data,The European Digital Identity Wallet shall leave the user in full control of the use of and of the data in the wallet.,"A personal wallet cannot be controlled by an employer, which limits employer-managed use.","SRC-EIDAS-CONSOL (Article 5a(14), first sentence)",L,in force,control,B2C; G2B; B2G,wallet provider; wallet user,inspection,draft,pending,CON-PRIVACY; CON-EBW-EUDIW,2026-10-03,2026-10-03,https://spherity.github.io/business-wallet-requirements/requirements/ebw-nfr-037/,Users shall have full control of the use of and of the data in their European Digital Identity Wallet,P1,"K02 Wallet subject model; K09 Privacy and data protection; K18 Planes and evidence graph (control, data, verifiable evidence)",wallet-general,ok,"Rationale on employer control is interpretation; Article 5a(14) concerns EUDI wallet, not EBW.",
EBW-NFR-038,NFR,Non-functional,No collection of wallet usage data beyond necessity,The provider of the European Digital Identity Wallet shall not collect information about the use of the wallet which is not necessary for the provision of wallet services.,"Prevents profiling of wallet users, including professional use.","SRC-EIDAS-CONSOL (Article 5a(14), second sentence)",L,in force,control,B2C; G2B; B2G,wallet provider,inspection,draft,pending,CON-PRIVACY,2026-10-03,2026-10-03,https://spherity.github.io/business-wallet-requirements/requirements/ebw-nfr-038/,shall neither collect information about the use of the European Digital Identity Wallet which is not necessary,P2,"K09 Privacy and data protection; K13 Governance, supervision and liability; K18 Planes and evidence graph (control, data, verifiable evidence)",wallet-general,merge-with EBW-LEG-008,Overlaps LEG-008/LEG-007 on minimal processing; keep if wallet-usage telemetry is specific.,
EBW-NFR-039,NFR,Non-functional,"Logging policy for signing, sealing and notifications","The European Business Wallet provider shall provide a logging policy covering at least electronic signing, electronic sealing and notifications of all transactions, whether or not completed.","Council text, not the Commission proposal. Makes acts of users attributable and auditable.","SRC-COUNCIL-ST-9684-26 (Annex, point 7(1))",L,proposal,assurance,B2B; B2G; G2B,wallet provider,inspection,draft,pending,CON-EBW-EUDIW,2026-10-03,2026-10-03,https://spherity.github.io/business-wallet-requirements/requirements/ebw-nfr-039/,"shall provide an appropriate logging policy that shall include, at a minimum, electronic signing, electronic sealing, and notifications",P1,"K10 Evidence, logging and audit; K12 Registered delivery and notifications; K04 Key custody and wallet architecture",core,merge-with EBW-NFR-013,"Council position, not adopted law; overlaps NFR-013 and NFR-002.",
EBW-NFR-040,NFR,Non-functional,Provider access to logs where necessary for the service,The European Business Wallet provider shall access transaction logs only where this is necessary for the provision of the wallet services.,"Council text, not the Commission proposal. The Council text drops the prior consent condition that applies to personal wallets.","SRC-COUNCIL-ST-9684-26 (Annex, point 7(5))",L,proposal,assurance,B2B; B2G; G2B,wallet provider,inspection,draft,pending,CON-PRIVACY,2026-10-03,2026-10-03,https://spherity.github.io/business-wallet-requirements/requirements/ebw-nfr-040/,"shall be accessible to the European Business Wallets provider, where it is necessary for the provision of European Business Wallets services",P2,"K10 Evidence, logging and audit; K09 Privacy and data protection",core,merge-with EBW-NFR-014,Overlaps NFR-014 consent condition; Council divergence. Verify against Commission proposal.,
EBW-NFR-041,NFR,Non-functional,Access events logged with verifiable proofs of authorisation,The European Business Wallet provider shall log and timestamp all access and execution events and bind them to cryptographically verifiable proofs of authorisation suitable for audit and legal proceedings.,"Council text, not the Commission proposal. Makes it provable on whose authority an act was done.","SRC-COUNCIL-ST-9684-26 (Annex, point 12(2)(c))",L,proposal,assurance,B2B; B2G; G2B,wallet provider,audit,draft,pending,CON-MANDATE,2026-10-03,2026-10-03,https://spherity.github.io/business-wallet-requirements/requirements/ebw-nfr-041/,"all access and execution events are logged, timestamped, and bound to cryptographically verifiable proofs of authorisation",P1,"K10 Evidence, logging and audit; K03 Mandates, representation and delegation (employees, machines, agents); K04 Key custody and wallet architecture",core,ok,Council text; overlaps NFR-033 conceptually.,
EBW-NFR-042,NFR,Non-functional,Import of owner data from another provider,The European Business Wallet provider shall enable owners to import their exported data to benefit from data portability across wallet providers.,"Council text, not the Commission proposal. Completes exit and switching beyond export.","SRC-COUNCIL-ST-9684-26 (Article 5(1), point (la))",L,proposal,data,B2B; B2G; G2B,wallet provider; wallet owner,inspection,draft,pending,CON-EBW-EUDIW,2026-10-03,2026-10-03,https://spherity.github.io/business-wallet-requirements/requirements/ebw-nfr-042/,import their data as listed under point (l) to benefit from data portability across,P2,"K15 Adoption, acceptance and cross-ecosystem interoperability; K09 Privacy and data protection; K18 Planes and evidence graph (control, data, verifiable evidence)",core,merge-with EBW-NFR-001,"Council text; export is NFR-001/LEG-014, import is additional obligation.",
EBW-NFR-043,NFR,Non-functional,Unlinkability across relying parties,The wallet solution shall enable privacy preserving techniques which ensure unlinkability across different relying parties where the attestation does not require identification of the wallet user.,Stops relying parties from correlating the same holder.,SRC-CIR-2024-2982 (Article 3(10)),L,in force,data,B2B; B2G; B2C; G2B,wallet provider,analysis,draft,pending,CON-PRIVACY,2026-10-03,2026-10-03,https://spherity.github.io/business-wallet-requirements/requirements/ebw-nfr-043/,enable privacy preserving techniques which ensure unlinkability where the electronic attestations of attributes do not require the identification of the wallet user,P1,"K09 Privacy and data protection; K01 Credential data model and formats; K18 Planes and evidence graph (control, data, verifiable evidence)",wallet-general,merge-with EBW-NFR-016,Overlaps NFR-016 revocation unlinkability; this one is broader.,
EBW-NFR-044,NFR,Non-functional,Cryptographic agility by modular design,The wallet provider shall design wallet and trust-service components so that cryptographic algorithms and parameters can be replaced without redesigning the surrounding protocols or systems.,A post-quantum transition is only feasible when cryptographic components are replaceable. Derived: the NIS Cooperation Group roadmap only recommends this and is not binding law.,"SRC-NISCG-PQC-ROADMAP (Section 6.3 (Next Steps), first item; definition of cryptographic agility in Section 3.2)",D,ecosystem,trust,B2B; B2G; G2B; M2M,wallet provider; trust service provider,inspection,draft,pending,CON-PQC; CON-TRUST-PLANE,2026-10-03,2026-10-03,https://spherity.github.io/business-wallet-requirements/requirements/ebw-nfr-044/,"When new products are being developed, support for cryptographic agility should be considered at first.",P1,"K11 Security, resilience and incident handling; K04 Key custody and wallet architecture",provider-side,reword,Derivation marked; make measurable (algorithm replaceable by configuration).,
EBW-NFR-045,NFR,Non-functional,Agility without in-protocol cipher suite negotiation,The wallet provider shall not rely on run-time cipher suite negotiation as the means of achieving cryptographic agility unless downgrade attacks are demonstrably prevented.,The roadmap warns that negotiating suites during protocol execution often leads to downgrade attacks.,"SRC-NISCG-PQC-ROADMAP (Section 3.2, definition of cryptographic agility)",D,ecosystem,trust,B2B; B2G; G2B; M2M,wallet provider; wallet-relying party,analysis,draft,pending,CON-PQC,2026-10-03,2026-10-03,https://spherity.github.io/business-wallet-requirements/requirements/ebw-nfr-045/,This concept must not be confused with a requirement to negotiate the cipher suite during protocol execution,P3,"K11 Security, resilience and incident handling; K08 Protocols and interfaces",provider-side,reword,"Quote is a clarification of a definition, not an obligation; consider drop or ""should"".",
EBW-NFR-046,NFR,Non-functional,Post-quantum mechanisms combined with classical mechanisms,"When the wallet provider deploys post-quantum asymmetric mechanisms, it shall use them in hybrid mode with a classically secure mechanism so that all combined mechanisms must be broken simultaneously to break the hybrid.",Hybrid use protects against regressions in the newer post-quantum schemes.,"SRC-ECCG-ACM-V2 (Section 1.4, Post-Quantum Cryptography; Notes 51 and 60)",S,standard,trust,B2B; B2G; G2B; M2M,wallet provider; trust service provider,analysis,draft,pending,CON-PQC,2026-10-03,2026-10-03,https://spherity.github.io/business-wallet-requirements/requirements/ebw-nfr-046/,These hybrid modes shall ensure that all combined pre or post-quantum cryptographic mechanisms need to be broken simultaneously,P2,"K11 Security, resilience and incident handling; K04 Key custody and wallet architecture",provider-side,ok,,
EBW-NFR-047,NFR,Non-functional,Use recommended cryptographic suites for new signatures and seals,"The trust service provider shall use only recommended cryptographic mechanisms and key sizes to generate new signatures and seals, and shall use legacy mechanisms only where needed for interoperability with existing infrastructures.",Fixes a clear baseline for algorithm selection and phase-out.,"SRC-ETSI-TS-119312 (Clause 4, Use of SOG-IS Agreed Mechanisms)",S,standard,trust,B2B; B2G; G2B; M2M,trust service provider; wallet provider,inspection,draft,pending,CON-PQC; CON-TRUST-PLANE,2026-10-03,2026-10-03,https://spherity.github.io/business-wallet-requirements/requirements/ebw-nfr-047/,only SOG-IS recommended mechanisms and key sizes or cryptographic suites using these cryptographic mechanisms and key sizes should be used,P2,"K11 Security, resilience and incident handling; K14 Conformity, certification and assurance",provider-side,reword,"Source says ""should""; legacy exception unsupported.",
EBW-NFR-048,NFR,Non-functional,Audit log time synchronised with UTC daily,The trust service provider shall synchronise the time used to record events in the audit log with UTC at least once a day.,Accurate event times underpin evidence value and incident reconstruction.,"SRC-ETSI-EN-319401 (Clause 7.10, REQ-7.10-06)",S,standard,assurance,B2B; B2G; G2B; M2M,trust service provider,test,draft,pending,CON-QUALIFIED-SERVICES,2026-10-03,2026-10-03,https://spherity.github.io/business-wallet-requirements/requirements/ebw-nfr-048/,The time used to record events as required in the audit log shall be synchronized with UTC at least once a day.,P3,"K10 Evidence, logging and audit; K11 Security, resilience and incident handling",provider-side,ok,,
EBW-NFR-049,NFR,Non-functional,Transaction logs stay accessible as long as law requires,The wallet provider shall keep the transaction logs accessible for as long as they are required by Union or national law.,Sets the retention horizon of wallet logs by reference to law rather than a fixed period.,SRC-CIR-2024-2979 (Article 9(6)),L,in force,data,B2B; B2G; G2B; B2C,wallet provider,inspection,draft,pending,CON-DATA-PLANE; CON-PRIVACY,2026-10-03,2026-10-03,https://spherity.github.io/business-wallet-requirements/requirements/ebw-nfr-049/,shall remain accessible for as long as they are required by Union law or national law,P2,"K10 Evidence, logging and audit; K09 Privacy and data protection; K18 Planes and evidence graph (control, data, verifiable evidence)",wallet-general,merge-with EBW-NFR-014,Overlaps NFR-014/013 on log availability; retention horizon is additional.,
EBW-NFR-050,NFR,Non-functional,ERDS signing key in a certified secure cryptographic device,"The registered delivery service provider shall hold and use the signing private key within a secure cryptographic device certified to Common Criteria EAL 4 or higher, or, until 31 December 2030, FIPS 140-3 level 3.",Fixes key protection and shows a dated sunset for one certification route.,"SRC-CIR-2025-1944 (Annex, REQ-ERDSP-7.5-03)",L,in force,trust,B2B; B2G; G2B,registered delivery service provider,certification,draft,pending,CON-QUALIFIED-SERVICES,2026-10-03,2026-10-03,https://spherity.github.io/business-wallet-requirements/requirements/ebw-nfr-050/,The ERDS signing private key shall be held and used within a secure cryptographic device which is a trustworthy system certified,P2,"K04 Key custody and wallet architecture; K12 Registered delivery and notifications; K14 Conformity, certification and assurance",provider-side,ok,,
EBW-NFR-051,NFR,Non-functional,ERDS uses ECCG Agreed Cryptographic Mechanisms,The registered delivery service shall select and use cryptographic techniques in accordance with the Agreed Cryptographic Mechanisms endorsed by the European Cybersecurity Certification Group and published by ENISA.,"Ties algorithm choice for registered delivery to an official, periodically updated list.","SRC-CIR-2025-1944 (Annex, REQ-ERDS-7.5-01A)",L,in force,trust,B2B; B2G; G2B,registered delivery service provider,inspection,draft,pending,CON-QUALIFIED-SERVICES; CON-PQC,2026-10-03,2026-10-03,https://spherity.github.io/business-wallet-requirements/requirements/ebw-nfr-051/,The ERDS shall select and use suitable cryptographic techniques in accordance with the Agreed Cryptographic Mechanisms,P2,"K11 Security, resilience and incident handling; K12 Registered delivery and notifications",provider-side,merge-with EBW-NFR-021,Same rule as NFR-021 for wallet attestations; generalise.,
EBW-NFR-052,NFR,Non-functional,Availability of the relying-party register API,"The national register of wallet-relying parties shall provide security functions, including security by default and by design, that ensure the availability and integrity of its common API and of the information available through it.",Wallets depend on the register for relying-party verification.,"SRC-CIR-2025-848 (Annex II, point 2, (1)(e))",L,in force,trust,B2G; G2B; M2M,registrar,test,draft,pending,CON-B2G-REGISTRY,2026-10-03,2026-10-03,https://spherity.github.io/business-wallet-requirements/requirements/ebw-nfr-052/,ensure the availability and integrity of the API and the availability of information through it,P3,"K05 Trust framework and discovery; K11 Security, resilience and incident handling; K08 Protocols and interfaces",authority-side,reword,Authority-side register operator duty; not design of EBW.,
EBW-NFR-053,NFR,Non-functional,No storage of personal data transmitted via the interconnection,"Member States shall ensure that registers, authorities and persons or bodies mandated under national law do not store personal data transmitted through the system of interconnection of registers for the purposes of Articles 13g, 28a and 30a, unless otherwise provided by Union or national law.",Data-minimisation rule for transferred representative data that a wallet-side relying party must also respect. Member States apply the national measures from 31 July 2028 (Article 4(2) of Directive (EU) 2025/25).,SRC-DIR-2025-25 (Article 18(6) of Directive (EU) 2017/1132 as amended by Directive (EU) 2025/25),L,in force,data,G2G; B2G,Member States; registers; notaries,inspection,draft,pending,CON-PRIVACY,2026-10-03,2026-10-03,https://spherity.github.io/business-wallet-requirements/requirements/ebw-nfr-053/,"do not store personal data transmitted through the system of interconnection of registers for the purposes of Articles 13g, 28a and 30a",P3,"K09 Privacy and data protection; K17 Cross-jurisdiction identity, identifiers and assurance (EBW and non-EBW); K18 Planes and evidence graph (control, data, verifiable evidence)",authority-side,ok,Rationale claims wallet-side relying parties must respect it; not supported by quote.,
EBW-NFR-054,NFR,Non-functional,Security measures for BRIS communication,"Communication and distribution of information via BRIS shall include measures for confidentiality, integrity, non-repudiation of origin and receipt, security event logging, and authentication and authorisation of users and systems.",Baseline security profile for register interconnection that counterpart wallet services can mirror.,"SRC-CIR-2021-1042 (Annex, point 3)",S,in force,control,G2G,Member States; registers; Commission,audit,draft,pending,CON-TRUST-PLANE,2026-10-03,2026-10-03,https://spherity.github.io/business-wallet-requirements/requirements/ebw-nfr-054/,measures to ensure the non-repudiation of origin of the sender of information within BRIS and the non-repudiation of receipt of information;,P3,"K11 Security, resilience and incident handling; K10 Evidence, logging and audit; K18 Planes and evidence graph (control, data, verifiable evidence)",authority-side,reword,"Quote covers non-repudiation only; other measures need quotes. Standard-derived (S), not a wallet duty.",
EBW-NFR-055,NFR,Non-functional,Wallet accessible for persons with disabilities,"Providers of European Digital Identity Wallets shall make the wallets accessible for use by persons with disabilities on an equal basis with other users, in accordance with Directive (EU) 2019/882.","The EUDI Wallet is the personal counterpart of the business wallet; the proposal for the business wallet builds on the same framework, and whether it carries an equivalent provision in its annex was not verified.",SRC-EIDAS-CONSOL (Article 5a(21)),L,in force,governance,B2C; B2B,Wallet provider,test,draft,pending,CON-EBW-EUDIW,2026-10-03,2026-10-03,https://spherity.github.io/business-wallet-requirements/requirements/ebw-nfr-055/,"shall be made accessible for use, by persons with disabilities, on an equal basis with other users",P2,"K15 Adoption, acceptance and cross-ecosystem interoperability; K02 Wallet subject model",wallet-general,ok,Accessibility of the personal wallet; see NFR-056 for the business wallet.,
EBW-NFR-056,NFR,Non-functional,Business wallet interfaces meet the same accessibility level,The user interfaces of a European Business Wallet for authorised users shall meet at least the accessibility level that applies to European Digital Identity Wallets.,"Assumption to verify: the text of COM(2025) 838 read contains no accessibility provision for persons with disabilities (its annex was not available), eIDAS Article 15 covers trust services and end-user products used for them, and the scope of Directive (EU) 2019/882 for business-facing services was not analysed. Employees with disabilities use the wallet as users (see DEC-02).",SRC-EIDAS-CONSOL (Articles 5a(21) and 15),D,in force,governance,B2B; B2G,Business wallet provider,test,draft,pending,CON-EBW-EUDIW,2026-10-03,2026-10-03,https://spherity.github.io/business-wallet-requirements/requirements/ebw-nfr-056/,"shall be made accessible for use, by persons with disabilities, on an equal basis with other users",P2,"K15 Adoption, acceptance and cross-ecosystem interoperability; K02 Wallet subject model",core,ok,Derivation class D; the proposal text read has no accessibility provision for persons with disabilities.,
EBW-NFR-057,NFR,Non-functional,Business wallet accessible for persons with disabilities,Providers of European Business Wallets shall make the European Business Wallets they provide accessible for use by persons with disabilities on an equal basis with other users.,"The Council text adds an accessibility duty for business wallet providers that the Commission proposal lacks, and it is the business wallet counterpart of the duty for EUDI Wallets (EBW-NFR-055); it would turn the assumption in EBW-NFR-056 into text.","SRC-COUNCIL-ST-9684-26 (Article 6(2), point (ea))",L,proposal,governance,B2B; B2G; G2B,Business wallet provider,test,draft,pending,CON-EBW-EUDIW,2026-10-03,2026-10-03,https://spherity.github.io/business-wallet-requirements/requirements/ebw-nfr-057/,"make the European Business Wallets they provide accessible for use, by persons with disabilities, on an equal basis with other users",P1,"K15 Adoption, acceptance and cross-ecosystem interoperability; K11 Security, resilience and incident handling",core,ok,"Council text, not Commission proposal; may not survive trilogue. Overlaps EBW-NFR-055/056 in intent.",
EBW-NFR-058,NFR,Non-functional,Wallet accessibility measured against EAA Annex I,"Providers of European Business Wallets shall provide accessibility for persons with disabilities in accordance with Annex I of Directive (EU) 2019/882, to the extent relevant.","Recital 20 of the Council text names the accessibility yardstick for the wallet, so the wallet's accessibility claims can be checked against a defined list; it is a recital, so the operative duty is the one in Article 6(2)(ea).",SRC-COUNCIL-ST-9684-26 (Recital 20),D,proposal,governance,B2B; B2G,Business wallet provider,inspection,draft,pending,CON-EBW-EUDIW,2026-10-03,2026-10-03,https://spherity.github.io/business-wallet-requirements/requirements/ebw-nfr-058/,"including in accordance with Annex I of Directive (EU) 2019/882, to the extent relevant",P3,"K15 Adoption, acceptance and cross-ecosystem interoperability; K14 Conformity, certification and assurance",core,merge-with EBW-NFR-057,Recital is not operative; fold into NFR-057 as the yardstick.,
EBW-NFR-059,NFR,Non-functional,Service information through more than one sensory channel,"The service provider shall make the information about the functioning of the service available via more than one sensory channel, present it in an understandable way and make its content available in text formats that can generate alternative assistive formats.",Users who cannot see or hear need the same service information in another form; it applies to wallet help and onboarding information.,"SRC-DIR-2019-882 (Annex I, Section III, second indent)",L,in force,governance,B2C,Service provider,inspection,draft,pending,CON-EBW-EUDIW,2026-10-03,2026-10-03,https://spherity.github.io/business-wallet-requirements/requirements/ebw-nfr-059/,making the information available via more than one sensory channel,P2,"K15 Adoption, acceptance and cross-ecosystem interoperability",horizontal,ok,Quote shows only the sensory-channel part; text-format part is rest of the indent.,
EBW-NFR-060,NFR,Non-functional,"Service websites and apps: perceivable, operable, robust","The service provider shall make the websites, including the related online applications, and the mobile device-based services, including mobile applications, through which a service is provided accessible in a consistent and adequate way by making them perceivable, operable, understandable and robust.",This is the core user interface duty of the Directive for services; for a wallet it covers the web console and the mobile app where those are part of a service in scope.,"SRC-DIR-2019-882 (Annex I, Section III, third indent)",L,in force,governance,B2C,Service provider,test,draft,pending,CON-EBW-EUDIW,2026-10-03,2026-10-03,https://spherity.github.io/business-wallet-requirements/requirements/ebw-nfr-060/,"making websites, including the related online applications, and mobile device-based services, including mobile applications, accessible in a consistent and adequate way",P2,"K15 Adoption, acceptance and cross-ecosystem interoperability",horizontal,ok,Duplicates the WCAG target of NFR-063; keep the legal one as parent.,
EBW-NFR-061,NFR,Non-functional,Support services give accessibility information in accessible modes,"Where support services such as help desks, call centres and technical support are available, they shall provide information on the accessibility of the service and its compatibility with assistive technologies in accessible modes of communication.",Users with disabilities need a support route they can use; it links to the support mechanism the Council text requires for business wallet owners.,"SRC-DIR-2019-882 (Annex I, Section III, fourth indent)",L,in force,governance,B2C,Service provider,inspection,draft,pending,CON-EBW-EUDIW,2026-10-03,2026-10-03,https://spherity.github.io/business-wallet-requirements/requirements/ebw-nfr-061/,"providing information on the accessibility of the service and its compatibility with assistive technologies, in accessible modes of communication",P3,"K15 Adoption, acceptance and cross-ecosystem interoperability",horizontal,ok,,
EBW-NFR-062,NFR,Non-functional,Identification and e-signature in consumer flows are accessible,"Where identification methods or electronic signatures are provided as part of an e-commerce or consumer banking service, they shall be perceivable, operable, understandable and robust.","Derived mapping: when a wallet authentication or signing function is used inside a consumer e-commerce or consumer banking transaction (an inference, as the wallet is a business instrument), the Directive's wording applies to that function.","SRC-DIR-2019-882 (Annex I, Section IV, points (e)(i) and (g)(iii))",D,in force,trust,B2C,Service provider; Wallet provider,test,draft,pending,CON-EBW-EUDIW,2026-10-03,2026-10-03,https://spherity.github.io/business-wallet-requirements/requirements/ebw-nfr-062/,"providing identification methods, electronic signatures, and payment services which are perceivable, operable, understandable and robust",P3,"K15 Adoption, acceptance and cross-ecosystem interoperability; K04 Key custody and wallet architecture",horizontal,ok,Weak fit for a business wallet; consider dropping if B2C is out of scope.,
EBW-NFR-063,NFR,Non-functional,Wallet web interfaces satisfy WCAG 2.1 Level AA via clause 9,"Where a wallet interface is a web page, it shall conform to clauses 9.1 to 9.4 and the conformance requirements of clause 9.6 of EN 301 549 V3.2.1, which is equivalent to WCAG 2.1 Level AA.","Gives a testable, reusable target for the business wallet's web console and for authority portals; WCAG 2.2 is not part of this version.","SRC-EN-301549 (Clause 9.0 (informative) and clauses 9.1 to 9.4, 9.6)",S,standard,governance,B2B; B2G; G2B,Business wallet provider; Public sector body,test,draft,pending,CON-EBW-EUDIW,2026-10-03,2026-10-03,https://spherity.github.io/business-wallet-requirements/requirements/ebw-nfr-063/,Conformance with W3C Web Content Accessibility Guidelines (WCAG 2.1) [5] Level AA is equivalent to conforming with all of clauses 9.1 to 9.4,P2,"K15 Adoption, acceptance and cross-ecosystem interoperability; K14 Conformity, certification and assurance",wallet-general,reword,"Quote supports equivalence; scope to wallet interfaces is application, not stated in standard.",
EBW-NFR-064,NFR,Non-functional,Wallet mobile and desktop apps meet EN 301 549 clause 11,"Where a wallet interface is software that is not a web page, it shall conform to the applicable requirements of clause 11 of EN 301 549 V3.2.1, including interoperability with assistive technology and platform user preferences.","Wallet apps are mostly non-web software; clause 11 is where their accessibility is specified, including following system contrast and font settings.","SRC-EN-301549 (Clause 11.0, 11.5 and 11.7)",S,standard,governance,B2B; B2G,Business wallet provider,test,draft,pending,CON-EBW-EUDIW,2026-10-03,2026-10-03,https://spherity.github.io/business-wallet-requirements/requirements/ebw-nfr-064/,Requirements for non-web documents and non-web software are given in clauses 10 and 11 respectively.,P2,"K15 Adoption, acceptance and cross-ecosystem interoperability; K14 Conformity, certification and assurance",wallet-general,ok,Whether EN 301 549 binds the business wallet is open.,
EBW-NFR-065,NFR,Non-functional,Documents provided by the wallet meet EN 301 549 clause 10,"Where a wallet provides downloadable documents that are not web pages, such as receipts, notices or reports, they shall conform to the applicable requirements of clause 10 of EN 301 549 V3.2.1.","Delivery receipts, evidence and reports are documents; the standard treats downloadable documents separately from web pages, and V3.2.1 added them to the public sector mapping.",SRC-EN-301549 (Clause 10.0 (informative)),S,standard,data,B2B; B2G,Business wallet provider,test,draft,pending,CON-EBW-EUDIW,2026-10-03,2026-10-03,https://spherity.github.io/business-wallet-requirements/requirements/ebw-nfr-065/,the present clause applies to downloadable documents,P3,"K15 Adoption, acceptance and cross-ecosystem interoperability; K12 Registered delivery and notifications; K18 Planes and evidence graph (control, data, verifiable evidence)",wallet-general,ok,,
EBW-NFR-066,NFR,Non-functional,No single biometric as the only authentication means,"Where the wallet uses biological characteristics, it shall not rely on a particular biological characteristic as the only means of user identification or for control of the wallet.","Users who lack a given characteristic would be excluded; the same idea appears in Annex I of Directive 2019/882 for products (""alternative to biometrics identification and control""), and it bears on wallet unlocking and user authentication.",SRC-EN-301549 (Clause 5.3),S,standard,trust,B2B; B2G,Business wallet provider,test,draft,pending,CON-EBW-EUDIW,2026-10-03,2026-10-03,https://spherity.github.io/business-wallet-requirements/requirements/ebw-nfr-066/,it shall not rely on the use of a particular biological characteristic as the only means of user identification or for control of ICT,P3,"K15 Adoption, acceptance and cross-ecosystem interoperability; K04 Key custody and wallet architecture",wallet-general,ok,Biometrics unlikely central to a hosted business wallet.,
EBW-NFR-067,NFR,Non-functional,Accessible documentation and support communication,"The wallet provider shall make product documentation available in a web format conforming to clause 9 or a non-web format conforming to clause 10 of EN 301 549, and its support services shall accommodate the communication needs of individuals with disabilities directly or through a referral point.","Instructions, accessibility help and the support route that the Council text requires for business wallet owners must themselves be usable by people with disabilities.",SRC-EN-301549 (Clauses 12.1.2 and 12.2.3),S,standard,governance,B2B; B2G,Business wallet provider,inspection,draft,pending,CON-EBW-EUDIW,2026-10-03,2026-10-03,https://spherity.github.io/business-wallet-requirements/requirements/ebw-nfr-067/,ICT support services shall accommodate the communication needs of individuals with disabilities either directly or through a referral point.,P3,"K15 Adoption, acceptance and cross-ecosystem interoperability; K13 Governance, supervision and liability",provider-side,split,Two obligations; overlaps NFR-061.,
EBW-NFR-068,NFR,Non-functional,Wallet units meet Web Accessibility Directive requirements,Wallet Providers shall ensure that their Wallet Units comply with the applicable requirements and standards in the directive on the accessibility of websites and mobile applications of public sector bodies.,"The EUDI ARF adds the Web Accessibility Directive for wallet units beyond the Directive 2019/882 duty in eIDAS Article 5a(21); the text cites ""Directive 2016/2012"" and the note cites EN 301 549 V1.1.2, both apparently outdated or mistyped (the Directive is 2016/2102, the published version V3.2.1), so a business wallet should follow the Directive and the OJ-referenced standard.","SRC-ARF-HLR (Topic 54, ACC_01)",S,ecosystem,governance,B2C; B2B,Wallet provider,test,draft,pending,CON-EBW-EUDIW,2026-10-03,2026-10-03,https://spherity.github.io/business-wallet-requirements/requirements/ebw-nfr-068/,Wallet Providers SHALL ensure that their Wallet Units comply with applicable requirements and standards in Directive 2016/2012,P2,"K15 Adoption, acceptance and cross-ecosystem interoperability; K14 Conformity, certification and assurance",wallet-general,reword,"Source cites Directive 2016/2012 (likely typo); statement silently corrects the number, mark the derivation.",
EBW-NFR-069,NFR,Non-functional,Back-end uses secure cryptographic application and device,The European Business Wallet back-end shall use at least one wallet secure cryptographic application and wallet secure cryptographic device to manage critical assets.,"Business wallets are server-side, so critical assets must sit behind a tamper-resistant device.","SRC-EBW-PROPOSAL (Annex, point 3(1))",L,proposal,trust,B2B; B2G; G2B,wallet provider,certification,draft,pending,CON-TRUST-PLANE; CON-WUA,2026-10-03,2026-10-03,https://spherity.github.io/business-wallet-requirements/requirements/ebw-nfr-069/,shall use at least one Wallet secure cryptographic application and Wallets secure cryptographic device to manage critical assets,P1,"K04 Key custody and wallet architecture; K11 Security, resilience and incident handling",core,ok,,
EBW-NFR-070,NFR,Non-functional,Protected channels between wallet components,"The provider of European Business Wallets shall ensure integrity, authenticity and confidentiality of the communication between the wallet back-end, front-end and secure cryptographic applications and device.","Splits across front-end, back-end and device would otherwise expose critical assets in transit. (EP Amendment 131 extends this to communication within and among all components.)","SRC-EBW-PROPOSAL (Annex, point 3(2))",L,proposal,trust,B2B; B2G; G2B,wallet provider,test,draft,pending,CON-TRUST-PLANE,2026-10-03,2026-10-03,https://spherity.github.io/business-wallet-requirements/requirements/ebw-nfr-070/,"ensure integrity, authenticity and confidentiality of the communication between the Business Wallet’s back-end, front-end and secure cryptographic applications and device",P1,"K04 Key custody and wallet architecture; K11 Security, resilience and incident handling",core,ok,"One channel, three properties; acceptable as atomic.",
EBW-NFR-071,NFR,Non-functional,Cryptographic operations only after user authentication,"The wallet secure cryptographic applications and devices shall perform cryptographic operations involving critical assets, other than those needed to authenticate the owner, only where they have successfully authenticated the wallet user.",Prevents key use by an unauthenticated session.,"SRC-EBW-PROPOSAL (Annex, point 4(1)(a))",L,proposal,trust,B2B; B2G; G2B,wallet provider,test,draft,pending,CON-TRUST-PLANE,2026-10-03,2026-10-03,https://spherity.github.io/business-wallet-requirements/requirements/ebw-nfr-071/,only in cases where those applications have successfully authenticated Wallets users,P1,"K04 Key custody and wallet architecture; K11 Security, resilience and incident handling",core,ok,,
EBW-NFR-072,NFR,Non-functional,Secure generation of new cryptographic keys,The wallet secure cryptographic applications and devices shall be able to securely generate new cryptographic keys.,Keys must originate inside the protected environment.,"SRC-EBW-PROPOSAL (Annex, point 4(1)(c))",L,proposal,trust,B2B; B2G; G2B,wallet provider,test,draft,pending,CON-TRUST-PLANE,2026-10-03,2026-10-03,https://spherity.github.io/business-wallet-requirements/requirements/ebw-nfr-072/,are able to securely generate new cryptographic keys,P2,K04 Key custody and wallet architecture,core,merge-with EBW-FUN-028,"Duplicates generation clause of EBW-FUN-028 (CIR), different source (proposal Annex); keep both or split FUN-028.",
EBW-NFR-073,NFR,Non-functional,Secure erasure of critical assets,The wallet secure cryptographic applications and devices shall be able to perform secure erasure of critical assets.,"Needed for deactivation, provider change and termination.","SRC-EBW-PROPOSAL (Annex, point 4(1)(d))",L,proposal,trust,B2B; B2G; G2B,wallet provider,test,draft,pending,CON-TRUST-PLANE,2026-10-03,2026-10-03,https://spherity.github.io/business-wallet-requirements/requirements/ebw-nfr-073/,are able to perform secure erasure of critical assets,P2,K04 Key custody and wallet architecture; K07 Credential lifecycle,core,merge-with EBW-FUN-028,Duplicates erasure clause of EBW-FUN-028; see also EBW-OPS-017.,
EBW-NFR-074,NFR,Non-functional,Proof of possession of private keys,The wallet secure cryptographic applications and devices shall be able to generate a proof of possession of private keys.,Underpins key binding of attestations to the unit.,"SRC-EBW-PROPOSAL (Annex, point 4(1)(e))",L,proposal,trust,B2B; B2G; G2B,wallet provider,test,draft,pending,CON-TRUST-PLANE; CON-WUA,2026-10-03,2026-10-03,https://spherity.github.io/business-wallet-requirements/requirements/ebw-nfr-074/,are able to generate a proof of possession of private keys,P2,K04 Key custody and wallet architecture; K07 Credential lifecycle,core,merge-with EBW-FUN-028,Duplicates proof-of-possession clause of EBW-FUN-028.,
EBW-NFR-075,NFR,Non-functional,Protection of private keys during their lifetime,The wallet secure cryptographic applications and devices shall protect the private keys they generate during the existence of the keys.,Key compromise defeats every other control.,"SRC-EBW-PROPOSAL (Annex, point 4(1)(f))",L,proposal,trust,B2B; B2G; G2B,wallet provider,certification,draft,pending,CON-TRUST-PLANE,2026-10-03,2026-10-03,https://spherity.github.io/business-wallet-requirements/requirements/ebw-nfr-075/,protect the private keys generated by these Wallets secure cryptographic applications and devices during the existence of the keys,P1,"K04 Key custody and wallet architecture; K11 Security, resilience and incident handling",core,ok,Not testable without a defined protection level; tie to certification.,
EBW-NFR-076,NFR,Non-functional,Transaction log records relying party identity,"The wallet transaction log shall record the name, contact details and unique identifier of the corresponding relying party and its Member State of establishment, or, for other wallet units, relevant information from the wallet unit attestation.",Makes each transaction attributable to a counterparty.,"SRC-EBW-PROPOSAL (Annex, point 7(2)(b))",L,proposal,data,B2B; B2G; G2B,wallet provider; relying party,test,draft,pending,CON-DATA-PLANE,2026-10-03,2026-10-03,https://spherity.github.io/business-wallet-requirements/requirements/ebw-nfr-076/,"the name, contact details, and unique identifier of the corresponding Business-Wallet-relying party and the Member State",P2,"K10 Evidence, logging and audit; K09 Privacy and data protection; K18 Planes and evidence graph (control, data, verifiable evidence)",core,ok,Overlaps NFR-013 on logging scope.,
EBW-NFR-077,NFR,Non-functional,Transaction log records data types requested and presented,The wallet transaction log shall record the type or types of data requested and presented in each transaction.,Supports accountability and data-protection review without storing values.,"SRC-EBW-PROPOSAL (Annex, point 7(2)(c))",L,proposal,data,B2B; B2G; G2B,wallet provider,test,draft,pending,CON-DATA-PLANE; CON-PRIVACY,2026-10-03,2026-10-03,https://spherity.github.io/business-wallet-requirements/requirements/ebw-nfr-077/,the type or types of data requested and presented in the transaction,P2,"K10 Evidence, logging and audit; K09 Privacy and data protection; K18 Planes and evidence graph (control, data, verifiable evidence)",core,ok,,
EBW-NFR-078,NFR,Non-functional,Transaction log records reason for non-completion,"For each non-completed transaction, the wallet transaction log shall record the reason for the non-completion.",Failed transactions must be explainable for support and audit.,"SRC-EBW-PROPOSAL (Annex, point 7(2)(d))",L,proposal,data,B2B; B2G; G2B,wallet provider,test,draft,pending,CON-DATA-PLANE,2026-10-03,2026-10-03,https://spherity.github.io/business-wallet-requirements/requirements/ebw-nfr-078/,"in the case of non-completed transactions, the reason for such non-completion",P2,"K10 Evidence, logging and audit; K18 Planes and evidence graph (control, data, verifiable evidence)",core,ok,,
EBW-NFR-079,NFR,Non-functional,"Integrity, authenticity and confidentiality of logs","The provider of European Business Wallets shall ensure integrity, authenticity and confidentiality of the logged information.",Logs are evidence and carry business data. (The Council text adds availability.),"SRC-EBW-PROPOSAL (Annex, point 7(3))",L,proposal,data,B2B; B2G; G2B,wallet provider,audit,draft,pending,CON-DATA-PLANE,2026-10-03,2026-10-03,https://spherity.github.io/business-wallet-requirements/requirements/ebw-nfr-079/,"ensure integrity, authenticity and confidentiality of the logged information",P2,"K10 Evidence, logging and audit; K11 Security, resilience and incident handling; K18 Planes and evidence graph (control, data, verifiable evidence)",core,merge-with EBW-NFR-014,"NFR-014 already requires integrity, authenticity and confidentiality of the transaction log (CIR basis).",
EBW-NFR-080,NFR,Non-functional,Back-end logs reports sent to competent authorities,"The wallet back-end shall log reports sent by the wallet user to competent authorities via the wallet unit, including interactions on notifications, regulatory compliance, data sharing and audit requests.",Gives owners proof of what was reported to whom (B2G reporting).,"SRC-EBW-PROPOSAL (Annex, point 7(4))",L,proposal,data,B2G; G2B,wallet provider; wallet user,test,draft,pending,CON-B2G-REPORTING; CON-DATA-PLANE,2026-10-03,2026-10-03,https://spherity.github.io/business-wallet-requirements/requirements/ebw-nfr-080/,shall log reports sent by the Wallets user to the competent authorities via the Wallets unit,P2,"K10 Evidence, logging and audit; K12 Registered delivery and notifications; K18 Planes and evidence graph (control, data, verifiable evidence)",core,ok,,
EBW-NFR-081,NFR,Non-functional,Logs accessible for as long as law requires,The wallet logs of transactions shall remain accessible for as long as Union or national law requires them to be accessible.,"Retention follows the legal duty, not provider convenience; counterpart of EBW-NFR-049.","SRC-EBW-PROPOSAL (Annex, point 7(6))",L,proposal,data,B2B; B2G; G2B,wallet provider,inspection,draft,pending,CON-DATA-PLANE,2026-10-03,2026-10-03,https://spherity.github.io/business-wallet-requirements/requirements/ebw-nfr-081/,shall remain accessible for as long as required to be accessible by Union law or national law,P3,"K10 Evidence, logging and audit; K09 Privacy and data protection; K18 Planes and evidence graph (control, data, verifiable evidence)",core,merge-with EBW-NFR-049,"Same obligation as EBW-NFR-049, different source.",
EBW-NFR-082,NFR,Non-functional,Export and portability of owner data at LoA substantial,"The European Business Wallet shall support the secure export and portability of the owner's wallet data in at least an open format, so that the owner can migrate to another wallet solution, ensuring a level of assurance of at least substantial.",Prevents lock-in. The Council text replaces the assurance condition by user authentication per point 1 and adds import; EP Amendment 136 adds import.,"SRC-EBW-PROPOSAL (Annex, point 10)",L,proposal,data,B2B; B2G; G2B,wallet provider; wallet owner,test,draft,pending,CON-DATA-PLANE; CON-LOA,2026-10-03,2026-10-03,https://spherity.github.io/business-wallet-requirements/requirements/ebw-nfr-082/,secure export and portability of an owner’s European Business Wallet data in at least an open format,P1,"K15 Adoption, acceptance and cross-ecosystem interoperability; K01 Credential data model and formats; K18 Planes and evidence graph (control, data, verifiable evidence)",core,reword,Assurance level substantial clause is not in the quote. Overlaps FUN-031 and NFR-001.,
EBW-NFR-083,NFR,Non-functional,Delivery channel provides end-to-end encryption,"The Commission shall, by implementing act, ensure that the qualified electronic registered delivery service chosen as the mandatory channel provides end-to-end encryption.",Confidentiality of legal communications must not depend on the provider.,"SRC-EBW-PROPOSAL (Annex, point 11(2)(d))",L,proposal,data,B2B; B2G; G2B,Commission,analysis,draft,pending,CON-QUALIFIED-SERVICES; CON-PRIVACY,2026-10-03,2026-10-03,https://spherity.github.io/business-wallet-requirements/requirements/ebw-nfr-083/,provides end-to-end encryption to guarantee confidentiality,P1,"K12 Registered delivery and notifications; K11 Security, resilience and incident handling; K18 Planes and evidence graph (control, data, verifiable evidence)",authority-side,reword,Statement binds the Commission via implementing act; design duty falls on the ERDS. Check Annex point 11(2)(d) wording.,
EBW-NFR-084,NFR,Non-functional,Credential visibility conditioned on access rights,The provider of European Business Wallets shall ensure that the visibility of credentials and attestations is selective and conditioned on the access rights of the acting subject.,Staff and agents must see only what their role permits.,"SRC-EBW-PROPOSAL (Annex, point 12(2)(a))",L,proposal,control,B2B; B2G,wallet provider; wallet user,test,draft,pending,CON-CONTROL-PLANE; CON-MANDATE,2026-10-03,2026-10-03,https://spherity.github.io/business-wallet-requirements/requirements/ebw-nfr-084/,visibility of credentials and attestations is selective and conditioned on access rights,P1,"K03 Mandates, representation and delegation (employees, machines, agents); K09 Privacy and data protection; K18 Planes and evidence graph (control, data, verifiable evidence)",core,ok,Overlaps FUN-010/FUN-035; testability depends on defined roles.,
EBW-NFR-085,NFR,Non-functional,Only the secure application runs critical-asset operations,The wallet provider shall ensure that the wallet secure cryptographic application is the only component able to execute wallet cryptographic operations and any other operation with critical assets in the context of electronic identification at assurance level high.,"It confines the use of keys to one certified component, which decides what a hosted or device-based architecture must isolate.",SRC-CIR-2024-2979 (Article 5(1)(h)),L,in force,trust,B2B; B2G; G2B,wallet provider,certification,draft,pending,CON-WUA; CON-TRUST-PLANE,2026-10-03,2026-10-03,https://spherity.github.io/business-wallet-requirements/requirements/ebw-nfr-085/,are the only components able to execute wallet cryptographic operations and any other operation with critical assets,P2,"K04 Key custody and wallet architecture; K14 Conformity, certification and assurance",wallet-general,ok,Applies to EUDI at LoA high; business wallet relevance is open.,
EBW-NFR-086,NFR,Non-functional,Wallet instance uses a secure cryptographic device,The wallet provider shall ensure that each wallet instance uses at least one wallet secure cryptographic device to manage critical assets.,It sets the minimum key custody for EUDI Wallets and is the reference point for a business wallet back-end.,SRC-CIR-2024-2979 (Article 4(1)),L,in force,trust,B2B; B2G; G2B,wallet provider,inspection,draft,pending,CON-WUA; CON-TRUST-PLANE,2026-10-03,2026-10-03,https://spherity.github.io/business-wallet-requirements/requirements/ebw-nfr-086/,Wallet instances shall use at least one wallet secure cryptographic device to manage critical assets.,P1,"K04 Key custody and wallet architecture; K14 Conformity, certification and assurance",wallet-general,ok,Business wallet relevance is open; parallels NFR-069.,
EBW-NFR-087,NFR,Non-functional,Protected channel between wallet instance and secure application,"The wallet provider shall ensure the integrity, authenticity and confidentiality of the communication between wallet instances and wallet secure cryptographic applications.",A hosted secure application or remote device is only as trustworthy as the channel to it.,SRC-CIR-2024-2979 (Article 4(2)),L,in force,trust,B2B; B2G; G2B,wallet provider,test,draft,pending,CON-WUA,2026-10-03,2026-10-03,https://spherity.github.io/business-wallet-requirements/requirements/ebw-nfr-087/,"Wallet providers shall ensure integrity, authenticity and confidentiality of the communication between wallet instances and wallet secure cryptographic applications.",P2,"K04 Key custody and wallet architecture; K11 Security, resilience and incident handling",wallet-general,ok,Parallels NFR-070 (proposal).,
EBW-NFR-088,NFR,Non-functional,Secure application does not export private keys,The wallet secure cryptographic application shall not enable the export of private keys from the wallet secure cryptographic device.,"Non-exportable keys keep custody with the device, and make the exit path re-creation of keys rather than copying.","SRC-ARF-HLR (Annex 2.02, Topic 9, WUA_16a)",S,standard,trust,B2B; B2G; G2B,wallet provider,certification,draft,pending,CON-WUA,2026-10-03,2026-10-03,https://spherity.github.io/business-wallet-requirements/requirements/ebw-nfr-088/,A WSCA SHALL NOT enable export of private keys from a WSCD.,P2,K04 Key custody and wallet architecture,wallet-general,ok,Tension with NFR-082 export: only keys excluded.,
EBW-NFR-089,NFR,Non-functional,Keys protected throughout their lifetime,"The wallet secure cryptographic application and device shall protect each private key they generated during the entire lifetime of the key, preventing its extraction in the clear.","Key protection must cover generation, use, backup and end of life, not only storage.","SRC-ARF-HLR (Annex 2.02, Topic 40, WIAM_20)",S,standard,trust,B2B; B2G; G2B,wallet provider,certification,draft,pending,CON-WUA,2026-10-03,2026-10-03,https://spherity.github.io/business-wallet-requirements/requirements/ebw-nfr-089/,SHALL protect a private key it generated during the entire lifetime of the key,P2,"K04 Key custody and wallet architecture; K11 Security, resilience and incident handling",wallet-general,reword,Extraction-in-the-clear clause not in quote; drop or source it.,
EBW-NFR-090,NFR,Non-functional,Isolation of assets of different units on a shared device,"Where a wallet secure cryptographic application, device or keystore holds cryptographic assets of several wallet units, the wallet provider shall ensure that a wallet unit can access only the assets related to that unit.","A provider-operated hardware module can serve many units, and one unit must never reach the keys of another.","SRC-ARF-HLR (Annex 2.02, Topic 40, WIAM_09)",S,standard,trust,B2B; B2G; G2B,wallet provider,test,draft,pending,CON-WUA,2026-10-03,2026-10-03,https://spherity.github.io/business-wallet-requirements/requirements/ebw-nfr-090/,the Wallet Provider SHALL ensure that a Wallet Unit can only access assets that are related to that Wallet Unit,P2,K04 Key custody and wallet architecture; K02 Wallet subject model,wallet-general,ok,,
EBW-NFR-091,NFR,Non-functional,Wallet provider does not read wallet contents,"The wallet provider shall not access the contents of a wallet instance, in particular the attestations present, their status, the attribute values and the transaction log.","It limits what a provider that also hosts keys or data can see; the business wallet texts allow provider log access where necessary, so the two rules differ.","SRC-ARF-HLR (Annex 2.02, Topic 40, WIAM_12a)",S,standard,trust,B2B; B2G; G2B,wallet provider,audit,draft,pending,CON-PRIVACY; CON-WUA,2026-10-03,2026-10-03,https://spherity.github.io/business-wallet-requirements/requirements/ebw-nfr-091/,SHALL NOT access the contents of a Wallet Instance,P2,"K04 Key custody and wallet architecture; K09 Privacy and data protection; K13 Governance, supervision and liability",wallet-general,ok,Enumerated contents not in quote. Conflicts with NFR-040 and NFR-014; resolve in key custody decision.,
EBW-NFR-092,NFR,Non-functional,Strict access controls for contents hosted at the provider,"Where the contents of a wallet unit are stored in a service on the wallet provider back-end, the wallet provider shall specify and implement strict controls that limit its own access to those contents.","A hosted architecture cannot rule out provider access technically, so the controls must be defined and auditable.","SRC-ARF-HLR (Annex 2.02, Topic 40, WIAM_12c)",S,standard,assurance,B2B; B2G; G2B,wallet provider,audit,draft,pending,CON-PRIVACY; CON-WUA,2026-10-03,2026-10-03,https://spherity.github.io/business-wallet-requirements/requirements/ebw-nfr-092/,SHALL specify and implement strict controls to limit access by the Wallet Provider to the contents of the Wallet Unit,P2,"K04 Key custody and wallet architecture; K09 Privacy and data protection; K11 Security, resilience and incident handling",wallet-general,ok,"Testability depends on defining ""strict controls""; audit-based.",
EBW-NFR-093,NFR,Non-functional,Only the legitimate instance reaches a remote security module,"When a remote hardware security module holds critical assets of a wallet unit, the wallet provider shall take measures ensuring that only the legitimate wallet instance can access that module and use those assets.",It is the access control that makes a provider-hosted key store acceptable for a single unit.,SRC-ARF-MAIN (Section 4.5.2 Remote WSCD),S,standard,trust,B2B; B2G; G2B,wallet provider,certification,draft,pending,CON-WUA; CON-TRUST-PLANE,2026-10-03,2026-10-03,https://spherity.github.io/business-wallet-requirements/requirements/ebw-nfr-093/,the Wallet Provider takes appropriate measures to ensure that only the legitimate Wallet Instance can access the remote HSM,P2,"K04 Key custody and wallet architecture; K11 Security, resilience and incident handling",wallet-general,ok,,
EBW-NFR-094,NFR,Non-functional,Remote signing key usable only with consent,The provider of a remote signature creation service shall allow a signing key to be used only in cases for which the signer consent has been obtained.,It is the control that keeps a provider-held key under the control of its owner.,"SRC-ETSI-TS-119431-1 (Clause 6.3.1, SIG-6.3.1-09)",S,standard,trust,B2B; B2G; G2B,qualified trust service provider,test,draft,pending,CON-QUALIFIED-SERVICES,2026-10-03,2026-10-03,https://spherity.github.io/business-wallet-requirements/requirements/ebw-nfr-094/,Signing keys shall be usable in only those cases for which the signer's consent has been obtained.,P2,"K04 Key custody and wallet architecture; K03 Mandates, representation and delegation (employees, machines, agents)",provider-side,ok,,
EBW-NFR-095,NFR,Non-functional,Explicit approval by the natural person for a legal-person signer,"Where the signer is a legal person and the authentication is linked directly to the identity, the signature activation protocol of a remote signature creation service shall include an explicit action of the natural person, identified during identity verification and allowed to sign in the name of the legal person, to approve the authorisation.",It shows how a business key held remotely is still tied to an accountable natural person at the moment of use.,"SRC-ETSI-TS-119431-1 (Clause 6.3.1, SIG-6.3.1-16)",S,standard,trust,B2B; B2G; G2B,qualified trust service provider; authorised representative,test,draft,pending,CON-QUALIFIED-SERVICES; CON-MANDATE,2026-10-03,2026-10-03,https://spherity.github.io/business-wallet-requirements/requirements/ebw-nfr-095/,an explicit action (not just a checkbox) of the natural person identified during the identity verification process,P2,"K03 Mandates, representation and delegation (employees, machines, agents); K04 Key custody and wallet architecture",provider-side,ok,Directly relevant to business seal or signature held remotely.,
EBW-NFR-096,NFR,Non-functional,Signing key generated in a qualified creation device,A qualified provider managing a remote qualified signature or seal creation device shall generate the signing key of the signer in a qualified signature creation device.,It sets where the keys of a qualified remote service come into existence.,"SRC-ETSI-TS-119431-1 (Annex A, GEN-A.4-01)",S,standard,trust,B2B; B2G; G2B,qualified trust service provider,certification,draft,pending,CON-QUALIFIED-SERVICES,2026-10-03,2026-10-03,https://spherity.github.io/business-wallet-requirements/requirements/ebw-nfr-096/,Signer's signing key shall be generated in a QSCD.,P2,"K04 Key custody and wallet architecture; K14 Conformity, certification and assurance",provider-side,ok,,
EBW-NFR-097,NFR,Non-functional,Session limit for identity-based remote signing,"Where the authentication is linked directly to the identity, a qualified provider managing a remote qualified creation device shall end the signature session at most 30 minutes after the end of the identity verification process.",It bounds how long a verified identity can be used to activate a hosted key.,"SRC-ETSI-TS-119431-1 (Annex A, SIG-A.5-09)",S,standard,trust,B2B; B2G; G2B,qualified trust service provider,test,draft,pending,CON-QUALIFIED-SERVICES,2026-10-03,2026-10-03,https://spherity.github.io/business-wallet-requirements/requirements/ebw-nfr-097/,the signature session shall end at most 30 minutes after the end of the identity verification process,P2,"K04 Key custody and wallet architecture; K11 Security, resilience and incident handling",provider-side,ok,,
EBW-NFR-098,NFR,Non-functional,Wallet status lists cover at least 10 000 attestations where possible,"The wallet provider shall size its wallet instance attestation status lists, taking account of scale and architecture, so that they are large enough to prevent correlation and, where possible, relate to at least 10 000 attestations.","List size is the privacy of status checks, and a small provider or a business wallet with few units gives a small list.","SRC-CIR-2026-1731 (Annex III (new Annex Ib), point 2(e), R_WIA-5)",L,in force,trust,B2B; B2G; G2B,wallet provider,analysis,draft,pending,CON-REVOCATION; CON-PRIVACY,2026-10-03,2026-10-03,https://spherity.github.io/business-wallet-requirements/requirements/ebw-nfr-098/,"At a minimum, a status list shall, where possible, relate to at least 10 000 attestations.",P2,K07 Credential lifecycle; K09 Privacy and data protection,provider-side,reword,Scale/architecture clause is not in quote. Business wallet with few units cannot reach 10 000 easily.,
EBW-NFR-099,NFR,Non-functional,Fresh unlinkable index for each instance attestation,"Where a wallet provider does not reuse one status index per credential issuer, it shall assign a fresh, unlinkable index value to each wallet instance attestation it issues.",A reused index would let issuers link their interactions with the same unit.,"SRC-CIR-2026-1731 (Annex III (new Annex Ib), point 2(e), R_WIA-3)",L,in force,trust,B2B; B2G; G2B,wallet provider,test,draft,pending,CON-REVOCATION; CON-PRIVACY,2026-10-03,2026-10-03,https://spherity.github.io/business-wallet-requirements/requirements/ebw-nfr-099/,"the wallet provider shall assign a fresh, unlinkable index value to each wallet instance attestation it issues",P2,K09 Privacy and data protection; K07 Credential lifecycle,provider-side,ok,,
EBW-NFR-100,NFR,Non-functional,Instance attestation shown only to issuers,"A wallet unit shall present a wallet instance attestation only to a provider of person identification data or an attestation provider as part of issuance, and not to a relying party or any other entity.",Showing the attestation to relying parties would expose a tracking handle and is not how EUDI Wallets are verified; the business wallet texts and the WE BUILD rulebook differ.,"SRC-ARF-HLR (Annex 2.02, Topic 9, WUA_24)",S,standard,trust,B2B; B2G; G2B,wallet provider,test,draft,pending,CON-WUA; CON-PRIVACY,2026-10-03,2026-10-03,https://spherity.github.io/business-wallet-requirements/requirements/ebw-nfr-100/,SHALL present a WIA only to a PID Provider or Attestation Provider,P2,K09 Privacy and data protection; K08 Protocols and interfaces; K05 Trust framework and discovery,wallet-general,ok,Conflicts with TRU-109 and TRU-010 where unit attestation is shown to authorities or relying parties.,
EBW-NFR-101,NFR,Non-functional,Key attestation shown only to issuers,"A wallet unit shall present a key attestation only to a provider of person identification data or an attestation provider as part of issuance of a person identification data or key-bound attestation, and not to a relying party or any other entity.",It keeps the key attestation from becoming a correlation handle at relying parties.,"SRC-ARF-HLR (Annex 2.02, Topic 9, WUA_07)",S,standard,trust,B2B; B2G; G2B,wallet provider,test,draft,pending,CON-WUA; CON-PRIVACY,2026-10-03,2026-10-03,https://spherity.github.io/business-wallet-requirements/requirements/ebw-nfr-101/,SHALL present a KA only to a PID Provider or Attestation Provider,P2,K09 Privacy and data protection; K04 Key custody and wallet architecture,wallet-general,ok,Pair with NFR-100; atomic on its own.,
EBW-NFR-102,NFR,Non-functional,Portability stays available during a suspension,"Measures taken on the suspension of a wallet solution shall not hinder affected wallet users from exercising their right to data portability, provided this is possible without impairing the security of the critical assets.",Users must be able to leave a suspended solution.,SRC-CIR-2025-847 (Article 4(4)),L,in force,trust,G2B; G2G,Member State; wallet provider,test,draft,pending,CON-WUA; CON-PRIVACY,2026-10-03,2026-10-03,https://spherity.github.io/business-wallet-requirements/requirements/ebw-nfr-102/,shall not hinder affected wallet users from exercising their right to data portability,P2,"K13 Governance, supervision and liability; K09 Privacy and data protection; K15 Adoption, acceptance and cross-ecosystem interoperability",provider-side,ok,"""Hinder"" is vague; test via export capability during suspension (see FUN-031).",
EBW-NFR-103,NFR,Non-functional,Status index and list address unique per credential,The provider of an mdoc attestation shall ensure that the combination of status index and status list address is unique per mobile security object.,A shared index would let relying parties correlate presentations.,"SRC-CIR-2026-1731 (Annex IV (new Annex II), clause 6.2.10.1, EAA-6.2.10.1-13.2)",L,in force,trust,B2B; B2G; G2B,PID provider; qualified trust service provider,test,draft,pending,CON-REVOCATION; CON-PRIVACY,2026-10-03,2026-10-03,https://spherity.github.io/business-wallet-requirements/requirements/ebw-nfr-103/,the combination of status index and URI shall be unique per MSO,P2,K07 Credential lifecycle; K09 Privacy and data protection; K01 Credential data model and formats,wallet-general,ok,Absorbs NFR-108 (double allocation) for mdoc.,
EBW-NFR-104,NFR,Non-functional,No authentication to download status lists,"A provider of person identification data, an attestation provider or a wallet provider shall not require a relying party to authenticate itself before downloading an attestation status list or attestation revocation list.",Authenticated downloads would tell the issuer who checks which list.,"SRC-ARF-HLR (Annex 2.02, Topic 7, VCR_16)",S,standard,trust,B2B; B2G; G2B,PID provider; attestation provider; wallet provider,test,draft,pending,CON-REVOCATION; CON-PRIVACY,2026-10-03,2026-10-03,https://spherity.github.io/business-wallet-requirements/requirements/ebw-nfr-104/,SHALL NOT require the Relying Party or Relying Party Instance to authenticate itself before downloading,P2,K09 Privacy and data protection; K07 Credential lifecycle; K08 Protocols and interfaces,provider-side,ok,,
EBW-NFR-105,NFR,Non-functional,PID validity status published in a privacy-preserving way,"Where providers of person identification data revoke person identification data issued to wallet units, they shall make the validity status of the data they issue publicly available in a privacy preserving manner and indicate the location of that information in the data.",It is the PID counterpart of the rule for wallet unit attestations.,SRC-CIR-2024-2977 (Article 5(7)),L,in force,trust,B2B; B2G; G2B,PID provider,inspection,draft,pending,CON-REVOCATION; CON-PRIVACY,2026-10-03,2026-10-03,https://spherity.github.io/business-wallet-requirements/requirements/ebw-nfr-105/,"they shall make publicly available the validity status of person identification data they issue, in a privacy preserving manner",P3,K07 Credential lifecycle; K09 Privacy and data protection,provider-side,ok,Counterpart of TRU-031 for PID; EUDI-only unless EBW issues PID-like data.,
EBW-NFR-106,NFR,Non-functional,Fresh status list entry for every re-issued token,"Where a credential is re-issued, the issuer shall allocate a fresh status list entry to the re-issued credential.",Re-using an entry would make the index a correlation handle across re-issuances.,SRC-IETF-TSL (Section 13.2 Linkability Mitigation),S,standard,trust,B2B; B2G; G2B,credential issuer,test,draft,pending,CON-REVOCATION; CON-PRIVACY,2026-10-03,2026-10-03,https://spherity.github.io/business-wallet-requirements/requirements/ebw-nfr-106/,every re-issued Referenced Token MUST have a fresh Status List entry,P2,K07 Credential lifecycle; K09 Privacy and data protection,provider-side,ok,,
EBW-NFR-107,NFR,Non-functional,Dedicated status entry for each token of a batch,"Where credentials are issued in batches for one-time use, the issuer shall give every credential of the batch a dedicated status list entry.",A shared entry would let verifiers link the members of a batch.,SRC-IETF-TSL (Section 13.2 Linkability Mitigation),S,standard,trust,B2B; B2G; G2B,credential issuer,test,draft,pending,CON-REVOCATION; CON-PRIVACY,2026-10-03,2026-10-03,https://spherity.github.io/business-wallet-requirements/requirements/ebw-nfr-107/,every Referenced Token MUST have a dedicated Status List entry,P2,K07 Credential lifecycle; K09 Privacy and data protection,provider-side,ok,,
EBW-NFR-108,NFR,Non-functional,No double allocation of status list entries,The status issuer shall prevent any unintended double allocation of a status list address and index to more than one credential.,Address and index together are a unique identifier that can be used for tracking.,SRC-IETF-TSL (Section 13.3 Default Values and Double Allocation),S,standard,trust,B2B; B2G; G2B,credential issuer,test,draft,pending,CON-REVOCATION; CON-PRIVACY,2026-10-03,2026-10-03,https://spherity.github.io/business-wallet-requirements/requirements/ebw-nfr-108/,The Status Issuer MUST prevent any unintended double allocation.,P2,K07 Credential lifecycle; K09 Privacy and data protection,provider-side,merge-with EBW-NFR-103,"Generic version of NFR-103 (unique index and address); merge, keep both sources.",
EBW-NFR-109,NFR,Non-functional,Presentation responses are encrypted,The wallet shall encrypt the authorisation response that carries a presentation to the wallet-relying party.,Protects the disclosed attributes from intermediaries and from the browser or platform layer that relays the response. This is an EUDI Wallet profile; its use in the business wallet is part of DEC-07.,"SRC-ETSI-119472-2 (Clause 6.4.1, OIDFVP-HAIP-COMMON-RESP-01)",S,standard,data,B2B; B2G; G2B,wallet unit,test,draft,pending,CON-PRIVACY; CON-EBW-EUDIW,2026-10-03,2026-10-03,https://spherity.github.io/business-wallet-requirements/requirements/ebw-nfr-109/,The EUDI Wallet shall encrypt the authorization response.,P2,"K08 Protocols and interfaces; K09 Privacy and data protection; K18 Planes and evidence graph (control, data, verifiable evidence)",wallet-general,ok,EUDI profile; bearing on business wallet open.,
EBW-NFR-110,NFR,Non-functional,Wallet attestation does not identify one wallet instance,A wallet attestation presented to an issuer shall not be reused across issuers and shall not carry an identifier specific to a single wallet instance.,A per-instance identifier in the attestation would let issuers collude to link the same wallet across services. This is an EUDI Wallet profile; its use in the business wallet is part of DEC-07.,SRC-HAIP-1.0 (Section 4.4.1 (Wallet Attestation)),S,standard,trust,B2B; B2G; B2C,wallet provider; credential issuer,inspection,draft,pending,CON-WUA; CON-PRIVACY,2026-10-03,2026-10-03,https://spherity.github.io/business-wallet-requirements/requirements/ebw-nfr-110/,They MUST NOT introduce a unique identifier specific to a single Wallet instance.,P2,K09 Privacy and data protection; K08 Protocols and interfaces; K04 Key custody and wallet architecture,wallet-general,reword,No-reuse-across-issuers clause not in quote; verify against HAIP 4.4.1.,
EBW-NFR-111,NFR,Non-functional,"Mediating API sees attestation types, not attributes","By default the wallet shall disclose to a mediating operating system or browser interface only the presence of the types of stored attestations, and shall not disclose their attributes or values.",Limits what the platform layer learns about a user or an organisation when a request is routed through it. This is an EUDI Wallet profile; its use in the business wallet is part of DEC-07.,"SRC-ETSI-119472-2 (Clause 6.5.2, OIDFVP-HAIP-ADD-API-01)",S,standard,data,B2B; B2G; B2C,wallet unit,test,draft,pending,CON-PRIVACY; CON-EBW-EUDIW,2026-10-03,2026-10-03,https://spherity.github.io/business-wallet-requirements/requirements/ebw-nfr-111/,The EUDI Wallet shall by default disclose the presence of all stored EAAs' type to the mediating API,P2,"K09 Privacy and data protection; K08 Protocols and interfaces; K18 Planes and evidence graph (control, data, verifiable evidence)",wallet-general,ok,EUDI profile; bearing on business wallet open.,
EBW-NFR-112,NFR,Non-functional,Directory processing uses pseudonymisation where appropriate,"The Commission shall implement the European Digital Directory in accordance with data protection principles, including, where appropriate, features of pseudonymisation.","The Directory holds personal data of economic operators, including sole traders, and the proposal asks for pseudonymisation features where they fit.","SRC-EBW-PROPOSAL (Recital 39; legislative financial statement, digital policy table (European Digital Directory))",L,proposal,trust,B2B; B2G; G2B,Commission,inspection,draft,pending,CON-PRIVACY; CON-B2G-REGISTRY,2026-10-03,2026-10-03,https://spherity.github.io/business-wallet-requirements/requirements/ebw-nfr-112/,"include, where appropriate, features of pseudonymisation",P3,K09 Privacy and data protection; K06 Identity and identifiers,authority-side,ok,"Vague, not testable; design impact on wallet is nil.",
EBW-NFR-113,NFR,Non-functional,Issuers cannot track use after issuance,"The business wallet provider shall ensure that attestation providers and other parties cannot, after issuance, obtain data that allows transactions or user behaviour to be tracked, linked or correlated unless the owner explicitly authorises it.","Article 5a(16) states this for the EUDI Wallet; the proposal has no matching text, so the project needs an explicit requirement or a decision not to apply it.",SRC-EIDAS-CONSOL (Article 5a(16)(a)),D,in force,data,B2B; B2G; G2B,wallet provider; attestation provider,analysis,draft,pending,CON-PRIVACY; CON-EBW-EUDIW,2026-10-03,2026-10-03,https://spherity.github.io/business-wallet-requirements/requirements/ebw-nfr-113/,"to obtain data that allows transactions or user behaviour to be tracked, linked or correlated",P2,"K09 Privacy and data protection; K07 Credential lifecycle; K18 Planes and evidence graph (control, data, verifiable evidence)",core,ok,Art 5a(16)(a) binds EUDI wallets; extension to business wallet is a project decision.,
EBW-NFR-114,NFR,Non-functional,List of assets subject to logging,"A trust service provider shall establish a list of the assets that are subject to logging, based on the result of its risk assessment, and keep it reviewed.",Makes the scope of logging explicit and auditable instead of leaving it to each system.,"SRC-CIR-2024-2690 (Annex, point 3.2.3 and 3.2.7)",L,in force,assurance,B2B; B2G; G2B,trust service provider,audit,draft,pending,CON-TRUST-PLANE,2026-10-03,2026-10-03,https://spherity.github.io/business-wallet-requirements/requirements/ebw-nfr-114/,The relevant entities shall establish a list of assets to be subject to logging,P2,"K10 Evidence, logging and audit; K11 Security, resilience and incident handling",provider-side,reword,"Quote says ""relevant entities""; CIR 2024/2690 may not cover trust service providers. Verify scope.",
EBW-NFR-115,NFR,Non-functional,"Logs kept, backed up and protected for a defined period",A trust service provider shall maintain and back up its logs for a predefined period and shall protect them from unauthorised access or changes.,A log that can be altered or lost cannot serve as evidence of what the service did.,"SRC-CIR-2024-2690 (Annex, point 3.2.5)",L,in force,assurance,B2B; B2G; G2B,trust service provider,audit,draft,pending,CON-TRUST-PLANE,2026-10-03,2026-10-03,https://spherity.github.io/business-wallet-requirements/requirements/ebw-nfr-115/,shall maintain and back up logs for a predefined period,P2,"K10 Evidence, logging and audit; K11 Security, resilience and incident handling",provider-side,reword,Quote lacks the protection clause and the TSP scope. Overlaps NFR-079 and NFR-081.,
EBW-NFR-116,NFR,Non-functional,Audit events cannot be easily deleted or destroyed,"A trust service provider shall log events in a way that they cannot be easily deleted or destroyed during the period in which they are required to be held, except where reliably transferred to long-term media.",Tamper resistance of the audit trail is the base of the evidential value of the records.,"SRC-ETSI-EN-319401-V3.2.1 (Clause 7.10, REQ-7.10-08)",S,standard,assurance,B2B; B2G; G2B,trust service provider,audit,draft,pending,CON-TRUST-PLANE,2026-10-03,2026-10-03,https://spherity.github.io/business-wallet-requirements/requirements/ebw-nfr-116/,The events shall be logged in a way that they cannot be easily deleted or destroyed,P2,"K10 Evidence, logging and audit; K11 Security, resilience and incident handling",provider-side,ok,"""Easily"" is not testable; consider defining tamper evidence. Overlaps NFR-079.",
EBW-NFR-117,NFR,Non-functional,Creation data protectable against use by others,"A qualified electronic signature creation device shall ensure, by appropriate technical and procedural means, that the electronic signature creation data can be reliably protected by the legitimate signatory against use by others.",It is the device-level basis for sole control of signing keys and applies to seals through Article 39.,"SRC-EIDAS-CONSOL (Annex II, point 1(d))",L,in force,trust,B2B; B2G; G2B,qualified signature creation device provider,certification,draft,pending,CON-QUALIFIED-SERVICES; CON-TRUST-PLANE,2026-10-03,2026-10-03,https://spherity.github.io/business-wallet-requirements/requirements/ebw-nfr-117/,can be reliably protected by the legitimate signatory against use by others,P2,"K04 Key custody and wallet architecture; K14 Conformity, certification and assurance",provider-side,ok,Quote matches. Seals via Art 39. Related CER-006.,
EBW-NFR-118,NFR,Non-functional,Migration object contains no private keys,The migration object of a wallet unit shall not contain private keys of PIDs or device-bound attestations.,"Keys do not move between wallet solutions, so exit means re-creating keys and re-issuing attestations; stated for the EUDI Wallet, no EBW text says whether keys can move.","SRC-ARF-HLR (Annex 2.02, Topic 34, Mig_03)",S,standard,data,B2B; B2G; G2B,wallet provider,inspection,draft,pending,CON-WUA,2026-10-03,2026-10-03,https://spherity.github.io/business-wallet-requirements/requirements/ebw-nfr-118/,SHALL NOT contain any private keys of the PID or device-bound attestation,P3,"K04 Key custody and wallet architecture; K15 Adoption, acceptance and cross-ecosystem interoperability; K18 Planes and evidence graph (control, data, verifiable evidence)",wallet-general,ok,EUDI-only (Mig_03). Reviewer may demote or drop; verify topic number. Relates to OPS-042.,
EBW-NFR-119,NFR,Non-functional,Provider-held keys used only on the authority of the owner,"Where a wallet provider holds private keys of an owner in its back-end, the wallet provider shall ensure that those keys are used only on the authorisation of the owner's authorised users and not by the wallet provider itself.","Derived (criteria C1, C7 of the DEC-03 page): Article 26(1)(c) sets sole control for advanced signatures and Article 36(1)(c) control for advanced seals, but no EBW text applies this to a non-qualified provider-hosted key.",SRC-EIDAS-CONSOL (Article 26(1)(c)),D,in force,control,B2B; B2G; G2B,wallet provider; wallet owner,audit,draft,pending,CON-TRUST-PLANE; CON-WUA,2026-10-03,2026-10-03,https://spherity.github.io/business-wallet-requirements/requirements/ebw-nfr-119/,"created using electronic signature creation data that the signatory can, with a high level of confidence, use under his sole control",P1,"K04 Key custody and wallet architecture; K02 Wallet subject model; K18 Planes and evidence graph (control, data, verifiable evidence)",wallet-general,ok,"Derivation stated. Art 26(1)(c) is ""sole control"" of the signatory; for seals Art 36(1)(c) is weaker (""under control""). Add Art 36(1)(c) to location and treat as derived for non-qualified keys.",
EBW-NFR-120,NFR,Non-functional,Log names the authorised user for each signing or sealing,"The wallet provider shall record in the transaction log, for each use of a signing or sealing key, the authorised user who triggered it.","Derived (criteria C4, C14 of the DEC-03 page): the log content in Annex point 7(2) names the relying party and data types but not the user, so use of one seal key by several users cannot be attributed.","SRC-EBW-PROPOSAL (Annex, point 7(1))",D,proposal,assurance,B2B; B2G; G2B,wallet provider,inspection,draft,pending,CON-TRUST-PLANE,2026-10-03,2026-10-03,https://spherity.github.io/business-wallet-requirements/requirements/ebw-nfr-120/,"shall include, at a minimum, electronic signing, electronic sealing, and notifications of all transactions",P2,"K10 Evidence, logging and audit; K04 Key custody and wallet architecture; K03 Mandates, representation and delegation (employees, machines, agents)",wallet-general,ok,"Rationale cites Annex 7(2) while location says 7(1): verify numbering. Check against privacy rules on logs (NFR-014, NFR-040).",
EBW-NFR-121,NFR,Non-functional,Audit trail records changes to accounts and access rules,"The asset interface shall keep, as a minimum, audit events for unauthorised access attempts, changes to identity configuration, changes to accounts of applications and users, and changes to access rules.","Derived; shows who granted, changed or withdrew machine and user authority and when, which is what an owner needs to answer for acts of its machines.","SRC-IDTA-AAS-P4 (Part 4 (IDTA-01004 v3.1), AAS Security requirements, FR2, Auditable Events, Table 1 (S1 to S4))",D,ecosystem,assurance,M2M; B2B,asset interface operator,test,draft,pending,CON-CONTROL-PLANE,2026-10-03,2026-10-03,https://spherity.github.io/business-wallet-requirements/requirements/ebw-nfr-121/,As a minimum the events listed in Table Table 1 SHALL be kept in an AAS interface audit trail.,P3,"K10 Evidence, logging and audit; K03 Mandates, representation and delegation (employees, machines, agents); K11 Security, resilience and incident handling",horizontal,ok,"Event list in the statement (unauthorised access attempts, identity configuration, accounts, access rules) comes from Table 1, not the quote; check against IDTA-01004 v3.1 Table 1 (S1 to S4 security levels may differ). Derived (D stated). Related to NFR-116 and NFR-048 audit-log items.",
EBW-NFR-122,NFR,Non-functional,Each auditable event identifies the acting application or machine,"Each auditable event of an asset interface shall contain information to determine which application or machine took the action, and the party responsible for the interface shall ensure that this information is sufficient to resolve a dispute about who acted.","Derived; the specification lets the identity of the actual user be left to the application, so a wallet has to link the machine identifier to the owner for the act to count as the owner's (see EBW-NFR-033 for agents).","SRC-IDTA-AAS-P4 (Part 4 (IDTA-01004 v3.1), AAS Security requirements, FR2, Non-repudiation)",D,ecosystem,assurance,M2M; B2B,asset interface operator; machine,test,draft,pending,CON-CONTROL-PLANE,2026-10-03,2026-10-03,https://spherity.github.io/business-wallet-requirements/requirements/ebw-nfr-122/,Each auditable event shall contain information to determine which AAS user application took a particular action on the AAS.,P2,"K03 Mandates, representation and delegation (employees, machines, agents); K10 Evidence, logging and audit; K16 AI-first and agent interoperability",horizontal,reword,Dispute-resolution sentence ('sufficient to resolve a dispute about who acted') is not in the quote (source has a separate non-repudiation text); 'application or machine' generalises 'AAS user application'. Overlaps NFR-033 and AIF-012 (agent principal/agent logging); extends to machines.,
EBW-OPS-001,OPS,Operational and service,Support and incident reporting mechanism for owners,The provider of European Business Wallets shall provide a mechanism enabling owners to easily request technical support and report technical problems or other incidents having a negative impact on the use of the wallets.,Gives owners an operational channel for faults.,SRC-EBW-PROPOSAL (Article 6(2)(e)),L,proposal,governance,B2B; B2G,wallet provider; wallet owner,inspection,draft,pending,,2026-10-03,2026-10-03,https://spherity.github.io/business-wallet-requirements/requirements/ebw-ops-001/,easily request technical support and report technical problems or any other incidents,P2,"K13 Governance, supervision and liability; K11 Security, resilience and incident handling",core,ok,Combines support and incident reporting; acceptable. 'Easily' is not testable.,
EBW-OPS-002,OPS,Operational and service,Owner notification and data transfer or deletion on service end,"On suspension, revocation or voluntary termination of its services, or removal from the list of notified providers, the provider of European Business Wallets shall notify owners and ensure the transfer or deletion of owner data according to the owner's instructions.",Protects continuity and data control at exit.,SRC-EBW-PROPOSAL (Article 7(6)(f)),L,proposal,governance,B2B; B2G,wallet provider; wallet owner,test,draft,pending,CON-DATA-PLANE,2026-10-03,2026-10-03,https://spherity.github.io/business-wallet-requirements/requirements/ebw-ops-002/,ensure the transfer or deletion of the European Business Wallet owner data in accordance with the European Business Wallet owners instructions,P1,"K09 Privacy and data protection; K13 Governance, supervision and liability; K18 Planes and evidence graph (control, data, verifiable evidence)",core,split,"Notification and data transfer/deletion are separate; trigger list beyond quote should be checked at Article 7(6)(f). Overlaps NFR-001, LEG-029.",
EBW-OPS-003,OPS,Operational and service,Risk management by non-qualified providers,"The non-qualified trust service provider shall have policies and measures to manage legal, business, operational and other risks, including registration and onboarding, procedural checks and service management.",Extends baseline risk management to non-qualified services consumed by business wallets.,SRC-EIDAS-CONSOL (Article 19a(1)(a)),L,in force,assurance,B2B,non-qualified trust service provider,audit,draft,pending,CON-TRUST-PLANE,2026-10-03,2026-10-03,https://spherity.github.io/business-wallet-requirements/requirements/ebw-ops-003/,"have appropriate policies and take corresponding measures to manage legal, business, operational and other direct or indirect risks",P3,"K11 Security, resilience and incident handling; K13 Governance, supervision and liability",provider-side,merge-with EBW-OPS-005,Identical to OPS-005 except provider type. Merge into one requirement for all trust service providers.,
EBW-OPS-004,OPS,Operational and service,24-hour breach notification by non-qualified providers,The non-qualified trust service provider shall notify the supervisory body and affected individuals of security breaches or disruptions with significant impact without undue delay and no later than 24 hours after becoming aware.,Fixes the incident notification clock for all trust service providers.,SRC-EIDAS-CONSOL (Article 19a(1)(b)),L,in force,assurance,B2G,non-qualified trust service provider; supervisory body,audit,draft,pending,CON-TRUST-PLANE,2026-10-03,2026-10-03,https://spherity.github.io/business-wallet-requirements/requirements/ebw-ops-004/,no later than 24 hours of having become aware of any security breaches or disruptions,P2,"K11 Security, resilience and incident handling; K13 Governance, supervision and liability",provider-side,merge-with EBW-OPS-006,"'And affected individuals' not in quote. Trigger 'becoming aware' differs from OPS-006 'of the incident'; also overlaps LEG-027, LEG-028.",
EBW-OPS-005,OPS,Operational and service,Risk management for qualified services,"The qualified trust service provider shall have policies and measures to manage legal, business, operational and other risks, including registration and onboarding, procedural checks and service management.",Complements NIS2 risk management for qualified services.,SRC-EIDAS-CONSOL (Article 24(2)(fa)),L,in force,assurance,B2B,qualified trust service provider,audit,draft,pending,CON-QUALIFIED-SERVICES,2026-10-03,2026-10-03,https://spherity.github.io/business-wallet-requirements/requirements/ebw-ops-005/,"have appropriate policies and take corresponding measures to manage legal, business, operational and other direct or indirect risks",P3,"K11 Security, resilience and incident handling; K13 Governance, supervision and liability",provider-side,ok,Merge target for OPS-003. Not testable as phrased ('appropriate policies').,
EBW-OPS-006,OPS,Operational and service,24-hour security breach notification,"The qualified trust service provider shall notify the supervisory body, identifiable affected individuals and other relevant bodies of security breaches or disruptions with significant impact within 24 hours of the incident.",Sets the incident reporting deadline for qualified services.,SRC-EIDAS-CONSOL (Article 24(2)(fb)),L,in force,assurance,B2G,qualified trust service provider; supervisory body,audit,draft,pending,CON-QUALIFIED-SERVICES,2026-10-03,2026-10-03,https://spherity.github.io/business-wallet-requirements/requirements/ebw-ops-006/,without undue delay and in any event within 24 hours of the incident,P2,"K11 Security, resilience and incident handling; K13 Governance, supervision and liability; K10 Evidence, logging and audit",provider-side,merge-with EBW-LEG-027,"Recipients (affected individuals, other bodies) not in quote; inconsistent 24-hour trigger vs OPS-004. Consolidate with LEG-027 and OPS-004.",
EBW-OPS-007,OPS,Operational and service,Evidence records kept after cessation,"The qualified trust service provider shall record and keep accessible, for as long as necessary after its activities have ceased, all relevant information on data issued and received for evidence and continuity.",Preserves legal evidence after provider exit.,SRC-EIDAS-CONSOL (Article 24(2)(h)),L,in force,assurance,B2B; B2G,qualified trust service provider,audit,draft,pending,CON-QUALIFIED-SERVICES,2026-10-03,2026-10-03,https://spherity.github.io/business-wallet-requirements/requirements/ebw-ops-007/,keep accessible for as long as necessary after the activities of the qualified trust service provider have ceased,P2,"K10 Evidence, logging and audit; K13 Governance, supervision and liability",provider-side,ok,'As long as necessary' not testable; sets duration by national or contractual rule.,
EBW-OPS-008,OPS,Operational and service,Up-to-date termination plan,The qualified trust service provider shall have an up-to-date termination plan to ensure continuity of service.,Prevents loss of service and evidence when a provider stops.,SRC-EIDAS-CONSOL (Article 24(2)(i)),L,in force,assurance,B2B; B2G,qualified trust service provider; supervisory body,audit,draft,pending,CON-QUALIFIED-SERVICES,2026-10-03,2026-10-03,https://spherity.github.io/business-wallet-requirements/requirements/ebw-ops-008/,have an up-to-date termination plan to ensure the continuity of service,P3,"K13 Governance, supervision and liability; K11 Security, resilience and incident handling",provider-side,ok,Supervisor-side counterpart is GOV-018.,
EBW-OPS-009,OPS,Operational and service,Notify wallet users within 24 hours of revocation,"When a wallet provider has revoked a wallet unit attestation, the wallet provider shall inform the affected wallet user within 24 hours, stating the reason and the consequences, in concise and plain language.",Users must learn quickly that their wallet no longer works.,SRC-CIR-2024-2979 (Article 7(3)),L,in force,assurance,B2B; B2G; G2B,wallet provider,test,draft,pending,CON-WUA; CON-REVOCATION,2026-10-03,2026-10-03,https://spherity.github.io/business-wallet-requirements/requirements/ebw-ops-009/,"they shall inform affected wallet users within 24 hours of the revocation of their wallet units, including the reason for the revocation",P2,"K07 Credential lifecycle; K13 Governance, supervision and liability",wallet-general,ok,Clause 'in concise and plain language' not in quote. EUDI scope; EBW equivalent needs decision.,
EBW-OPS-010,OPS,Operational and service,Notify holders within 24 hours of PID revocation,"When a provider of person identification data has revoked person identification data, it shall inform the wallet user through a dedicated and secure channel within 24 hours, stating the reasons.",Holders must know when a credential stops being valid.,SRC-CIR-2024-2977 (Article 5(3)),L,in force,assurance,B2B; B2G; G2B,provider of person identification data,test,draft,pending,CON-REVOCATION,2026-10-03,2026-10-03,https://spherity.github.io/business-wallet-requirements/requirements/ebw-ops-010/,inform wallet users subject of those person identification data within 24 hours of the revocation and of the reasons for the revocation.,P3,"K07 Credential lifecycle; K09 Privacy and data protection; K17 Cross-jurisdiction identity, identifiers and assurance (EBW and non-EBW)",wallet-general,ok,Applies to PID providers (employee wallets only). 'Dedicated and secure channel' not in quote.,
EBW-OPS-011,OPS,Operational and service,Inventory of cryptographic assets,"The wallet provider and each trust service provider shall create and maintain a current inventory of the assets that perform cryptographic operations and of the assets on which cryptographic operations are performed, in a standardised format.","An inventory is the first no-regret step for migration, incident handling and service continuity.","SRC-NISCG-PQC-ROADMAP (Section 6.2, bullet ""Support mature cryptographic asset management"")",D,ecosystem,assurance,B2B; B2G; G2B; M2M,wallet provider; trust service provider,inspection,draft,pending,CON-PQC,2026-10-03,2026-10-03,https://spherity.github.io/business-wallet-requirements/requirements/ebw-ops-011/,create and maintain current inventories of assets that perform cryptographic operations and of assets that have cryptographic operations performed on them,P3,"K11 Security, resilience and incident handling; K04 Key custody and wallet architecture",provider-side,reword,"""Standardised format"" not in quote; roadmap addresses Member States, not providers.",
EBW-OPS-012,OPS,Operational and service,Quantum threat in top-level risk management,"The wallet provider and each trust service provider shall include the quantum threat to cryptography in its top-level risk management and classify each use of public-key cryptography as low, medium or high quantum risk.",Risk classification drives the migration priorities and deadlines of the roadmap.,"SRC-NISCG-PQC-ROADMAP (Section 6.2, bullet ""Perform quantum risk analysis""; Section 5)",D,ecosystem,assurance,B2B; B2G; G2B; M2M,wallet provider; trust service provider,audit,draft,pending,CON-PQC,2026-10-03,2026-10-03,https://spherity.github.io/business-wallet-requirements/requirements/ebw-ops-012/,include the quantum threat to cryptography in their top-level risk management,P3,"K11 Security, resilience and incident handling",provider-side,reword,Low/medium/high classification of each use is not in the quote; split off or cite source. Overlaps EBW-OPS-005 and EBW-LEG-023.,
EBW-OPS-013,OPS,Operational and service,"Security controls for keys, algorithms and devices","The trust service provider shall apply security controls to the management of all cryptographic keys, cryptographic algorithms and cryptographic devices throughout their lifecycle.","Covers algorithms as well as keys, which anchors agility and rollover practices.","SRC-ETSI-EN-319401 (Clause 7.5, REQ-7.5-01X)",S,standard,assurance,B2B; B2G; G2B; M2M,trust service provider,audit,draft,pending,CON-TRUST-PLANE,2026-10-03,2026-10-03,https://spherity.github.io/business-wallet-requirements/requirements/ebw-ops-013/,"Appropriate security controls shall be in place for the management of any cryptographic keys, cryptographic algorithms, and cryptographic devices throughout their lifecycle.",P2,"K04 Key custody and wallet architecture; K11 Security, resilience and incident handling",provider-side,merge-with EBW-NFR-006,Near-duplicate of EBW-NFR-006 and EBW-LEG-026 on cryptography controls; keep only if standard anchor is wanted.,
EBW-OPS-014,OPS,Operational and service,Critical vulnerabilities addressed within 48 hours,The trust service provider shall address any critical vulnerability within 48 hours of its discovery.,Gives a numeric patch-time target for trust service systems.,"SRC-ETSI-EN-319401 (Clause 7.9.2, REQ-7.9.2-09X)",S,standard,assurance,B2B; B2G; G2B; M2M,trust service provider,audit,draft,pending,CON-QUALIFIED-SERVICES,2026-10-03,2026-10-03,https://spherity.github.io/business-wallet-requirements/requirements/ebw-ops-014/,"The TSP shall address any critical vulnerability not previously addressed by the TSP, within a period of 48 hours after its discovery.",P3,"K11 Security, resilience and incident handling",provider-side,reword,"Overlaps EBW-LEG-039 (CRA, 24h early warning) only in topic. Add ""not previously addressed"" nuance.",
EBW-OPS-015,OPS,Operational and service,Records retained for the period stated in the terms and conditions,The trust service provider shall hold records concerning its services for a period appropriate for providing legal evidence and as notified in its terms and conditions.,"Ties retention to a published, auditable period.","SRC-ETSI-EN-319401 (Clause 7.10, REQ-7.10-07)",S,standard,assurance,B2B; B2G; G2B; M2M,trust service provider,inspection,draft,pending,CON-QUALIFIED-SERVICES,2026-10-03,2026-10-03,https://spherity.github.io/business-wallet-requirements/requirements/ebw-ops-015/,Records concerning services shall be held for a period of time as appropriate for providing necessary legal evidence and as notified,P3,"K10 Evidence, logging and audit; K13 Governance, supervision and liability",provider-side,reword,Overlaps EBW-OPS-007 (evidence records after cessation) and EBW-OPS-018.,
EBW-OPS-016,OPS,Operational and service,Restore operations within the continuity plan delay after a disaster,"After a disaster, including compromise of a private signing key, the trust service provider shall restore operations within the delay established in its continuity plan and remediate the cause.","Makes recovery time a defined, testable target, including after key compromise.","SRC-ETSI-EN-319401 (Clause 7.11.1, REQ-7.11-1-02X)",S,standard,assurance,B2B; B2G; G2B; M2M,trust service provider,audit,draft,pending,CON-QUALIFIED-SERVICES,2026-10-03,2026-10-03,https://spherity.github.io/business-wallet-requirements/requirements/ebw-ops-016/,operations shall be restored within the delay established in the continuity plan,P3,"K11 Security, resilience and incident handling",provider-side,ok,"Overlaps EBW-LEG-024 (continuity, backup, disaster recovery); statement adds remediate-the-cause not in quote.",
EBW-OPS-017,OPS,Operational and service,Destroy or withdraw private keys on termination,"Before the trust service provider terminates its services, it shall destroy or withdraw from use its private keys, including backup copies, so that they cannot be retrieved.",Prevents misuse of keys of a ceased provider.,"SRC-ETSI-EN-319401 (Clause 7.12, REQ-7.12-07)",S,standard,trust,B2B; B2G; G2B; M2M,trust service provider,audit,draft,pending,CON-QUALIFIED-SERVICES,2026-10-03,2026-10-03,https://spherity.github.io/business-wallet-requirements/requirements/ebw-ops-017/,"the TSP's private keys, including backup copies, shall be destroyed, or withdrawn from use, in a manner such that the private keys cannot be retrieved",P2,"K04 Key custody and wallet architecture; K13 Governance, supervision and liability",provider-side,ok,Related to EBW-OPS-008 termination plan.,
EBW-OPS-018,OPS,Operational and service,Key lifecycle logs retained seven years,The certification service provider shall retain the log of all events relating to the lifecycle of CA-managed keys and the certificate application documentation for at least seven years after any certificate based on these records ceases to be valid.,Provides the main numeric retention period for evidence of key and certificate lifecycle.,"SRC-ETSI-EN-319411-1 (Clause 6.4.6, OVR-6.4.6-01)",S,standard,assurance,B2B; B2G; G2B; M2M,trust service provider,audit,draft,pending,CON-QUALIFIED-SERVICES; CON-REVOCATION,2026-10-03,2026-10-03,https://spherity.github.io/business-wallet-requirements/requirements/ebw-ops-018/,The TSP shall retain the following for at least seven years after any certificate based on these records ceases to be valid,P2,"K10 Evidence, logging and audit; K07 Credential lifecycle",provider-side,ok,Quote truncated before the list of retained items; statement names key lifecycle log and application documentation.,
EBW-OPS-019,OPS,Operational and service,Documented key generation ceremony with signed report,The certification service provider shall conduct CA key pair generation under a documented ceremony procedure and shall produce a signed report proving that the ceremony followed that procedure and protected the integrity and confidentiality of the key pair.,Gives evidence of how each trust anchor key was created.,"SRC-ETSI-EN-319411-1 (Clause 6.5.1, GEN-6.5.1-11 to GEN-6.5.1-14)",S,standard,assurance,B2B; B2G; G2B; M2M,trust service provider,audit,draft,pending,CON-TRUST-PLANE,2026-10-03,2026-10-03,https://spherity.github.io/business-wallet-requirements/requirements/ebw-ops-019/,The TSP shall produce a report proving that the ceremony,P3,K04 Key custody and wallet architecture; K05 Trust framework and discovery,provider-side,reword,Quote only covers the report; documented procedure and signature come from adjacent GEN requirements.,
EBW-OPS-020,OPS,Operational and service,Inform relying parties of CA key compromise,"On compromise, loss or suspected compromise of a CA private key, the certification service provider shall treat it as a disaster, inform all subscribers and relying parties, and indicate that certificates and status information issued with that key may no longer be valid.",Defines the incident response when a trust anchor key is compromised.,"SRC-ETSI-EN-319411-1 (Clause 6.4.8, OVR-6.4.8-08, -11 to -13)",S,standard,trust,B2B; B2G; G2B; M2M,trust service provider; relying party,audit,draft,pending,CON-REVOCATION; CON-QUALIFIED-SERVICES,2026-10-03,2026-10-03,https://spherity.github.io/business-wallet-requirements/requirements/ebw-ops-020/,"shall address the compromise, loss or suspected compromise of a CA's private key as a disaster",P2,"K11 Security, resilience and incident handling; K05 Trust framework and discovery; K07 Credential lifecycle",provider-side,split,Two obligations; quote supports only the first. Overlaps EBW-OPS-006 and EBW-OPS-016.,
EBW-OPS-021,OPS,Operational and service,Inform parties when an algorithm becomes insufficient,"When an algorithm or parameter used by the certification service provider or its subscribers becomes insufficient for its remaining intended usage, the provider shall inform all subscribers and relying parties with whom it has relations and publish that information for other relying parties.",Gives a trigger and communication duty for algorithm migration.,"SRC-ETSI-EN-319411-1 (Clause 6.4.8, OVR-6.4.8-15)",S,standard,trust,B2B; B2G; G2B; M2M,trust service provider; relying party,audit,draft,pending,CON-PQC; CON-REVOCATION,2026-10-03,2026-10-03,https://spherity.github.io/business-wallet-requirements/requirements/ebw-ops-021/,become insufficient for its remaining intended usage then the TSP shall inform all subscribers and relying parties,P2,"K11 Security, resilience and incident handling; K05 Trust framework and discovery",provider-side,ok,Pairs with EBW-TRU-076; consider merging into one algorithm-insufficiency requirement.,
EBW-OPS-022,OPS,Operational and service,Certification records retained at least five years after expiry,"The holder of a wallet solution certificate of conformity shall store the information provided during certification, and specimens of the certified hardware components, securely for at least five years after cancellation or expiry of the certificate.",Defines the retention period for certification evidence.,SRC-CIR-2024-2981 (Article 19(2)),L,in force,assurance,B2G; G2B,wallet provider; certification body,audit,draft,pending,CON-EBW-EUDIW,2026-10-03,2026-10-03,https://spherity.github.io/business-wallet-requirements/requirements/ebw-ops-022/,for at least five years after the cancellation or expiry of the relevant certificate of conformity,P3,"K14 Conformity, certification and assurance; K10 Evidence, logging and audit",provider-side,reword,Statement is compound (information and specimens) but one retention rule; acceptable.,
EBW-OPS-023,OPS,Operational and service,Final incident report within one month,The trust service provider shall submit to the CSIRT or competent authority a final incident report not later than one month after submission of the incident notification.,"Complements the 24-hour notification with the later reporting steps. Derived: Article 23(4) replaces the 72-hour step for trust service providers with 24 hours, so the one-month period is counted from that notification.",SRC-NIS2 (Article 23(4)(d)),D,in force,assurance,B2G; G2B,trust service provider; CSIRT,audit,draft,pending,CON-QUALIFIED-SERVICES,2026-10-03,2026-10-03,https://spherity.github.io/business-wallet-requirements/requirements/ebw-ops-023/,a final report not later than one month after the submission of the incident notification,P2,"K11 Security, resilience and incident handling; K13 Governance, supervision and liability",provider-side,ok,Check that the quote supports applicability to trust service providers; complements EBW-LEG-027.,
EBW-OPS-024,OPS,Operational and service,Update cryptographic technology on cryptanalysis developments,"Where the wallet provider serves a financial entity, it shall provide for updating or changing cryptographic technology on the basis of developments in cryptanalysis, and shall adopt mitigation and monitoring measures where it cannot update.","Names cryptanalysis developments, including quantum advances, as the trigger for algorithm change. Derived: the obligation lies on financial entities and reaches providers through their ICT risk management.",SRC-DORA-RTS-1774 (Article 6(4); recital on quantum advancements),D,in force,assurance,B2B,wallet provider; financial entity,audit,draft,pending,CON-PQC,2026-10-03,2026-10-03,https://spherity.github.io/business-wallet-requirements/requirements/ebw-ops-024/,"provisions for updating or changing, where necessary, the cryptographic technology on the basis of developments in cryptanalysis",P3,"K11 Security, resilience and incident handling; K04 Key custody and wallet architecture",provider-side,reword,Derived via financial entity ICT risk; mitigation clause not in quote. Applicability limited to financial customers.,
EBW-OPS-025,OPS,Operational and service,Renew certificates in advance of expiry,"Where the wallet provider serves a financial entity, it shall renew certificates promptly in advance of their expiration and keep a register of certificates and certificate-storing devices.",Prevents outages caused by expired certificates and supports trust-anchor and certificate rollover. Derived: the obligation lies on financial entities and reaches providers through their ICT risk management.,SRC-DORA-RTS-1774 (Article 7(4) and 7(5)),D,in force,assurance,B2B,wallet provider; financial entity,audit,draft,pending,CON-REVOCATION,2026-10-03,2026-10-03,https://spherity.github.io/business-wallet-requirements/requirements/ebw-ops-025/,Financial entities shall ensure the prompt renewal of certificates in advance of their expiration.,P3,"K11 Security, resilience and incident handling; K05 Trust framework and discovery",provider-side,split,Two obligations; register not in quote (Article 7(5)). Quote supports only renewal.,
EBW-OPS-026,OPS,Operational and service,Notify users within 24 hours of unit revocation,"When the provider of European Business Wallets revokes a wallet unit attestation, it shall inform the affected wallet users without undue delay and no later than 24 hours after the revocation, stating the reason and the consequences, in concise and plain language.","Gives users prompt, understandable notice; counterpart of EBW-OPS-009 in the business wallet annex.","SRC-EBW-PROPOSAL (Annex, point 6(2))",L,proposal,control,B2B; B2G; G2B,wallet provider; wallet user,test,draft,pending,CON-REVOCATION,2026-10-03,2026-10-03,https://spherity.github.io/business-wallet-requirements/requirements/ebw-ops-026/,no later than 24 hours from the revocation of their European Business Wallets units,P2,"K07 Credential lifecycle; K13 Governance, supervision and liability; K18 Planes and evidence graph (control, data, verifiable evidence)",core,ok,Kept as proposal counterpart of in-force OPS-009.,
EBW-OPS-027,OPS,Operational and service,"Delivery channel availability, redundancy and fallback","The Commission shall, by implementing act, establish procedures ensuring continuous availability, redundancy and fallback mechanisms for the qualified electronic registered delivery service in case of service failure.",A single mandatory channel is a single point of failure.,"SRC-EBW-PROPOSAL (Annex, point 11(2)(e))",L,proposal,data,B2B; B2G; G2B,Commission,analysis,draft,pending,CON-QUALIFIED-SERVICES,2026-10-03,2026-10-03,https://spherity.github.io/business-wallet-requirements/requirements/ebw-ops-027/,"continuous availability, redundancy and fallback mechanisms in case of service failure",P3,"K12 Registered delivery and notifications; K11 Security, resilience and incident handling; K18 Planes and evidence graph (control, data, verifiable evidence)",authority-side,ok,"Binds the Commission, not the wallet; restate as design requirement on the delivery channel if wanted.",
EBW-OPS-028,OPS,Operational and service,Remote signing key destroyed when its certificate is revoked,The provider of a remote signature creation service shall destroy the signing key when the corresponding public key certificate is revoked.,It ends the life of a hosted key together with its certificate and keeps revoked keys from being used.,"SRC-ETSI-TS-119431-1 (Clause 6.3.2, DEL-6.3.2-01)",S,standard,trust,B2B; B2G; G2B,qualified trust service provider,audit,draft,pending,CON-QUALIFIED-SERVICES; CON-REVOCATION,2026-10-03,2026-10-03,https://spherity.github.io/business-wallet-requirements/requirements/ebw-ops-028/,"If the public key certificate is revoked, the corresponding signing key shall be destroyed.",P2,K04 Key custody and wallet architecture; K07 Credential lifecycle,provider-side,ok,,
EBW-OPS-029,OPS,Operational and service,Remote signing key destroyed on the signer request,The provider of a remote signature creation service shall destroy a signing key when the signer requests it.,It gives the signer an exit and a way to end a key held at a provider.,"SRC-ETSI-TS-119431-1 (Clause 6.3.2, DEL-6.3.2-02)",S,standard,trust,B2B; B2G; G2B,qualified trust service provider,test,draft,pending,CON-QUALIFIED-SERVICES,2026-10-03,2026-10-03,https://spherity.github.io/business-wallet-requirements/requirements/ebw-ops-029/,The SSASP shall destroy a signing key when requested by the signer.,P2,"K04 Key custody and wallet architecture; K03 Mandates, representation and delegation (employees, machines, agents)",provider-side,ok,,
EBW-OPS-030,OPS,Operational and service,Maintain instance revocation status until the stated time,"Where a wallet provider signs or seals a wallet instance attestation, it shall maintain the revocation status of the relevant wallet instance until the status expiry indicated in that attestation has passed.",Issuers can only chain the validity of a credential to a wallet if the provider commits to serving status for a stated time.,"SRC-CIR-2026-1731 (Annex III (new Annex Ib), point 2(d), LC_WIA_3)",L,in force,trust,B2B; B2G; G2B,wallet provider,audit,draft,pending,CON-WUA; CON-REVOCATION,2026-10-03,2026-10-03,https://spherity.github.io/business-wallet-requirements/requirements/ebw-ops-030/,it shall maintain the revocation status of the relevant wallet instance until the 'wallet_instance_status.exp' indicated in that wallet instance attestation has passed,P2,K07 Credential lifecycle; K04 Key custody and wallet architecture,provider-side,ok,Parallel to OPS-031; atomic separately.,
EBW-OPS-031,OPS,Operational and service,Maintain key storage revocation status until the stated time,"Where a wallet provider signs or seals a key attestation, it shall maintain the revocation status of the relevant wallet secure cryptographic device or keystore until the status expiry indicated in that attestation has passed.",It is the key-side counterpart of the commitment on instance status.,"SRC-CIR-2026-1731 (Annex III (new Annex Ib), point 2(d), LC_KA-3)",L,in force,trust,B2B; B2G; G2B,wallet provider,audit,draft,pending,CON-WUA; CON-REVOCATION,2026-10-03,2026-10-03,https://spherity.github.io/business-wallet-requirements/requirements/ebw-ops-031/,it shall maintain the revocation status of the relevant WSCD or keystore until the 'key_storage_status.exp' indicated in that key attestation has passed,P2,K07 Credential lifecycle; K04 Key custody and wallet architecture,provider-side,ok,,
EBW-OPS-032,OPS,Operational and service,Attestations show a status period of at least 31 days,The wallet provider shall ensure that a wallet unit can always present wallet instance attestations and key attestations whose status expiry lies at least 31 days in the future at the time of presentation.,It lets issuers set credential validity without being forced to short lives.,"SRC-CIR-2026-1731 (Annex III (new Annex Ib), point 2(d), LC_GEN-1)",L,in force,trust,B2B; B2G; G2B,wallet provider,test,draft,pending,CON-WUA; CON-REVOCATION,2026-10-03,2026-10-03,https://spherity.github.io/business-wallet-requirements/requirements/ebw-ops-032/,at least 31 days in the future at the time of presentation,P2,"K07 Credential lifecycle; K11 Security, resilience and incident handling",provider-side,ok,,
EBW-OPS-033,OPS,Operational and service,Wallet provider keeps the unit-to-attestation association,"The wallet provider shall maintain, for each wallet unit it has activated, the set of instance attestations and key attestations it issued to that unit, so that the association cannot be confused with that of another unit, and shall document the procedures, controls and risk analysis in the policy on unit revocation.",Revoking one unit needs a reliable record of which status entries belong to it.,"SRC-ARF-HLR (Annex 2.02, Topic 9, WUA_37)",S,standard,trust,B2B; B2G; G2B,wallet provider,audit,draft,pending,CON-WUA; CON-REVOCATION,2026-10-03,2026-10-03,https://spherity.github.io/business-wallet-requirements/requirements/ebw-ops-033/,"SHALL maintain, for each Wallet Unit it has activated, the set of WIAs and KAs it has issued to that Wallet Unit",P2,"K04 Key custody and wallet architecture; K07 Credential lifecycle; K13 Governance, supervision and liability",provider-side,split,Policy documentation clause is not in quote.,
EBW-OPS-034,OPS,Operational and service,Wallet provider regularly verifies unit security,"During the lifetime of a wallet unit, the wallet provider shall regularly verify that the security of the unit is not breached or compromised, and shall revoke the unit where a breach affects its trustworthiness or reliability.",Compromised units are only revoked if someone looks for compromise.,"SRC-ARF-HLR (Annex 2.02, Topic 38, WURevocation_09)",S,standard,trust,B2B; B2G; G2B,wallet provider,audit,draft,pending,CON-WUA; CON-REVOCATION,2026-10-03,2026-10-03,https://spherity.github.io/business-wallet-requirements/requirements/ebw-ops-034/,SHALL regularly verify that the security of the Wallet Unit is not breached or compromised,P2,"K11 Security, resilience and incident handling; K07 Credential lifecycle",provider-side,split,"Revocation clause is not in quote; ""regularly"" untestable, define interval.",
EBW-OPS-035,OPS,Operational and service,Tell the user of unit revocation outside the unit,The wallet provider shall inform a user about the revocation of the user wallet unit through a communication channel that is independent of the wallet unit.,A revoked unit cannot be relied on to deliver the notice.,"SRC-ARF-HLR (Annex 2.02, Topic 38, WURevocation_16)",S,standard,trust,B2B; B2G; G2B,wallet provider,test,draft,pending,CON-WUA; CON-REVOCATION,2026-10-03,2026-10-03,https://spherity.github.io/business-wallet-requirements/requirements/ebw-ops-035/,SHALL use a communication channel that is independent of the Wallet Unit,P2,"K07 Credential lifecycle; K11 Security, resilience and incident handling",provider-side,ok,Channel independence testable; see OPS-009 and FUN-053.,
EBW-OPS-036,OPS,Operational and service,Revoked PID kept as long as law requires,The provider of person identification data shall keep revoked person identification data accessible for as long as required by Union law or national law.,It preserves evidence of what was issued and revoked.,SRC-CIR-2024-2977 (Article 5(6)),L,in force,assurance,B2B; B2G; G2B,PID provider,audit,draft,pending,CON-REVOCATION,2026-10-03,2026-10-03,https://spherity.github.io/business-wallet-requirements/requirements/ebw-ops-036/,The revoked person identification data shall remain accessible for as long as required by Union law or national law.,P3,"K07 Credential lifecycle; K10 Evidence, logging and audit",provider-side,ok,EUDI PID only.,
EBW-OPS-037,OPS,Operational and service,Revoke a credential when its attribute values change,"The provider of a revocable PID or attestation shall revoke it if the value of one or more attributes of the corresponding logical credential changed, and the technical credential is still valid for at least 24 hours.",A credential must not keep stating values that are no longer true.,"SRC-ARF-HLR (Annex 2.02, Topic 7, VCR_09)",S,standard,trust,B2B; B2G; G2B,PID provider; attestation provider,test,draft,pending,CON-REVOCATION,2026-10-03,2026-10-03,https://spherity.github.io/business-wallet-requirements/requirements/ebw-ops-037/,if the value of one or more of the attributes in the corresponding logical PID or attestation was changed,P2,K07 Credential lifecycle; K01 Credential data model and formats,provider-side,ok,Check against TRU-040 and TRU-134 for overlap.,
EBW-OPS-038,OPS,Operational and service,"Trusted list availability of 99,9 percent","The scheme operator of a trusted list shall make the list available 24 hours a day and 7 days a week with an availability of at least 99,9 % over one year.","A relying party can only validate a trust service output if the list is reachable, so the standard fixes a minimum availability.",SRC-ETSI-119612 (Clause 6.4 (TL availability)),S,standard,trust,B2B; B2G; G2B,scheme operator,test,draft,pending,CON-TRUST-LIST; CON-TRUST-PLANE,2026-10-03,2026-10-03,https://spherity.github.io/business-wallet-requirements/requirements/ebw-ops-038/,TLSOs shall make their TLs available 24 hours a day and 7 days a week,P2,"K05 Trust framework and discovery; K11 Security, resilience and incident handling",provider-side,ok,"The 99,9 % over one year figure is not in the quote; verify clause 6.4.",
EBW-OPS-039,OPS,Operational and service,Delivery providers archive the evidence they issue,The provider of an electronic registered delivery service shall archive the evidence or the evidence digests for each evidence it issued.,"Evidence of sending and receipt is the product of the service, so it has to remain available to prove events later.","SRC-CIR-2025-1944 (Annex I, point 7 (clause 5.4.1), REQ-ERDS-5.4.1-07)",L,in force,assurance,B2B; B2G; G2B,qualified electronic registered delivery provider,audit,draft,pending,CON-QUALIFIED-SERVICES; CON-TRUST-PLANE,2026-10-03,2026-10-03,https://spherity.github.io/business-wallet-requirements/requirements/ebw-ops-039/,The ERDSP shall archive the evidence and/or evidence digests for each evidence that it issued.,P2,"K12 Registered delivery and notifications; K10 Evidence, logging and audit",provider-side,ok,,
EBW-OPS-040,OPS,Operational and service,Termination plan keeps records accessible and usable,A qualified trust service provider shall ensure that its termination plan specifies procedures that keep all relevant records it holds accessible and usable after termination.,"Outputs of a terminated service must stay verifiable, which needs the records behind them.","SRC-CIR-2025-2530 (Article 3(7), point (e))",L,in force,assurance,B2B; B2G; G2B,qualified trust service provider,audit,draft,pending,CON-QUALIFIED-SERVICES,2026-10-03,2026-10-03,https://spherity.github.io/business-wallet-requirements/requirements/ebw-ops-040/,ensuring the accessibility and usability of all relevant records held by the qualified trust service provider,P3,"K13 Governance, supervision and liability; K10 Evidence, logging and audit",provider-side,merge-with EBW-OPS-008,Refines OPS-008 and OPS-007; fold in as plan content.,
EBW-OPS-041,OPS,Operational and service,Issuers automate mandate revocation and sync with authentic sources,The issuer of a power of attorney or power of representation attestation shall automate revocation and synchronise mandate changes with authentic sources.,Manual revocation after a register or HR change leaves a window in which a former representative still holds valid authority.,"SRC-WEBUILD-RB (rulebooks/rb-poa-pox.md, section 4.14 (Operational Recommendations))",S,ecosystem,trust,B2B; B2G,attestation issuer,audit,draft,pending,CON-MANDATE; CON-REVOCATION; CON-AUTHENTIC-SOURCES,2026-10-03,2026-10-03,https://spherity.github.io/business-wallet-requirements/requirements/ebw-ops-041/,Issuers MUST automate revocation and synchronize mandate changes with authentic sources.,P2,"K07 Credential lifecycle; K03 Mandates, representation and delegation (employees, machines, agents)",provider-side,ok,"Verified against registered commit de79cca (rulebooks/rb-poa-pox.md, v0.7) and v0.8 of 2026-09-04: section and quote unchanged. Complements TRU-162 to TRU-164.",
EBW-OPS-042,OPS,Operational and service,Provider states before onboarding what happens to keys on exit,"The wallet provider shall state to the owner before onboarding whether the private keys of a wallet unit can be exported or must be re-created when the owner changes provider, and which attestations and certificates must then be re-issued.","Derived (criterion C6 of the DEC-03 page): the texts require export of data but none says whether keys move; the ARF excludes key export, so exit needs new keys and re-issued attestations.","SRC-EBW-PROPOSAL (Annex, point 10)",D,proposal,data,B2B; B2G; G2B,wallet provider; wallet owner,inspection,draft,pending,CON-WUA,2026-10-03,2026-10-03,https://spherity.github.io/business-wallet-requirements/requirements/ebw-ops-042/,support the secure export and portability of an owner's European Business Wallet data in at least an open format,P2,"K04 Key custody and wallet architecture; K15 Adoption, acceptance and cross-ecosystem interoperability; K18 Planes and evidence graph (control, data, verifiable evidence)",wallet-general,ok,"Quote reaches data export only. ""The ARF excludes key export"" is an EUDI rule and does not bind the EBW; the statement is neutral and fine. Related NFR-118.",
EBW-OPS-043,OPS,Operational and service,Recovery after loss of the key-holding device or module,"The wallet provider shall document, for each custody model it offers, how the owner regains the ability to use a wallet unit after loss of the device or module that holds its keys, and which backup copies of keys exist.","Derived (criterion C5 of the DEC-03 page): keys are not exportable and backup of remote qualified keys is limited to the minimum, so recovery has to be designed per custody model; the sources are silent.",SRC-EIDAS-CONSOL (Article 29a(1)(b)),D,in force,assurance,B2B; B2G; G2B,wallet provider,inspection,draft,pending,CON-WUA,2026-10-03,2026-10-03,https://spherity.github.io/business-wallet-requirements/requirements/ebw-ops-043/,the number of duplicated datasets must not exceed the minimum needed to ensure continuity of the service,P3,"K04 Key custody and wallet architecture; K11 Security, resilience and incident handling",provider-side,ok,Derivation stated (C5). Quote is about duplicated datasets only.,
EBW-OPS-044,OPS,Operational and service,Account lifecycle distinguishes temporary deactivation from termination,"Where the wallet owner is a financial entity, its identity management shall include a lifecycle process for identities and accounts that covers creation, change, review, temporary deactivation and termination of all accounts.","Derived; the duty lies on financial entities. Temporary deactivation and termination are separate steps in the source, which supports modelling suspension of an authorisation apart from its revocation.","SRC-DORA-RTS-1774 (Article 20(2), point (b))",D,in force,governance,B2B,financial entity; wallet owner,audit,draft,pending,CON-MANDATE; CON-REVOCATION,2026-10-03,2026-10-03,https://spherity.github.io/business-wallet-requirements/requirements/ebw-ops-044/,"a lifecycle management process for identities and accounts managing the creation, change, review and update, temporary deactivation, and termination of all accounts",P2,"K03 Mandates, representation and delegation (employees, machines, agents); K07 Credential lifecycle; K02 Wallet subject model",horizontal,ok,"Financial entities only; derived. Source also lists 'update' in the lifecycle, omitted in the statement without loss.",
EBW-OPS-045,OPS,Operational and service,Withdraw access rights when employment ends or access is no longer necessary,"Where the wallet owner is a financial entity, its account management procedures shall provide for the withdrawal of access rights without undue delay upon termination of the employment or when the access is no longer necessary.","Derived; closes the gap that only the leaving-employee mandate attestation (EBW-TRU-163) was sourced. The clause covers user and generic accounts, so a decommissioned service or machine account falls under ""no longer necessary"" by derivation.","SRC-DORA-RTS-1774 (Article 21, first paragraph, point (e)(iii))",D,in force,governance,B2B; M2M,financial entity; wallet owner,audit,draft,pending,CON-MANDATE; CON-REVOCATION,2026-10-03,2026-10-03,https://spherity.github.io/business-wallet-requirements/requirements/ebw-ops-045/,withdrawal of access rights without undue delay upon termination of the employment or when the access is no longer necessary,P2,"K03 Mandates, representation and delegation (employees, machines, agents); K07 Credential lifecycle; K02 Wallet subject model",horizontal,ok,"Complements TRU-163 (issuer revokes mandate attestation on leaving); extension to machine accounts is a derivation, marked in rationale.",
EBW-OPS-046,OPS,Operational and service,Periodic update of access rights,"Where the wallet owner is a financial entity, its account management procedures shall provide for the update of access rights where changes are necessary and at least every 6 months for ICT systems supporting critical or important functions, and at least once a year for other ICT systems.","Derived; gives a source-backed review interval for user authorisations, which EBW-FUN-015 and the owner-side review gap in the J1 research did not have.","SRC-DORA-RTS-1774 (Article 21, first paragraph, point (e)(iv))",D,in force,governance,B2B,financial entity; wallet owner,audit,draft,pending,CON-MANDATE,2026-10-03,2026-10-03,https://spherity.github.io/business-wallet-requirements/requirements/ebw-ops-046/,and at least every 6 months for ICT systems supporting critical or important functions,P2,"K03 Mandates, representation and delegation (employees, machines, agents); K11 Security, resilience and incident handling",horizontal,ok,Quote truncated before the 'once a year for other ICT systems' limb; statement follows RTS Art 21(1)(e)(iv). Related to FUN-015 only loosely; no merge.,
EBW-OPS-047,OPS,Operational and service,Keep roles and accounts aligned between the identity service and the asset interface,"Where a detached service authenticates users or applications and assigns their roles, the party responsible for the asset interface shall ensure that the account information, including roles, is aligned between that service and the interface.","Derived; a revoked or suspended role in the identity service must not stay valid in the asset interface, which is a precondition for timely termination of machine and employee authority.","SRC-IDTA-AAS-P4 (Part 4 (IDTA-01004 v3.1), AAS Security requirements, FR1, Account management)",D,ecosystem,governance,M2M; B2B,asset interface operator,test,draft,pending,CON-MANDATE; CON-REVOCATION,2026-10-03,2026-10-03,https://spherity.github.io/business-wallet-requirements/requirements/ebw-ops-047/,the AAS responsible SHALL ensure that the account information is aligned between the AAS and the detached service,P2,"K03 Mandates, representation and delegation (employees, machines, agents); K07 Credential lifecycle; K04 Key custody and wallet architecture",provider-side,ok,Derived from IDTA Part 4 FR1; conditional 'where a detached service' matches the quote. Ecosystem specification (industrial AAS).,
EBW-TRN-001,TRN,Transition and migration,Transitional alternative to delivery service until 36 months,"Until 36 months after entry into force, a public sector body that does not offer the qualified electronic registered delivery service shall ensure its alternative solutions comply with Regulation (EU) No 910/2014 qualified delivery requirements and offer a gateway to the wallet qualified delivery service.",Transitional derogation: the alternative is optional (may choose not to offer) and conditional on two provisos.,SRC-EBW-PROPOSAL (Article 16(3)),L,proposal,data,B2G; G2B,public sector body,audit,draft,pending,CON-B2G-REPORTING,2026-10-03,2026-10-03,https://spherity.github.io/business-wallet-requirements/requirements/ebw-trn-001/,public sector bodies may choose not to offer the qualified electronic registered delivery service,P3,"K15 Adoption, acceptance and cross-ecosystem interoperability; K12 Registered delivery and notifications; K18 Planes and evidence graph (control, data, verifiable evidence)",authority-side,reword,Quote says 'may choose not to offer'; 'shall support' and gateway duty not supported by quote.,
EBW-TRN-002,TRN,Transition and migration,No stand-alone quantum-vulnerable mechanisms after 2030,After 31 December 2030 the wallet provider shall not use quantum-vulnerable public-key mechanisms stand-alone for high-risk use cases and shall complete their transition to post-quantum or hybrid mechanisms by then.,"High-risk uses include long-term confidentiality and long-lived signing infrastructure, which the roadmap sets as the first deadline. Derived: the roadmap addresses Member States and is not binding on providers.","SRC-NISCG-PQC-ROADMAP (Section 4.1, Overview (paragraph on hybrid solutions) and Timeline, milestone 2)",D,ecosystem,trust,B2B; B2G; G2B; M2M,wallet provider; trust service provider,audit,draft,pending,CON-PQC; CON-TRUST-PLANE,2026-10-03,2026-10-03,https://spherity.github.io/business-wallet-requirements/requirements/ebw-trn-002/,"For high-risk use cases, quantum-vulnerable public-key mechanisms shall not be used stand-alone after the end of 2030",P2,"K11 Security, resilience and incident handling; K04 Key custody and wallet architecture; K15 Adoption, acceptance and cross-ecosystem interoperability",provider-side,reword,"""Complete transition by then"" is redundant; high-risk use cases undefined for wallets; roadmap is not binding on providers.",
EBW-TRN-003,TRN,Transition and migration,Quantum-safe upgrade path with post-quantum signed updates,The wallet provider shall ensure that wallet software that is expected to remain in use beyond 2030 can be upgraded to post-quantum cryptography and that its update mechanism incorporates post-quantum signature schemes for integrity and authenticity.,Authentic updates are the channel through which later algorithm migration reaches deployed wallets.,"SRC-NISCG-PQC-ROADMAP (Section 4.2, Milestone 2 discussion)",D,ecosystem,trust,B2B; B2G; G2B; M2M,wallet provider,test,draft,pending,CON-PQC,2026-10-03,2026-10-03,https://spherity.github.io/business-wallet-requirements/requirements/ebw-trn-003/,products entering the market with an expected lifetime beyond 2030 should be upgradable to PQC,P2,"K04 Key custody and wallet architecture; K11 Security, resilience and incident handling",provider-side,reword,"Quote says ""should""; PQ-signed update mechanism is not in quote. Make that a separate derived requirement.",
EBW-TRN-004,TRN,Transition and migration,Plan for post-quantum signature creation devices,"The qualified trust service provider shall plan for the availability of certified qualified signature and seal creation devices that support post-quantum algorithms so that its own systems, its customers and conformity assessment can migrate.","Qualified services depend on certified devices, which must exist before providers can migrate.","SRC-NISCG-PQC-ROADMAP (Section 6.3 (Next Steps), introductory paragraph)",D,ecosystem,trust,B2B; B2G; G2B,qualified trust service provider,analysis,draft,pending,CON-PQC; CON-QUALIFIED-SERVICES,2026-10-03,2026-10-03,https://spherity.github.io/business-wallet-requirements/requirements/ebw-trn-004/,certified qualified electronic signature creation devices including PQC must be available to allow for integration in the systems of trust service providers,P3,"K04 Key custody and wallet architecture; K14 Conformity, certification and assurance",provider-side,reword,"Roadmap quote is about availability, not a provider duty; ""customers and conformity assessment"" is not in quote.",
EBW-TRU-001,TRU,Trust and assurance,Qualified status before service start,"When a provider intends to offer a qualified trust service, the provider shall not begin the service until the qualified status is indicated in the applicable trusted list.",Derived: Article 21(3) permits a provider to begin only after the status is indicated in the trusted lists; the prohibition before that point is the implied converse.,SRC-EIDAS-CONSOL (Article 21(3)),D,in force,trust,B2B; B2G; B2C,Trust service provider; Supervisory body,inspection,draft,pending,CON-TRUST-PLANE; CON-TRUST-LIST,2026-10-03,2026-10-03,https://spherity.github.io/business-wallet-requirements/requirements/ebw-tru-001/,may begin to provide the qualified trust service after the qualified status has been indicated in the trusted lists,P2,"K13 Governance, supervision and liability; K05 Trust framework and discovery",provider-side,ok,,
EBW-TRU-002,TRU,Trust and assurance,Trusted lists signed and machine-readable,"Member States shall establish, maintain and publish electronically signed or sealed trusted lists in a secured manner and in a form suitable for automated processing.",Lets relying parties verify the origin of the list and process it without manual steps.,SRC-EIDAS-CONSOL (Article 22(2)),L,in force,trust,B2B; B2G; B2C,Trusted list operator; Relying party,inspection,draft,pending,CON-TRUST-LIST,2026-10-03,2026-10-03,https://spherity.github.io/business-wallet-requirements/requirements/ebw-tru-002/,"Member States shall establish, maintain and publish, in a secured manner, the electronically signed or sealed trusted lists",P2,K05 Trust framework and discovery; K01 Credential data model and formats,authority-side,ok,"Several near-identical signed machine-readable publication duties (TRU-014,017,027,036,037).",
EBW-TRU-003,TRU,Trust and assurance,Status of a listed service at a given time,A trusted list shall allow a relying party to determine the status of a listed trust service at a given time.,A relying party must be able to judge a past signature or seal against the status at the time it was made.,SRC-ETSI-119612 (clause 1 Scope),S,standard,trust,B2B; B2G,Relying party; Trusted list operator,test,draft,pending,CON-TRUST-LIST; CON-REVOCATION,2026-10-03,2026-10-03,https://spherity.github.io/business-wallet-requirements/requirements/ebw-tru-003/,so that interested parties may determine the status of a listed trust service at a given time,P2,K05 Trust framework and discovery; K07 Credential lifecycle,authority-side,reword,"Derived from standard scope; ""shall"" adopted from descriptive text.",
EBW-TRU-004,TRU,Trust and assurance,Irreversible revocation of qualified attestations,"When a qualified electronic attestation of attributes is revoked, it shall lose its validity and its status shall not be reverted.",Gives relying parties a stable rule: revocation of a qualified attestation is final.,SRC-EIDAS-CONSOL (Article 45d(4)),L,in force,trust,B2B; B2G; B2C,Attestation provider; Relying party,test,draft,pending,CON-REVOCATION,2026-10-03,2026-10-03,https://spherity.github.io/business-wallet-requirements/requirements/ebw-tru-004/,it shall lose its validity from the moment of its revocation and its status shall not in any circumstances be reverted,P1,K07 Credential lifecycle,wallet-general,ok,"Absorb TRU-025, TRU-026 and TRU-028 as additional sources.",
EBW-TRU-005,TRU,Trust and assurance,Trust anchors and status checks by relying parties,"A relying party instance shall verify the signature over a presented PID, QEAA or PuB-EAA using a trust anchor of the provider obtained from a Trusted List or LoTE.",Trust anchors are only useful if they are used both for the credential and for its status.,SRC-ARF-TRUST (Section 6.6.3.6),S,standard,trust,B2B; B2G; B2C,Relying party,test,draft,pending,CON-TRUST-PLANE; CON-TRUST-LIST,2026-10-03,2026-10-03,https://spherity.github.io/business-wallet-requirements/requirements/ebw-tru-005/,the Relying Party Instance uses a trust anchor of the Provider obtained from a LoTE or Trusted List,P2,K05 Trust framework and discovery; K07 Credential lifecycle,relying-party-side,reword,Merges two actions; no quote.,
EBW-TRU-006,TRU,Trust and assurance,Invalid wallet provider status,"When the status of a wallet provider in the Wallet Provider LoTE is Invalid, PID providers and attestation providers shall refuse to issue PIDs and attestations to wallet units of that wallet provider.","Derived: ARF 6.2.3 describes (not mandates) that after the Wallet Provider status is set to Invalid in its LoTE, providers refuse issuance; the shall form turns this expected behaviour into a requirement.",SRC-ARF-TRUST (Section 6.2.3 Wallet Provider invalidation),D,standard,trust,B2G; B2C,Issuer; Member State,test,draft,pending,CON-TRUST-PLANE; CON-WUA,2026-10-03,2026-10-03,https://spherity.github.io/business-wallet-requirements/requirements/ebw-tru-006/,They will therefore refuse to issue PIDs and attestations to any Wallet Unit provided by that Wallet Provider.,P2,K05 Trust framework and discovery; K07 Credential lifecycle; K04 Key custody and wallet architecture,wallet-general,ok,,
EBW-TRU-007,TRU,Trust and assurance,List of notified business wallet providers,The Commission shall publish a machine-readable list of notified European Business Wallet providers that shows whether each provider is a qualified trust service provider.,"Derived: 12(3) requires a machine-readable list on the basis of the 12(2) information, which includes in point (e) the qualified-TSP indication; that the list shows the indication follows from the 'on the basis of' link.",SRC-EBW-PROPOSAL (Article 12(2)(e) and 12(3)),D,proposal,trust,B2B; B2G,Commission; Wallet owner,inspection,draft,pending,CON-TRUST-PLANE,2026-10-03,2026-10-03,https://spherity.github.io/business-wallet-requirements/requirements/ebw-tru-007/,"the Commission shall establish and maintain on the Commission’s website, in a machine-readable format, a list of providers of European Business Wallets",P3,"K05 Trust framework and discovery; K13 Governance, supervision and liability",authority-side,ok,Qualified-flag in the list not shown by quote.,
EBW-TRU-008,TRU,Trust and assurance,Remote onboarding via authorised representative,Providers of European Business Wallets shall ensure that their wallets support common protocols and interfaces to securely onboard the owner remotely via an authorised representative with that representative's electronic identification means of assurance level substantial or high.,"Clause obliges providers to support protocols and interfaces for remote onboarding; the eID means is that of the authorised representative, meeting Regulation (EU) No 910/2014 as regards levels substantial or high.",SRC-EBW-PROPOSAL (Article 6(1)(e)),L,proposal,trust,B2B; B2G,wallet provider; wallet owner; authorised representative,test,draft,pending,CON-LOA; CON-MANDATE,2026-10-03,2026-10-03,https://spherity.github.io/business-wallet-requirements/requirements/ebw-tru-008/,securely onboard the European Business Wallet owner remotely via an authorised representative,P2,"K02 Wallet subject model; K03 Mandates, representation and delegation (employees, machines, agents); K17 Cross-jurisdiction identity, identifiers and assurance (EBW and non-EBW)",core,reword,Assurance level not in quote. Recategorise FUN is possible.,
EBW-TRU-009,TRU,Trust and assurance,Authentication of relying parties,"The European Business Wallet shall support common protocols and interfaces for authenticating relying parties by implementing authentication mechanisms, where authentication is required.",Lets the owner know to whom data is disclosed.,SRC-EBW-PROPOSAL (Article 6(1)(g)),L,proposal,trust,B2B; B2G,wallet provider; wallet owner; relying party,test,draft,pending,CON-TRUST-PLANE,2026-10-03,2026-10-03,https://spherity.github.io/business-wallet-requirements/requirements/ebw-tru-009/,"for authenticating European Business Wallet-relying parties by implementing authentication mechanisms, where authentication is required",P1,K08 Protocols and interfaces; K05 Trust framework and discovery,core,ok,"Conditional ""where required"" weakens testability.",
EBW-TRU-010,TRU,Trust and assurance,Relying party verification of wallet authenticity,"The European Business Wallet shall support interfaces for relying parties to verify the authenticity and validity of the wallet, where such verification is required.",Relying parties must be able to trust the wallet instance.,SRC-EBW-PROPOSAL (Article 6(1)(h)),L,proposal,trust,B2B; B2G,wallet provider; wallet owner; relying party,test,draft,pending,CON-WUA; CON-TRUST-PLANE,2026-10-03,2026-10-03,https://spherity.github.io/business-wallet-requirements/requirements/ebw-tru-010/,for European Business Wallet-relying parties to verify the authenticity and validity of European Business Wallets,P1,K04 Key custody and wallet architecture; K08 Protocols and interfaces,core,ok,,
EBW-TRU-011,TRU,Trust and assurance,Wallet unit attestation with protected keys,"Providers of European Business Wallets shall ensure that their wallets support common protocols and interfaces for the provision of wallet unit attestations to all wallet units, containing public keys and corresponding private keys protected by a wallet secure cryptographic device.","Clause requires support for protocols and interfaces for provision of attestations, not direct provision.",SRC-EBW-PROPOSAL (Article 6(1)(k)),L,proposal,trust,B2B; B2G,wallet provider,inspection,draft,pending,CON-WUA,2026-10-03,2026-10-03,https://spherity.github.io/business-wallet-requirements/requirements/ebw-tru-011/,provision of wallet unit attestations to all European Business Wallet units,P1,K04 Key custody and wallet architecture; K05 Trust framework and discovery,core,reword,Key-protection clause unsupported by quote; place in own requirement.,
EBW-TRU-012,TRU,Trust and assurance,Verifiable and revocable role-attribute mappings,"The provider of European Business Wallets shall ensure that mappings between roles and attributes are verifiable, auditable, revocable and traceable to their legitimate issuers.",Keeps delegated authority accountable.,"SRC-EBW-PROPOSAL (Article 6(2)(b), first indent)",L,proposal,control,B2B; B2G,wallet provider,test,draft,pending,CON-MANDATE; CON-REVOCATION,2026-10-03,2026-10-03,https://spherity.github.io/business-wallet-requirements/requirements/ebw-tru-012/,"mappings between roles and attributes are verifiable, auditable, revocable and traceable to their legitimate issuers",P1,"K03 Mandates, representation and delegation (employees, machines, agents); K10 Evidence, logging and audit; K18 Planes and evidence graph (control, data, verifiable evidence)",core,recategorise FUN,"Four properties in one sentence: split verifiable, revocable, traceable if kept.",
EBW-TRU-013,TRU,Trust and assurance,Revocation of wallet validity,"The provider of European Business Wallets shall ensure that the validity of a wallet can be revoked on explicit owner request, on compromise, on cessation of owner activity, and where the provider is not on the list of notified providers.",Defines mandatory revocation triggers.,SRC-EBW-PROPOSAL (Article 6(2)(f)),L,proposal,trust,B2B; B2G,wallet provider; wallet owner,test,draft,pending,CON-REVOCATION,2026-10-03,2026-10-03,https://spherity.github.io/business-wallet-requirements/requirements/ebw-tru-013/,ensure that the validity of the European Business Wallets can be revoked in the following circumstances,P1,K07 Credential lifecycle; K04 Key custody and wallet architecture,core,recategorise FUN,Overlaps FUN-029; wallet lifecycle rather than trust.,
EBW-TRU-014,TRU,Trust and assurance,Signed publication of validation mechanisms,"The Commission shall make the notified validation mechanism information available to the public through a secure channel, in electronically signed or sealed form suitable for automated processing.","Authentic, machine-readable discovery of validation endpoints.",SRC-EBW-PROPOSAL (Article 6(3)),L,proposal,trust,B2B; B2G; G2B,Commission,inspection,draft,pending,CON-TRUST-LIST-DISCOVERY; CON-TRUST-LIST,2026-10-03,2026-10-03,https://spherity.github.io/business-wallet-requirements/requirements/ebw-tru-014/,in electronically signed or sealed form suitable for automated processing,P3,K05 Trust framework and discovery; K08 Protocols and interfaces,authority-side,ok,Same pattern as TRU-017.,
EBW-TRU-015,TRU,Trust and assurance,One set of identification data for third-country operators,A provider of owner identification data shall issue identification data and a unique identifier to an economic operator established outside the Union only if identity proofing meets Article 24(1a) of Regulation (EU) 910/2014 and the operator has not been issued another set.,Prevents duplicate identities for non-EU operators.,SRC-EBW-PROPOSAL (Article 18(5)),L,proposal,trust,B2B; B2G,owner identification data provider,audit,draft,pending,CON-LEGAL-PERSON-ID; CON-LOA,2026-10-03,2026-10-03,https://spherity.github.io/business-wallet-requirements/requirements/ebw-tru-015/,has not been issued another set of European Business Wallet owner identification data,P2,"K06 Identity and identifiers; K17 Cross-jurisdiction identity, identifiers and assurance (EBW and non-EBW)",provider-side,recategorise INT,Overlaps INT-007; statement is dense and conditional.,
EBW-TRU-016,TRU,Trust and assurance,Remedy or loss of qualified status,"Where the qualified trust service provider fails to remedy a failure to fulfil requirements within the set time limit, the supervisory body shall withdraw the qualified status of the provider or affected service.","Defines when qualified status is lost, which relying parties must reflect in trust decisions.",SRC-EIDAS-CONSOL (Article 20(3)),L,in force,trust,B2G; B2B,supervisory body; qualified trust service provider,audit,draft,pending,CON-QUALIFIED-SERVICES; CON-TRUST-LIST,2026-10-03,2026-10-03,https://spherity.github.io/business-wallet-requirements/requirements/ebw-tru-016/,shall withdraw the qualified status of that provider or of the affected service it provides,P3,"K13 Governance, supervision and liability",authority-side,recategorise GOV,,
EBW-TRU-017,TRU,Trust and assurance,Commission publishes trusted list locations securely,The Commission shall make the notified trusted list information available to the public through a secure channel in electronically signed or sealed form suitable for automated processing.,Provides the machine-readable root for discovering all national trusted lists.,SRC-EIDAS-CONSOL (Article 22(4)),L,in force,trust,G2B; G2G,Commission,inspection,draft,pending,CON-TRUST-LIST-DISCOVERY; CON-TRUST-LIST,2026-10-03,2026-10-03,https://spherity.github.io/business-wallet-requirements/requirements/ebw-tru-017/,in electronically signed or sealed form suitable for automated processing,P3,K05 Trust framework and discovery,authority-side,ok,,
EBW-TRU-018,TRU,Trust and assurance,Trusted list link when using the EU trust mark,"When using the EU trust mark, the qualified trust service provider shall ensure that a link to the relevant trusted list is made available on its website.",Lets users verify qualified status behind the mark.,SRC-EIDAS-CONSOL (Article 23(2)),L,in force,trust,B2B; B2C,qualified trust service provider,inspection,draft,pending,CON-TRUST-LIST; CON-QUALIFIED-SERVICES,2026-10-03,2026-10-03,https://spherity.github.io/business-wallet-requirements/requirements/ebw-tru-018/,shall ensure that a link to the relevant trusted list is made available on their website,P3,"K05 Trust framework and discovery; K13 Governance, supervision and liability",provider-side,ok,,
EBW-TRU-019,TRU,Trust and assurance,Identity and attribute verification before issuance,"When issuing a qualified certificate or qualified electronic attestation of attributes, the qualified trust service provider shall verify the identity and, if applicable, specific attributes of the natural or legal person.",Sets the vetting baseline for legal person identity in seals and attestations.,SRC-EIDAS-CONSOL (Article 24(1)),L,in force,trust,B2B; B2G,qualified trust service provider; legal person,audit,draft,pending,CON-QUALIFIED-SERVICES; CON-LEGAL-PERSON-ID,2026-10-03,2026-10-03,https://spherity.github.io/business-wallet-requirements/requirements/ebw-tru-019/,"shall verify the identity and, if applicable, any specific attributes of the natural or legal person",P2,"K06 Identity and identifiers; K07 Credential lifecycle; K17 Cross-jurisdiction identity, identifiers and assurance (EBW and non-EBW)",provider-side,ok,,
EBW-TRU-020,TRU,Trust and assurance,Permitted identity verification methods,"The qualified trust service provider shall verify identity using the European Digital Identity Wallet or a notified high-assurance means, a qualified signature or seal certificate, a conformity-assessed method of high confidence, or physical presence.","Defines the permissible onboarding paths, including wallets as identity source.",SRC-EIDAS-CONSOL (Article 24(1a)),L,in force,trust,B2B; B2G,qualified trust service provider,audit,draft,pending,CON-QUALIFIED-SERVICES; CON-LOA; CON-EBW-EUDIW,2026-10-03,2026-10-03,https://spherity.github.io/business-wallet-requirements/requirements/ebw-tru-020/,by means of the European Digital Identity Wallet or a notified electronic identification means which meets the requirements set out in Article 8,P2,"K06 Identity and identifiers; K14 Conformity, certification and assurance; K17 Cross-jurisdiction identity, identifiers and assurance (EBW and non-EBW)",provider-side,reword,Quote supports first method only; enumeration of methods is a long list.,
EBW-TRU-021,TRU,Trust and assurance,Permitted attribute verification methods,"The qualified trust service provider shall verify attributes by wallet or high-assurance means, qualified signature or seal certificate, qualified electronic attestation of attributes, a conformity-assessed method, or physical presence.",Allows attestations to be chained from other qualified attestations and authentic sources.,SRC-EIDAS-CONSOL (Article 24(1b)),L,in force,trust,B2B; B2G,qualified trust service provider,audit,draft,pending,CON-QUALIFIED-SERVICES; CON-AUTHENTIC-SOURCES,2026-10-03,2026-10-03,https://spherity.github.io/business-wallet-requirements/requirements/ebw-tru-021/,(c) by means of a qualified electronic attestation of attributes;,P2,"K06 Identity and identifiers; K07 Credential lifecycle; K17 Cross-jurisdiction identity, identifiers and assurance (EBW and non-EBW)",provider-side,reword,Quote shows item (c) only.,
EBW-TRU-022,TRU,Trust and assurance,Revocation published within 24 hours,"When revoking a qualified certificate, the qualified trust service provider shall register the revocation and publish the revocation status within 24 hours of receiving the request, with immediate effect on publication.",Bounds the revocation latency relying parties must expect.,SRC-EIDAS-CONSOL (Article 24(3)),L,in force,trust,B2B; B2G,qualified trust service provider,test,draft,pending,CON-QUALIFIED-SERVICES; CON-REVOCATION,2026-10-03,2026-10-03,https://spherity.github.io/business-wallet-requirements/requirements/ebw-tru-022/,in any event within 24 hours after the receipt of the request,P2,"K07 Credential lifecycle; K17 Cross-jurisdiction identity, identifiers and assurance (EBW and non-EBW)",provider-side,ok,"""Immediate effect on publication"" not in quote.",
EBW-TRU-023,TRU,Trust and assurance,Free automated validity status information,"The qualified trust service provider shall provide relying parties with validity or revocation status per certificate at any time, also beyond validity, in an automated, reliable, free and efficient manner.",Guarantees relying parties can always check status; also applies to qualified attestations of attributes under Art 24(4a).,SRC-EIDAS-CONSOL (Article 24(4)),L,in force,trust,B2B; B2G,qualified trust service provider; relying party,test,draft,pending,CON-QUALIFIED-SERVICES; CON-REVOCATION,2026-10-03,2026-10-03,https://spherity.github.io/business-wallet-requirements/requirements/ebw-tru-023/,"at any time and beyond the validity period of the certificate in an automated manner that is reliable, free of charge and efficient",P2,"K07 Credential lifecycle; K11 Security, resilience and incident handling",provider-side,ok,Rationale mentions attestations under 24(4a); covered by TRU-024.,
EBW-TRU-024,TRU,Trust and assurance,Revocation rules apply to qualified attestations,"The qualified trust service provider shall apply the revocation registration, 24-hour publication and status-information rules to qualified electronic attestations of attributes.",Extends certificate revocation discipline to attestations.,SRC-EIDAS-CONSOL (Article 24(4a)),L,in force,trust,B2B; B2G,qualified trust service provider,test,draft,pending,CON-QUALIFIED-SERVICES; CON-REVOCATION,2026-10-03,2026-10-03,https://spherity.github.io/business-wallet-requirements/requirements/ebw-tru-024/,Paragraphs 3 and 4 shall apply accordingly to the revocation of qualified electronic attestations of attributes.,P2,"K07 Credential lifecycle; K17 Cross-jurisdiction identity, identifiers and assurance (EBW and non-EBW)",provider-side,merge-with EBW-TRU-022,Cross-reference to paragraphs 3 and 4; merge with TRU-022 and TRU-023.,
EBW-TRU-025,TRU,Trust and assurance,Irreversible revocation of qualified certificates,A qualified certificate for electronic signatures shall lose its validity from the moment of revocation and its status shall not in any circumstances be reverted.,Revocation is final; relying parties can cache it safely.,SRC-EIDAS-CONSOL (Article 28(4)),L,in force,trust,B2B,qualified trust service provider,test,draft,pending,CON-QUALIFIED-SERVICES; CON-REVOCATION,2026-10-03,2026-10-03,https://spherity.github.io/business-wallet-requirements/requirements/ebw-tru-025/,its status shall not in any circumstances be reverted,P1,K07 Credential lifecycle,provider-side,merge-with EBW-TRU-004,Four near-identical irreversible-revocation requirements.,
EBW-TRU-026,TRU,Trust and assurance,Irreversible revocation of qualified seal certificates,A qualified certificate for an electronic seal shall lose its validity from the moment of revocation and its status shall not in any circumstances be reverted.,Revocation finality for seals.,SRC-EIDAS-CONSOL (Article 38(4)),L,in force,trust,B2B,qualified trust service provider,test,draft,pending,CON-QUALIFIED-SERVICES; CON-REVOCATION,2026-10-03,2026-10-03,https://spherity.github.io/business-wallet-requirements/requirements/ebw-tru-026/,"it shall lose its validity from the moment of its revocation, and its status shall not in any circumstances be reverted",P1,K07 Credential lifecycle,provider-side,merge-with EBW-TRU-004,,
EBW-TRU-027,TRU,Trust and assurance,Notification and publication of issuing public sector bodies,"The Member State shall notify issuing public sector bodies with a conformity assessment report to the Commission, which shall publish the list of those bodies signed or sealed and machine-readable.",Provides a trust anchor list for public attestation issuers.,SRC-EIDAS-CONSOL (Article 45f(3)),L,in force,trust,G2G; G2B,Member State; Commission,inspection,draft,pending,CON-AUTHENTIC-SOURCES; CON-TRUST-LIST,2026-10-03,2026-10-03,https://spherity.github.io/business-wallet-requirements/requirements/ebw-tru-027/,in electronically signed or sealed form suitable for automated processing,P3,"K05 Trust framework and discovery; K13 Governance, supervision and liability",authority-side,reword,,
EBW-TRU-028,TRU,Trust and assurance,Irreversible revocation of public sector attestations,A revoked attestation issued by or for a public sector body responsible for an authentic source shall lose validity from revocation and shall not be reverted.,Extends finality of revocation to public attestations (TRU-004 covers qualified ones).,SRC-EIDAS-CONSOL (Article 45f(4)),L,in force,trust,G2B,public sector body,test,draft,pending,CON-REVOCATION; CON-AUTHENTIC-SOURCES,2026-10-03,2026-10-03,https://spherity.github.io/business-wallet-requirements/requirements/ebw-tru-028/,its status shall not be reverted,P1,K07 Credential lifecycle,provider-side,merge-with EBW-TRU-004,Public sector issuers are the issuer type for authentic sources.,
EBW-TRU-029,TRU,Trust and assurance,Wallet unit attestation signed under a listed certificate,The wallet provider shall issue wallet unit attestations for each wallet unit and shall sign or seal them so that the signatures or seals can be validated by means of a certificate listed in accordance with Implementing Regulation (EU) 2024/2980.,"Lets issuers and relying parties authenticate the wallet unit against a trust anchor; the duty now sits in Article 6(1), in force from 11 August 2026 (consolidated text 02024R2979-20260811).","SRC-CIR-2024-2979 (Article 6(1), as replaced by Implementing Regulation (EU) 2026/1731, Article 2(4)(a) (in force 11 August 2026); former Article 3(2) deleted by Article 2(1))",L,in force,trust,B2B; B2G; G2B,wallet provider,inspection,draft,pending,CON-WUA; CON-TRUST-LIST,2026-10-03,2026-10-03,https://spherity.github.io/business-wallet-requirements/requirements/ebw-tru-029/,sign or seal the wallet unit attestations in a way that the signatures or seals can be validated by means of a certificate listed,P1,K04 Key custody and wallet architecture; K05 Trust framework and discovery,wallet-general,ok,Statement adds list of certificate; quote shows signing only.,
EBW-TRU-030,TRU,Trust and assurance,Only the wallet provider revokes wallet unit attestations,"Only the wallet provider that provided a wallet unit shall be capable of revoking that wallet unit attestation, and the provider shall publish a policy on the conditions and timeframe of revocation.","Gives a single accountable revoker with predictable rules; a wallet unit attestation now comprises wallet instance and key attestations (Annex Ib, point 1).",SRC-CIR-2024-2979 (Article 7(1)-(2) (not amended by Implementing Regulation (EU) 2026/1731; consolidated text 02024R2979-20260811)),L,in force,assurance,B2B; B2G; G2B,wallet provider,audit,draft,pending,CON-WUA; CON-REVOCATION,2026-10-03,2026-10-03,https://spherity.github.io/business-wallet-requirements/requirements/ebw-tru-030/,Wallet providers shall be the only entities capable of revoking wallet unit attestations for wallet units that they have provided.,P2,"K07 Credential lifecycle; K04 Key custody and wallet architecture; K13 Governance, supervision and liability",wallet-general,split,,
EBW-TRU-031,TRU,Trust and assurance,Privacy-preserving publication of wallet unit validity status,"When a wallet provider has revoked a wallet unit attestation, the wallet provider shall make the validity status publicly available in a privacy preserving manner and describe its location in the wallet unit attestation.",Relying parties and issuers need status without tracking users.,SRC-CIR-2024-2979 (Article 7(4) (not amended by Implementing Regulation (EU) 2026/1731; consolidated text 02024R2979-20260811)),L,in force,assurance,B2B; B2G; G2B,wallet provider,test,draft,pending,CON-WUA; CON-REVOCATION; CON-PRIVACY,2026-10-03,2026-10-03,https://spherity.github.io/business-wallet-requirements/requirements/ebw-tru-031/,make publicly available the validity status of the wallet unit attestation in a privacy preserving manner,P1,K07 Credential lifecycle; K09 Privacy and data protection,wallet-general,reword,,
EBW-TRU-032,TRU,Trust and assurance,Authenticate relying party access certificates,The wallet unit shall authenticate and validate the wallet-relying party access certificate when interacting with a wallet-relying party.,Users and wallets must know who is asking for data.,SRC-CIR-2024-2982 (Article 3(1)),L,in force,trust,B2B; B2G; G2B,wallet unit; wallet-relying party,test,draft,pending,CON-TRUST-PLANE; CON-TRUST-LIST,2026-10-03,2026-10-03,https://spherity.github.io/business-wallet-requirements/requirements/ebw-tru-032/,authenticate and validate the wallet-relying party access certificates where interacting with wallet-relying parties,P1,K05 Trust framework and discovery; K08 Protocols and interfaces,wallet-general,ok,,
EBW-TRU-033,TRU,Trust and assurance,Validate and display relying party registration certificate,"The wallet unit shall authenticate and validate the wallet-relying party registration certificate, where one is provided, and display its information to the wallet user.",Shows the user the registered purpose and attributes of the requester.,"SRC-CIR-2024-2982 (Article 3(4), 3(7))",L,in force,trust,B2B; B2G; G2B,wallet unit,test,draft,pending,CON-TRUST-PLANE,2026-10-03,2026-10-03,https://spherity.github.io/business-wallet-requirements/requirements/ebw-tru-033/,"authenticate and validate the wallet-relying party registration certificate, where applicable;",P2,K05 Trust framework and discovery; K09 Privacy and data protection,wallet-general,split,,
EBW-TRU-034,TRU,Trust and assurance,Request issuance only from certified issuers,The wallet unit shall request issuance of person identification data or attestations only from parties with an authentic and valid wallet-relying party access certificate attesting them as a provider of person identification data or of the relevant type of attestation.,Stops wallets receiving credentials from unregistered issuers.,SRC-CIR-2024-2982 (Article 4(2)),L,in force,trust,B2B; B2G; G2B,wallet unit; issuer,test,draft,pending,CON-TRUST-PLANE,2026-10-03,2026-10-03,https://spherity.github.io/business-wallet-requirements/requirements/ebw-tru-034/,request issuance of person identification data and electronic attestations of attributes only from parties having an authentic and valid wallet-relying party access certificate,P1,K05 Trust framework and discovery; K07 Credential lifecycle,wallet-general,ok,,
EBW-TRU-035,TRU,Trust and assurance,PID provider verifies wallet unit attestation before issuance,"Before issuing person identification data to a wallet unit, the provider of person identification data shall authenticate and validate the wallet unit attestation and verify that the wallet unit belongs to a wallet solution it accepts, or use another authentication mechanism under an eID scheme notified at assurance level high.",Clause makes the attestation check alternative to another authentication mechanism under an electronic identity scheme notified at assurance level high.,SRC-CIR-2024-2977 (Article 3(9) (not amended by Implementing Regulation (EU) 2026/1731; consolidated text 02024R2977-20260811)),L,in force,trust,B2B; B2G; G2B,provider of person identification data,test,draft,pending,CON-WUA,2026-10-03,2026-10-03,https://spherity.github.io/business-wallet-requirements/requirements/ebw-tru-035/,authenticate and validate the wallet unit attestation of the wallet unit,P2,"K04 Key custody and wallet architecture; K05 Trust framework and discovery; K17 Cross-jurisdiction identity, identifiers and assurance (EBW and non-EBW)",provider-side,reword,,
EBW-TRU-036,TRU,Trust and assurance,Public lists of wallet ecosystem actors open without authentication,"The Commission shall publish the lists of registrars, registers, wallet providers, PID providers and access certificate providers in signed or sealed machine-readable form and on a human-readable website, without registration or authentication, over state-of-the-art transport encryption.",Gives wallets and relying parties an openly verifiable trust anchor source.,SRC-CIR-2024-2980 (Article 5(3)),L,in force,trust,B2B; B2G; G2B; G2G,European Commission,inspection,draft,pending,CON-TRUST-LIST; CON-TRUST-LIST-DISCOVERY,2026-10-03,2026-10-03,https://spherity.github.io/business-wallet-requirements/requirements/ebw-tru-036/,without the need to register or to be authenticated to obtain or read the lists;,P3,K05 Trust framework and discovery,authority-side,split,Also requires a human-readable website; five items in one.,
EBW-TRU-037,TRU,Trust and assurance,National register of relying parties via signed common API,"Member States shall make registered wallet-relying party information available in human-readable and machine-processable form through a single common API and a national website, electronically signed or sealed by or on behalf of the registrar.","Enables automated, verifiable lookup of relying party registrations.",SRC-CIR-2025-848 (Article 3(4)-(5)),L,in force,trust,B2B; B2G; G2B,Member State; registrar,test,draft,pending,CON-B2G-REGISTRY; CON-TRUST-PLANE,2026-10-03,2026-10-03,https://spherity.github.io/business-wallet-requirements/requirements/ebw-tru-037/,available through a single common application programming interface,P3,K05 Trust framework and discovery; K08 Protocols and interfaces,authority-side,reword,,
EBW-TRU-038,TRU,Trust and assurance,Registration certificates carry a general access policy and privacy URL,"Where a Member State authorises registration certificates, the issued certificates shall express each intended use, include a harmonised general access policy limiting requests to the registered data, and contain a URL to the privacy policy for the intended use.",Lets wallets detect over-asking and show the privacy policy.,"SRC-CIR-2025-848 (Article 8(2)(b),(c),(g))",L,in force,trust,B2B; B2G; G2B,provider of registration certificates,inspection,draft,pending,CON-B2G-REGISTRY; CON-PRIVACY,2026-10-03,2026-10-03,https://spherity.github.io/business-wallet-requirements/requirements/ebw-tru-038/,ensure that wallet-relying parties provide a URL to the privacy policy regarding the intended use,P2,"K05 Trust framework and discovery; K09 Privacy and data protection; K17 Cross-jurisdiction identity, identifiers and assurance (EBW and non-EBW)",authority-side,split,,
EBW-TRU-039,TRU,Trust and assurance,Published validity and revocation policies for qualified attestations,"Providers of qualified attestations and of attestations issued by or on behalf of a public sector body responsible for an authentic source shall have written, publicly accessible policies on validity or revocation status management.",Relying parties can assess status handling in advance.,SRC-CIR-2025-1569 (Article 4(1)),L,in force,assurance,B2B; B2G; G2B,attestation provider,audit,draft,pending,CON-REVOCATION; CON-QUALIFIED-SERVICES,2026-10-03,2026-10-03,https://spherity.github.io/business-wallet-requirements/requirements/ebw-tru-039/,shall have written and publicly accessible policies relating to validity or revocation status management.,P2,"K07 Credential lifecycle; K13 Governance, supervision and liability",provider-side,ok,,
EBW-TRU-040,TRU,Trust and assurance,Mandatory revocation circumstances for attestations over 24 hours,"For attestations issued with a validity period of more than 24 hours, the provider shall revoke them upon the holder request, upon known compromise of security or trustworthiness, and in other cases required by law or its policy.",Defines when revocation is compulsory versus replaced by short validity.,SRC-CIR-2025-1569 (Article 4(3)),L,in force,assurance,B2B; B2G; G2B,attestation provider,test,draft,pending,CON-REVOCATION,2026-10-03,2026-10-03,https://spherity.github.io/business-wallet-requirements/requirements/ebw-tru-040/,"whenever those attestations are issued with a validity period of more than 24 hours, shall revoke them in at least the following circumstances",P2,K07 Credential lifecycle,provider-side,ok,,
EBW-TRU-041,TRU,Trust and assurance,Authentic and intact status information for relying parties,Providers of qualified attestations and of public-sector authentic-source attestations shall make validity or revocation status available to relying parties in a manner that ensures the integrity and authenticity of the information.,Relying parties must trust the status they read.,SRC-CIR-2025-1569 (Article 4(5)),L,in force,assurance,B2B; B2G; G2B,attestation provider; relying party,test,draft,pending,CON-REVOCATION; CON-QUALIFIED-SERVICES,2026-10-03,2026-10-03,https://spherity.github.io/business-wallet-requirements/requirements/ebw-tru-041/,in a manner that ensures the integrity and authenticity of that information.,P2,"K07 Credential lifecycle; K11 Security, resilience and incident handling",provider-side,ok,,
EBW-TRU-042,TRU,Trust and assurance,Qualified registered delivery identifies parties with the wallet,"The qualified electronic registered delivery provider shall verify the identity of the recipient with a very high level of confidence and the sender by appropriate means, where either may use the European Digital Identity Wallet remotely.",Connects wallets to qualified registered delivery in the business wallet.,"SRC-CIR-2025-1944 (Annex I, REQ-QERDS-5.2.1.1-01 and -01A)",L,in force,trust,B2B; B2G; G2B,qualified registered delivery provider,audit,draft,pending,CON-QUALIFIED-SERVICES; CON-EBW-EUDIW,2026-10-03,2026-10-03,https://spherity.github.io/business-wallet-requirements/requirements/ebw-tru-042/,"remotely, using an electronic identification means, which meets the requirements set out in Article 8 of Regulation (EU) No 910/2014",P2,K12 Registered delivery and notifications; K06 Identity and identifiers,provider-side,merge-with EBW-FUN-024,Recategorise FUN; assurance level not in quote.,
EBW-TRU-043,TRU,Trust and assurance,Authenticate relying party in every presentation,"The wallet unit and the relying party instance shall perform relying party authentication using an access certificate in all presentation transactions, proximity or remote.",Relying party authentication must not depend on channel type.,"SRC-ARF-HLR (Annex 2 topic 6, RPA_03)",S,standard,trust,B2B; B2G; G2B,wallet unit; relying party instance,test,draft,pending,CON-TRUST-PLANE,2026-10-03,2026-10-03,https://spherity.github.io/business-wallet-requirements/requirements/ebw-tru-043/,"shall perform Relying Party authentication in all PID or attestation presentation transactions to Relying Parties, whether proximity or remote, using an access certificate.",P1,K05 Trust framework and discovery; K08 Protocols and interfaces,wallet-general,ok,"Overlaps TRU-032, TRU-009; two actors in one statement.",
EBW-TRU-044,TRU,Trust and assurance,Accept only notified access certificate trust anchors,"For verification of access certificates, the wallet unit shall accept only the trust anchors in the lists of trusted entities of the access certificate authorities notified by Member States.",Closes the trust anchor set to notified authorities.,"SRC-ARF-HLR (Annex 2 topic 6, RPA_04)",S,standard,trust,B2B; B2G; G2B,wallet unit,test,draft,pending,CON-TRUST-LIST; CON-TRUST-LIST-DISCOVERY,2026-10-03,2026-10-03,https://spherity.github.io/business-wallet-requirements/requirements/ebw-tru-044/,a Wallet Unit SHALL accept only the trust anchors in the LoTE(s) of all Access Certificate Authorities notified by Member States.,P2,K05 Trust framework and discovery,wallet-general,ok,,
EBW-TRU-045,TRU,Trust and assurance,Warn when requested attributes exceed registration,"After receiving a presentation request, the wallet unit shall verify that all requested attributes are included in the attributes of the registration certificate in the same request and shall warn the user if they are not.",Detects over-asking by relying parties.,"SRC-ARF-HLR (Annex 2 topic 44, RPRC_21)",S,standard,trust,B2B; B2G; G2B,wallet unit,test,draft,pending,CON-B2G-REGISTRY; CON-PRIVACY,2026-10-03,2026-10-03,https://spherity.github.io/business-wallet-requirements/requirements/ebw-tru-045/,verify that all attributes requested in the request are included in the list of attributes in the registration certificate,P2,K09 Privacy and data protection; K05 Trust framework and discovery,wallet-general,ok,"Overlaps FUN-030, FUN-034.",
EBW-TRU-046,TRU,Trust and assurance,Wallet checks issuer registration before requesting issuance,"Before requesting issuance, the wallet unit shall verify that the attestation type it requests is included in the registration certificate of the PID or attestation provider and shall warn the user if not.",Applies registration checks to issuers as well as verifiers.,"SRC-ARF-HLR (Annex 2 topic 44, RPRC_23)",S,standard,trust,B2B; B2G; G2B,wallet unit; issuer,test,draft,pending,CON-B2G-REGISTRY,2026-10-03,2026-10-03,https://spherity.github.io/business-wallet-requirements/requirements/ebw-tru-046/,the type of attestation it wants to request from a PID Provider or Attestation Provider is included in the registration certificate,P2,K05 Trust framework and discovery; K07 Credential lifecycle,wallet-general,ok,Close to TRU-034; keep separate by checked item.,
EBW-TRU-047,TRU,Trust and assurance,Relying parties verify revocation status or document a risk analysis,"The relying party instance should verify the revocation status of a revocable attestation on receipt, and a relying party that does not shall perform a risk analysis covering the use case.",Keeps status checking the default without forcing it.,"SRC-ARF-HLR (Annex 2.02, topic 7, VCR_13)",S,standard,assurance,B2B; B2G; G2B,relying party,audit,draft,pending,CON-REVOCATION,2026-10-03,2026-10-03,https://spherity.github.io/business-wallet-requirements/requirements/ebw-tru-047/,SHALL perform a risk analysis considering all relevant factors for the use case,P3,"K07 Credential lifecycle; K11 Security, resilience and incident handling",relying-party-side,reword,"Statement mixes ""should"" with ""shall""; the quote supports only the shall.",
EBW-TRU-048,TRU,Trust and assurance,MCP client obtains a registered client identifier,"Where the wallet or an agent acts as an MCP client with authorization, the MCP client shall obtain a client ID through Client ID Metadata Documents, pre-registration or Dynamic Client Registration before starting the authorization flow.",The client ID is the only agent identifier the MCP authorization layer defines.,"SRC-MCP-AUTH (Authorization, Client Registration)",S,ecosystem,trust,M2M; A2A; B2B,agent; MCP client; authorization server,inspection,draft,pending,CON-AISP; CON-AGENT-MANDATE,2026-10-03,2026-10-03,https://spherity.github.io/business-wallet-requirements/requirements/ebw-tru-048/,MCP clients MUST obtain a client ID through one of three registration mechanisms,P2,K16 AI-first and agent interoperability; K08 Protocols and interfaces; K06 Identity and identifiers,wallet-general,ok,"Technology-specific to MCP; flag as ecosystem profile, not core law.",
EBW-TRU-049,TRU,Trust and assurance,Domain-bound client identity via metadata documents,"Where the wallet or an agent acts as an MCP client towards authorization servers it does not control, the agent shall support OAuth Client ID Metadata Documents so that its client identity is bound to a domain it controls.",The source only states SHOULD; for a business wallet a domain-bound client identity is needed so a relying party can attribute requests to an organisation.,"SRC-MCP-AUTH (Authorization, Overview)",D,ecosystem,trust,M2M; A2A; B2B,agent; authorization server,inspection,draft,pending,CON-AISP; CON-LEGAL-PERSON-ID,2026-10-03,2026-10-03,https://spherity.github.io/business-wallet-requirements/requirements/ebw-tru-049/,Authorization servers and MCP clients SHOULD support OAuth Client ID Metadata Documents,P2,K16 AI-first and agent interoperability; K06 Identity and identifiers; K08 Protocols and interfaces,core,reword,"Rationale marks derivation. ""so that identity is bound to a domain"" is a purpose clause; keep in rationale.",
EBW-TRU-050,TRU,Trust and assurance,Server operator identity is not provided by MCP,"Where the wallet or an agent exposes an MCP server to counterparties, the wallet provider shall make the identity of the operating legal person verifiable through wallet or trust-list mechanisms, because MCP authorization defines no server-operator identity beyond OAuth endpoints and TLS.","MCP leaves the authorization server implementation and the operator identity out of scope, so the legal-person binding must come from the wallet trust layer.","SRC-MCP-AUTH (Authorization, Roles)",D,ecosystem,trust,B2B; B2G,wallet provider; relying party,analysis,draft,pending,CON-AISP; CON-LEGAL-PERSON-ID; CON-TRUST-PLANE,2026-10-03,2026-10-03,https://spherity.github.io/business-wallet-requirements/requirements/ebw-tru-050/,The implementation details of the authorization server are beyond the scope of this specification.,P2,K16 AI-first and agent interoperability; K06 Identity and identifiers; K05 Trust framework and discovery,provider-side,reword,"Quote only states out-of-scope; obligation is purely derived but provenance D, acceptable. Verifiable by whom is unclear.",
EBW-TRU-051,TRU,Trust and assurance,Wallet-published Agent Cards are signed,"Where the wallet or an agent publishes an A2A Agent Card, the publisher shall sign it with a JSON Web Signature so that clients can verify authenticity and integrity.",A2A makes signing optional; an unsigned card gives a relying party no proof that it comes from the claimed organisation.,SRC-A2A (Section 8.4 Agent Card Signing),D,ecosystem,trust,M2M; A2A; B2B,agent; relying party,test,draft,pending,CON-AISP; CON-TRUST-PLANE,2026-10-03,2026-10-03,https://spherity.github.io/business-wallet-requirements/requirements/ebw-tru-051/,Agent Cards MAY be digitally signed using JSON Web Signature (JWS) as defined in RFC 7515,P2,K16 AI-first and agent interoperability; K05 Trust framework and discovery; K01 Credential data model and formats,core,ok,"Source says MAY; derivation explained in rationale. Technology-specific (JWS, A2A).",
EBW-TRU-052,TRU,Trust and assurance,Verifier checks Agent Card signature and key status,"When the wallet or an agent verifies a signed A2A Agent Card, it shall retrieve the public key via kid and jku or from a trusted key store, verify the signature over the canonicalised card and not use expired or revoked keys.","It ties card trust to key status, which a business wallet can anchor to its own trust framework.",SRC-A2A (Section 8.4.3 Signature Verification),S,ecosystem,trust,M2M; A2A; B2B,agent; relying party,test,draft,pending,CON-AISP; CON-REVOCATION,2026-10-03,2026-10-03,https://spherity.github.io/business-wallet-requirements/requirements/ebw-tru-052/,Expired or revoked keys MUST NOT be used for verification,P2,K16 AI-first and agent interoperability; K05 Trust framework and discovery; K07 Credential lifecycle,wallet-general,reword,Quote only covers expired or revoked keys; rest from adjacent text. Compound; consider split.,
EBW-TRU-053,TRU,Trust and assurance,Verify a card signature before trusting the card,"Where the wallet or an agent consumes an A2A Agent Card to select a counterparty, it shall verify at least one card signature before trusting the card contents.",The specification only says SHOULD; for business transactions trusting unverified skill and endpoint claims is derived as unacceptable.,SRC-A2A (Section 8.4.3 Signature Verification),D,ecosystem,trust,M2M; A2A; B2B,agent,test,draft,pending,CON-AISP; CON-TRUST-PLANE,2026-10-03,2026-10-03,https://spherity.github.io/business-wallet-requirements/requirements/ebw-tru-053/,Clients SHOULD verify at least one signature before trusting an Agent Card,P2,K16 AI-first and agent interoperability; K05 Trust framework and discovery,core,merge-with EBW-TRU-052,Largely duplicates TRU-052 and TRU-051 verification chain; merge into one verifier requirement.,
EBW-TRU-054,TRU,Trust and assurance,Bind agent identity to the legal person outside A2A,"Where the wallet or an agent acts for a legal person over A2A, the wallet provider shall bind the agent to the legal person by wallet credentials or equivalent evidence, because A2A leaves identity semantics to the protocol layer.",A2A authenticates an agent as an application; it carries no statement of which legal person the agent represents.,SRC-A2A (Section 7 Authentication and Authorization),D,ecosystem,trust,B2B; B2G; A2A,wallet provider; agent,analysis,draft,pending,CON-AISP; CON-LEGAL-PERSON-ID; CON-AGENT-MANDATE,2026-10-03,2026-10-03,https://spherity.github.io/business-wallet-requirements/requirements/ebw-tru-054/,"Identity information is handled at the protocol layer, not within A2A semantics.",P1,"K16 AI-first and agent interoperability; K03 Mandates, representation and delegation (employees, machines, agents); K06 Identity and identifiers",core,ok,Core business-wallet value; rationale derivation fine. Overlaps EBW-TRU-055 on identity portability.,
EBW-TRU-055,TRU,Trust and assurance,Agent identity portable across trust domains,"Where the wallet or an agent operates across organisational boundaries, its identity shall be verifiable by a third party that has no visibility into its host environment.",Infrastructure-attested workload identity does not work across domains that share no trust infrastructure.,SRC-OIDF-AGENTIC (Section 2.8 Identity for AI Agents),D,ecosystem,trust,B2B; B2G; A2A,agent; relying party,analysis,draft,pending,CON-AISP; CON-MULTI-TRUST,2026-10-03,2026-10-03,https://spherity.github.io/business-wallet-requirements/requirements/ebw-tru-055/,An agent's identity must be portable and verifiable to a third party that has no visibility into its host environment.,P2,K16 AI-first and agent interoperability; K05 Trust framework and discovery; K06 Identity and identifiers,core,reword,"Original has no ""shall"" actor; provenance S but source is an OIDF discussion text (""must"" in descriptive prose).",also held in EBW-AIF-005
EBW-TRU-056,TRU,Trust and assurance,Trust-domain key mapping obtained securely and fresh,"Where the wallet or an agent uses workload identity credentials, the mapping from trust domain to trust anchors or JWK Set shall be obtained through a mechanism that ensures its authenticity, integrity and freshness.",This is the point where a business-wallet trust list could supply agent trust anchors; WIMSE leaves the mechanism out of scope.,SRC-WIMSE-ARCH (Section 3.1.1 Trust Domain),S,standard,trust,M2M; A2A; B2B,agent; relying party,analysis,draft,pending,CON-AISP; CON-TRUST-LIST; CON-MULTI-TRUST,2026-10-03,2026-10-03,https://spherity.github.io/business-wallet-requirements/requirements/ebw-tru-056/,This mapping MUST be obtained through a secure mechanism that ensures the authenticity and integrity of the mapping is fresh and not compromised.,P2,K05 Trust framework and discovery; K16 AI-first and agent interoperability,wallet-general,ok,Related to EBW-TRU-075 (anchor distribution).,
EBW-TRU-057,TRU,Trust and assurance,No DID method fallback on failed validation,"Where the wallet or an agent authenticates with DID-based agent identity, the verifier shall fail authentication on resolution or validation failure and shall not fall back to another DID method or use an unvalidated DID Document.",Fallback would let an attacker choose the weakest identity method.,SRC-W3C-AIAP-ID (DID Resolution and Verification Method Selection),S,ecosystem,trust,M2M; A2A; B2B,agent; verifier,test,draft,pending,CON-AISP; CON-LEGAL-PERSON-ID,2026-10-03,2026-10-03,https://spherity.github.io/business-wallet-requirements/requirements/ebw-tru-057/,MUST NOT fall back to another DID method,P2,"K06 Identity and identifiers; K16 AI-first and agent interoperability; K11 Security, resilience and incident handling",wallet-general,ok,Technology-specific to DID; keep as DID profile requirement.,
EBW-TRU-058,TRU,Trust and assurance,Mandate system compatible with digital EU power of attorney,The mandate and authorisation system of a European Business Wallet shall be compatible with the digital EU power of attorney established by Directive (EU) 2025/25.,Recital 18 expects company representation rights evidenced by a power of attorney to be usable as wallet mandates without re-issuance.,SRC-EBW-PROPOSAL (Recital 18),D,proposal,trust,B2B; B2G,wallet provider; wallet owner,test,draft,pending,CON-MANDATE; CON-EBW-EUDIW,2026-10-03,2026-10-03,https://spherity.github.io/business-wallet-requirements/requirements/ebw-tru-058/,This authorisation system should ensure compatibility with the EU digital power of attorney,P1,"K03 Mandates, representation and delegation (employees, machines, agents); K15 Adoption, acceptance and cross-ecosystem interoperability; K01 Credential data model and formats",core,reword,"Quote says ""should""; Directive number ""2025/25"" must be verified. ""Compatible"" is untestable; define testable form.",also held in EBW-AIF-015
EBW-TRU-059,TRU,Trust and assurance,Authorisation events bound to verifiable proofs,"The provider of European Business Wallets shall ensure that all access and execution events are logged, timestamped and bound to cryptographically verifiable proofs of authorisation suitable for audit and legal proceedings.","Evidence that an action was authorised, and by which mandate, must survive later disputes.",SRC-COUNCIL-ST-9684-26 (Annex point 12(2)(c)),L,proposal,assurance,B2B; B2G; A2A,wallet provider; wallet owner,audit,draft,pending,CON-AUTHORITY-ACCESS; CON-MANDATE,2026-10-03,2026-10-03,https://spherity.github.io/business-wallet-requirements/requirements/ebw-tru-059/,"bound to cryptographically verifiable proofs of authorisation, suitable for audit and legal proceedings",P1,"K10 Evidence, logging and audit; K03 Mandates, representation and delegation (employees, machines, agents); K01 Credential data model and formats",core,ok,"Council text, not Commission proposal; overlaps EBW-NFR-013 and EBW-NFR-002 on logging; keep for proof binding.",
EBW-TRU-060,TRU,Trust and assurance,Open mandates bound to the agent's key,A mandate that has not yet been bound to a transaction shall carry the confirmation key of the AI agent authorised to use it.,Binding to the agent's key lets a verifier confirm that the presenter is the delegated agent and no one else.,"SRC-AP2 (Agent Authorization, Mandate Structure; cf. RFC 7800 Section 3.1)",S,ecosystem,trust,B2B; A2A,wallet owner; AI agent; verifier,test,draft,pending,CON-AGENT-MANDATE; CON-MANDATE,2026-10-03,2026-10-03,https://spherity.github.io/business-wallet-requirements/requirements/ebw-tru-060/,"Because Open Mandates need to be bound to a particular transaction before use, they MUST support cryptographic Key Binding.",P2,"K16 AI-first and agent interoperability; K03 Mandates, representation and delegation (employees, machines, agents); K04 Key custody and wallet architecture",core,ok,Specific to AP2 protocol; no merge needed. Uses RFC 7800 key binding.,
EBW-TRU-061,TRU,Trust and assurance,Access tokens of agents sender-constrained,An authorisation server shall issue access tokens for AI agents as sender-constrained tokens bound to a key of the agent and shall not issue them as bearer tokens.,A stolen bearer token would let anyone act within the mandate.,SRC-RFC-9449 (Abstract; Section 1; cf. RFC 9635 Section 2.1.1 (bearer flag)),S,standard,trust,B2B; A2A; M2M,authorisation server; AI agent; resource server,test,draft,pending,CON-AGENT-MANDATE; CON-TRUST-PLANE,2026-10-03,2026-10-03,https://spherity.github.io/business-wallet-requirements/requirements/ebw-tru-061/,mechanism for sender-constraining OAuth 2.0 tokens via a proof-of-possession mechanism on the application level,P2,K16 AI-first and agent interoperability; K08 Protocols and interfaces; K04 Key custody and wallet architecture,wallet-general,reword,Quote only describes DPoP mechanism; prohibition of bearer tokens is an inference. Provenance S is generous.,
EBW-TRU-062,TRU,Trust and assurance,Closed mandate bound to the transaction authorised,A closed mandate shall contain a reference that binds it to the specific transaction object it authorises.,A mandate stolen from one transaction cannot then authorise another.,"SRC-AP2 (Security and Privacy Considerations, Manipulated Checkout)",S,ecosystem,trust,B2B; A2A,AI agent; verifier,test,draft,pending,CON-AGENT-MANDATE,2026-10-03,2026-10-03,https://spherity.github.io/business-wallet-requirements/requirements/ebw-tru-062/,The Payment Mandate MUST contain a reference to its associated Checkout.,P2,"K16 AI-first and agent interoperability; K03 Mandates, representation and delegation (employees, machines, agents); K01 Credential data model and formats",wallet-general,ok,"Quote is about Payment Mandate and Checkout; generalised to ""transaction object"". Mark as AP2 profile.",
EBW-TRU-063,TRU,Trust and assurance,Derived grants never exceed the source authorisation,"When an authorisation server issues a derived token or grant from a presented token, it shall verify that the requested scope is not higher privileged than the scope of the presented token.",Each delegation step may narrow but never widen the principal's authorisation.,SRC-IETF-IDENTITY-CHAINING (Section on controlling scope (informative text)),S,standard,control,B2B; A2A; M2M,authorisation server,test,draft,pending,CON-AGENT-MANDATE; CON-AUTHORITY-ACCESS,2026-10-03,2026-10-03,https://spherity.github.io/business-wallet-requirements/requirements/ebw-tru-063/,Authorization Servers need to verify that the requested scopes are not higher privileged than the scopes of the presented subject_token.,P2,"K03 Mandates, representation and delegation (employees, machines, agents); K16 AI-first and agent interoperability; K18 Planes and evidence graph (control, data, verifiable evidence)",wallet-general,ok,Source is informative text; provenance S still fine.,
EBW-TRU-064,TRU,Trust and assurance,Credentials alone do not authorise agent actions,A verifier shall not treat possession of a verifiable credential as authorisation of an action without evaluating an accompanying authorisation framework that checks the scope of the delegation.,VCDM states that credentials identify subjects and that authorisation needs an accompanying framework.,SRC-VCDM-2.0 (Section 5.9 (non-normative)),D,standard,trust,B2B; B2G; A2A,verifier; relying party,analysis,draft,pending,CON-AGENT-MANDATE; CON-AUTHORITY-ACCESS,2026-10-03,2026-10-03,https://spherity.github.io/business-wallet-requirements/requirements/ebw-tru-064/,Authorization is not an appropriate use for this specification without an accompanying authorization framework.,P1,"K03 Mandates, representation and delegation (employees, machines, agents); K01 Credential data model and formats; K16 AI-first and agent interoperability",relying-party-side,ok,Source is non-normative; derivation stated. Core separation of identification from authorisation.,
EBW-TRU-065,TRU,Trust and assurance,Principal-initiated revocation of agent tokens,The authorisation server shall provide a means for the principal side to revoke an access token so that the server invalidates it for all purposes.,The owner must be able to withdraw an agent's access without waiting for expiry.,SRC-RFC-9635 (Section 6.2),S,standard,control,B2B; A2A; M2M,authorisation server; wallet owner,test,draft,pending,CON-REVOCATION; CON-AGENT-MANDATE,2026-10-03,2026-10-03,https://spherity.github.io/business-wallet-requirements/requirements/ebw-tru-065/,the AS SHOULD invalidate the access token for all purposes,P2,"K07 Credential lifecycle; K03 Mandates, representation and delegation (employees, machines, agents); K18 Planes and evidence graph (control, data, verifiable evidence)",wallet-general,reword,"Quote is ""SHOULD invalidate""; statement shall is stronger. Mark derived or soften. Overlaps EBW-TRU-066.",
EBW-TRU-066,TRU,Trust and assurance,Revocation propagated to agent and verifiers,"When the owner revokes a mandate, the wallet provider shall make the revocation effective for the AI agent and for verifiers within a defined time, and verifiers shall reject presentations of the revoked mandate.",Article 5(1)(j) and real-time validation are meaningless if a revoked mandate remains usable at counterparties.,SRC-EBW-PROPOSAL (Article 5(1)(j)),D,proposal,control,B2B; B2G; A2A,wallet provider; wallet owner; AI agent; verifier,test,draft,pending,CON-REVOCATION; CON-AGENT-MANDATE; CON-MANDATE,2026-10-03,2026-10-03,https://spherity.github.io/business-wallet-requirements/requirements/ebw-tru-066/,for the European Business Wallet owner to manage and revoke such authorisations,P1,"K07 Credential lifecycle; K03 Mandates, representation and delegation (employees, machines, agents); K18 Planes and evidence graph (control, data, verifiable evidence)",core,split,"Two actors in one statement; quote only shows owner revocation power. Overlaps EBW-TRU-065, EBW-TRU-013, EBW-TRU-047.",
EBW-TRU-067,TRU,Trust and assurance,Owner identification data bound to the wallet,The European Business Wallet provider shall ensure that the European Business Wallet owner identification data is digitally associated with the European Business Wallet of the owner.,Binds the legal identity of the owner to the unit relying parties interact with.,SRC-EBW-PROPOSAL (Article 6(2)(a)),L,proposal,trust,B2B; B2G; G2B,wallet provider; wallet owner,inspection,draft,pending,CON-LEGAL-PERSON-ID; CON-EBW-EUDIW,2026-10-03,2026-10-03,https://spherity.github.io/business-wallet-requirements/requirements/ebw-tru-067/,ensure that the European Business Wallet owner identification data is digitally associated with the European Business Wallet of the owner,P1,"K06 Identity and identifiers; K02 Wallet subject model; K17 Cross-jurisdiction identity, identifiers and assurance (EBW and non-EBW)",core,ok,Overlaps EBW-INT-004 and EBW-INT-005 on owner identification data but covers binding.,
EBW-TRU-068,TRU,Trust and assurance,Attestation issuer verifies the requester right to act,"Where applicable, the provider of a qualified or public sector attestation shall verify that the requester of the attestation has the right to act on behalf of the person that is the subject of the attestation.",Prevents attestations for a company being issued to a person without authority.,"SRC-CIR-2025-1569 (Annex II, point (2)(a))",L,in force,trust,B2B; B2G; G2B,attestation provider,audit,draft,pending,CON-MANDATE; CON-AUTHENTIC-SOURCES; CON-QUALIFIED-SERVICES,2026-10-03,2026-10-03,https://spherity.github.io/business-wallet-requirements/requirements/ebw-tru-068/,verify that the requester of the attestation has the right to act on behalf of the person that is the subject of the attestation,P1,"K03 Mandates, representation and delegation (employees, machines, agents); K07 Credential lifecycle; K06 Identity and identifiers",provider-side,ok,Close to EBW-TRU-019; keep for representation focus.,
EBW-TRU-069,TRU,Trust and assurance,Representation attestations short-lived or revocable,The attestation provider issuing representation attestations shall ensure that either the attestations are short-lived or that all entities entitled by law to request revocation are able to do so.,"Ends representative authority promptly when it lapses, for example when an employee leaves.","SRC-ARF-HLR (Annex 2, Topic 29 Representation, RP_02)",S,standard,trust,B2B; B2G; G2B,attestation provider,inspection,draft,pending,CON-MANDATE; CON-REVOCATION,2026-10-03,2026-10-03,https://spherity.github.io/business-wallet-requirements/requirements/ebw-tru-069/,"either the attestations are short-lived or that all entities which, according to applicable law, must have the ability to request revocation",P2,"K07 Credential lifecycle; K03 Mandates, representation and delegation (employees, machines, agents)",provider-side,reword,"Source is ARF HLR, not law; uses ""ensure either/or"" so test case is clear.",
EBW-TRU-070,TRU,Trust and assurance,Wallet unit access only after substantial-level authentication,The European Business Wallet provider shall grant access to the wallet unit only after the user has been authenticated by a notified eID means or an equivalent alternative mechanism at assurance level substantial or higher.,"Council text, not the Commission proposal. Sets the assurance floor for staff acting through the unit.","SRC-COUNCIL-ST-9684-26 (Annex, point 1)",L,proposal,control,B2B; B2G; G2B,wallet provider; wallet user,test,draft,pending,CON-LOA; CON-EBW-EUDIW,2026-10-03,2026-10-03,https://spherity.github.io/business-wallet-requirements/requirements/ebw-tru-070/,Access to the European Business Wallets Unit shall be granted only after the European Business Wallets user has been successfully authenticated,P1,"K04 Key custody and wallet architecture; K02 Wallet subject model; K18 Planes and evidence graph (control, data, verifiable evidence)",core,reword,Quote omits assurance level substantial and notified eID; verify. Council text only. Merge candidate with EBW-NFR-012.,
EBW-TRU-071,TRU,Trust and assurance,Trust anchors stay secure for the whole verification period,"The trust service provider shall ensure that a trust anchor remains secure during the whole period in which signatures relying on it need to be verified, and shall apply a maintenance process before the trust anchor becomes insecure.","Trust anchors may need to outlive the certificates they sign, which drives rollover and maintenance planning.","SRC-ETSI-TS-119312 (Clause 9.4, Time period resistance for trust anchors)",S,standard,trust,B2B; B2G; G2B; M2M,trust service provider; relying party,analysis,draft,pending,CON-TRUST-LIST; CON-PQC,2026-10-03,2026-10-03,https://spherity.github.io/business-wallet-requirements/requirements/ebw-tru-071/,A trust anchor shall remain secure during the whole time period,P2,"K05 Trust framework and discovery; K11 Security, resilience and incident handling; K04 Key custody and wallet architecture",provider-side,ok,Standard is TS 119 312 (cryptographic suites); overlaps EBW-TRU-072.,
EBW-TRU-072,TRU,Trust and assurance,"Maintenance process for CA, TSU, CRL and OCSP keys","When a CA, time-stamping unit, CRL issuer or OCSP responder key will not remain suitable for its foreseen period, the trust service provider shall apply a maintenance process before the algorithm is broken.",Prevents a key from being relied on after its algorithm weakens.,"SRC-ETSI-TS-119312 (Clause 9.5, Time period resistance for other keys)",S,standard,trust,B2B; B2G; G2B; M2M,trust service provider,audit,draft,pending,CON-REVOCATION; CON-PQC,2026-10-03,2026-10-03,https://spherity.github.io/business-wallet-requirements/requirements/ebw-tru-072/,"If they do not remain suitable for the foreseen time period, a maintenance process shall be applied before the algorithm is broken.",P2,"K11 Security, resilience and incident handling; K04 Key custody and wallet architecture; K05 Trust framework and discovery",provider-side,merge-with EBW-TRU-071,Both express maintenance before algorithm breaks; merge into one key suitability requirement.,
EBW-TRU-073,TRU,Trust and assurance,CA certificate rollover without disruption to relying parties,"Before its CA certificate used for signing subject keys expires, the certification service provider that continues the service shall generate a new such certificate and apply all necessary actions to avoid disruption to relying parties.",Rollover of signing certificates and trust anchors must not break validation.,"SRC-ETSI-EN-319411-1 (Clause 6.5.1, GEN-6.5.1-08 and GEN-6.5.1-09)",S,standard,trust,B2B; B2G; G2B; M2M,trust service provider; relying party,test,draft,pending,CON-TRUST-LIST; CON-REVOCATION,2026-10-03,2026-10-03,https://spherity.github.io/business-wallet-requirements/requirements/ebw-tru-073/,shall apply all necessary actions to avoid disruption to the operations of any entity that may rely on the CA certificate,P2,"K05 Trust framework and discovery; K11 Security, resilience and incident handling",provider-side,ok,"Statement adds ""generate a new certificate"" not in quote; related to EBW-TRU-074.",
EBW-TRU-074,TRU,Trust and assurance,Overlap interval between expiry and last certificate signed,"The certification service provider shall leave a suitable interval between the expiry date of the old CA certificate and the last certificate it signs, so that subjects, subscribers and relying parties can adapt to the key changeover.",An overlap period lets relying parties update trust anchors before the old key stops issuing.,"SRC-ETSI-EN-319411-1 (Clause 6.5.1, GEN-6.5.1-10)",S,standard,trust,B2B; B2G; G2B; M2M,trust service provider; relying party,inspection,draft,pending,CON-TRUST-LIST,2026-10-03,2026-10-03,https://spherity.github.io/business-wallet-requirements/requirements/ebw-tru-074/,should be performed with a suitable interval between certificate expiry date and the last certificate signed,P3,"K05 Trust framework and discovery; K11 Security, resilience and incident handling",provider-side,merge-with EBW-TRU-073,"Quote says ""should""; statement says shall. Fold into TRU-073 as a recommendation.",
EBW-TRU-075,TRU,Trust and assurance,CA public keys distributed with integrity and origin authentication,The certification service provider shall make its CA signature verification keys available to relying parties in a manner that assures the integrity of the key and authenticates its origin.,Defines how trust anchors reach relying parties.,"SRC-ETSI-EN-319411-1 (Clause 6.5.1, DIS-6.5.1-16)",S,standard,trust,B2B; B2G; G2B; M2M,trust service provider; relying party,inspection,draft,pending,CON-TRUST-LIST,2026-10-03,2026-10-03,https://spherity.github.io/business-wallet-requirements/requirements/ebw-tru-075/,CA signature verification (public) keys shall be available to relying parties in a manner that assures the integrity of the CA public key,P2,"K05 Trust framework and discovery; K11 Security, resilience and incident handling",provider-side,ok,Overlaps EBW-TRU-056 on authentic trust anchor distribution but different actor.,
EBW-TRU-076,TRU,Trust and assurance,Schedule revocation of certificates using an insufficient algorithm,"When an algorithm or parameter becomes insufficient for its remaining intended usage, the certification service provider shall schedule the revocation of every affected certificate.",Ensures weak-algorithm certificates leave circulation in a planned way.,"SRC-ETSI-EN-319411-1 (Clause 6.4.8, OVR-6.4.8-16)",S,standard,trust,B2B; B2G; G2B; M2M,trust service provider,audit,draft,pending,CON-PQC; CON-REVOCATION,2026-10-03,2026-10-03,https://spherity.github.io/business-wallet-requirements/requirements/ebw-tru-076/,then the TSP shall schedule a revocation of any affected certificate,P2,"K07 Credential lifecycle; K11 Security, resilience and incident handling",provider-side,merge-with EBW-OPS-021,Same trigger as EBW-OPS-021; combine into one algorithm-insufficiency requirement or keep separate with clear split.,
EBW-TRU-077,TRU,Trust and assurance,Access certificate status available beyond certificate validity,"The provider of wallet-relying party access certificates shall make validity or revocation status available on a per-certificate basis at any time and beyond the validity period of the certificate, automated, reliable and free of charge.",Lets verifiers check old signatures and certificates after expiry.,"SRC-CIR-2025-848 (Annex IV, point 5)",L,in force,trust,B2B; B2G; G2B,access certificate provider; wallet,test,draft,pending,CON-REVOCATION; CON-AUTHORITY-ACCESS,2026-10-03,2026-10-03,https://spherity.github.io/business-wallet-requirements/requirements/ebw-tru-077/,at least on a per certificate basis at any time and at least beyond the validity period of the certificate,P1,K07 Credential lifecycle; K05 Trust framework and discovery; K08 Protocols and interfaces,provider-side,ok,"Automated, reliable and free of charge not in the visible quote; check full quote. Overlaps EBW-TRU-023 and EBW-TRU-041.",
EBW-TRU-078,TRU,Trust and assurance,Issue owner identification data to the owner wallet,The provider of European Business Wallet owner identification data shall issue the owner identification data to the European Business Wallet of the owner.,Owner identification data is the primary identity attestation that every owner wallet holds.,SRC-EBW-PROPOSAL (Article 8(1)),L,proposal,trust,B2B; B2G; G2B,owner identification data provider; wallet owner,inspection,draft,pending,CON-LEGAL-PERSON-ID; CON-TRUST-PLANE,2026-10-03,2026-10-03,https://spherity.github.io/business-wallet-requirements/requirements/ebw-tru-078/,shall issue European Business Wallet owner identification data to European Business Wallets of European Business Wallet owners,P1,K06 Identity and identifiers; K07 Credential lifecycle; K02 Wallet subject model,core,ok,,
EBW-TRU-079,TRU,Trust and assurance,Machine-readable list of notified authentic sources,"The Commission shall publish on its website, in a machine-readable format, the list of authentic sources notified by Member States for verifying the attributes required for owner identification data.",Issuers and relying parties need a discoverable list of authoritative registers behind the primary identifier.,SRC-EBW-PROPOSAL (Article 8(2)),L,proposal,trust,B2G; G2B; B2B,Commission; Member State,inspection,draft,pending,CON-AUTHENTIC-SOURCES; CON-LEGAL-PERSON-ID,2026-10-03,2026-10-03,https://spherity.github.io/business-wallet-requirements/requirements/ebw-tru-079/,"the Commission shall make available on the Commission’s website, in a machine-readable format, a list of the notified relevant authentic sources",P2,K05 Trust framework and discovery; K06 Identity and identifiers,authority-side,ok,,
EBW-TRU-080,TRU,Trust and assurance,Publish list of recognised third-country wallets,"The Commission shall publish on its website a list of the third-country frameworks, business wallets or systems for which it has adopted an equivalence implementing act.",Relying parties and wallets need to know which non-EU systems are recognised.,SRC-EBW-PROPOSAL (Article 17(5)),L,proposal,trust,B2B; B2G; G2B,Commission; relying party,inspection,draft,pending,CON-MULTI-TRUST; CON-TRUST-LIST-DISCOVERY,2026-10-03,2026-10-03,https://spherity.github.io/business-wallet-requirements/requirements/ebw-tru-080/,"shall publish on its website a list of frameworks, business wallets or systems offering similar functions",P3,"K17 Cross-jurisdiction identity, identifiers and assurance (EBW and non-EBW); K05 Trust framework and discovery",authority-side,merge-with EBW-INT-051,Publication of equivalence list belongs with the equivalence act requirement (INT-051/INT-009).,
EBW-TRU-081,TRU,Trust and assurance,One set of owner identification data per third-country operator,An economic operator established in a third country shall request only one set of owner identification data from one provider of owner identification data.,Prevents duplicate identities for non-EU operators.,SRC-EBW-PROPOSAL (Article 18(2)),L,proposal,trust,B2B; B2G; G2B,third-country economic operator; owner identification data provider,inspection,draft,pending,CON-LEGAL-PERSON-ID,2026-10-03,2026-10-03,https://spherity.github.io/business-wallet-requirements/requirements/ebw-tru-081/,economic operators shall request only one set of European Business Wallet owner identification data from one provider,P2,"K17 Cross-jurisdiction identity, identifiers and assurance (EBW and non-EBW); K06 Identity and identifiers",authority-side,merge-with EBW-TRU-015,Duplicate of TRU-015 (one set of identification data for third-country operators).,
EBW-TRU-082,TRU,Trust and assurance,Electronic identification schemes specify assurance levels,"A notified electronic identification scheme shall specify assurance levels low, substantial and/or high for the electronic identification means issued under it.",Levels of assurance are the common vocabulary for cross-border identification.,SRC-EIDAS-CONSOL (Article 8(1)),L,in force,trust,B2G; G2B; B2C,notifying Member State; eID scheme provider,inspection,draft,pending,CON-LOA,2026-10-03,2026-10-03,https://spherity.github.io/business-wallet-requirements/requirements/ebw-tru-082/,"shall specify assurance levels low, substantial and/or high",P2,"K17 Cross-jurisdiction identity, identifiers and assurance (EBW and non-EBW); K14 Conformity, certification and assurance",authority-side,ok,Binds notified schemes; wallet consumes the level.,
EBW-TRU-083,TRU,Trust and assurance,Wallet provided under an assurance level high scheme,European Digital Identity Wallets shall be provided under an electronic identification scheme with assurance level high.,Sets the assurance floor for the natural-person wallet that may represent an organisation.,SRC-EIDAS-CONSOL (Article 5a(11)),L,in force,assurance,B2G; G2B; B2C,wallet provider,certification,draft,pending,CON-LOA; CON-EBW-EUDIW,2026-10-03,2026-10-03,https://spherity.github.io/business-wallet-requirements/requirements/ebw-tru-083/,shall be provided under an electronic identification scheme with assurance level high,P1,"K14 Conformity, certification and assurance; K04 Key custody and wallet architecture; K17 Cross-jurisdiction identity, identifiers and assurance (EBW and non-EBW)",wallet-general,ok,Applies to natural-person EUDI wallets; EBW applicability to be decided in K02.,
EBW-TRU-084,TRU,Trust and assurance,Legal person identity proofing at assurance level high,"For assurance level high, the entity responsible for registration shall demonstrate the claimed identity of the legal person with its name, legal form and at least one national unique identifier, and shall check the evidence as valid against an authoritative source.",Defines what an issuer of a primary legal-person identity must verify at the highest level.,"SRC-CIR-2015-1502 (Annex, section 2.1.3, level High, alternative 1)",S,in force,assurance,B2G; G2B; B2B,identity proofing entity,audit,draft,pending,CON-LOA; CON-LEGAL-PERSON-ID,2026-10-03,2026-10-03,https://spherity.github.io/business-wallet-requirements/requirements/ebw-tru-084/,at least one unique identifier representing the legal person used in a national context,P2,"K17 Cross-jurisdiction identity, identifiers and assurance (EBW and non-EBW); K06 Identity and identifiers; K14 Conformity, certification and assurance",provider-side,ok,"Statement combines name, legal form, identifier and evidence check; quote covers only identifier. Consider split.",
EBW-TRU-085,TRU,Trust and assurance,Suspend and revoke natural-to-legal person bindings,"Where a binding between the electronic identification means of a natural person and of a legal person is used, it shall be possible to suspend and revoke the binding.",Representation of an organisation by a person needs a revocable binding.,"SRC-CIR-2015-1502 (Annex, section 2.1.4, point 1)",S,in force,assurance,B2G; G2B,eID scheme provider,test,draft,pending,CON-LOA; CON-MANDATE,2026-10-03,2026-10-03,https://spherity.github.io/business-wallet-requirements/requirements/ebw-tru-085/,It shall be possible to suspend and/or revoke a binding,P2,"K03 Mandates, representation and delegation (employees, machines, agents); K07 Credential lifecycle; K17 Cross-jurisdiction identity, identifiers and assurance (EBW and non-EBW)",provider-side,ok,Requirement is testable but passive; actor is eID scheme provider.,
EBW-TRU-086,TRU,Trust and assurance,Owner identification data anchors self-issued attestations,"The issuer of an electronic attestation of attributes that is not qualified shall include its owner identification data in the header of every such attestation, and the relying party shall verify it.",Shows how a secondary-identifier attestation issued after authentication is trusted through the primary identity.,"SRC-WEBUILD-RB (rb-duns rulebook, Section 5.2)",S,ecosystem,trust,B2B,attestation issuer; relying party,test,draft,pending,CON-LEGAL-PERSON-ID; CON-MULTI-TRUST,2026-10-03,2026-10-03,https://spherity.github.io/business-wallet-requirements/requirements/ebw-tru-086/,The EBWOID SHALL be included in the header of every EAA.,P2,"K17 Cross-jurisdiction identity, identifiers and assurance (EBW and non-EBW); K05 Trust framework and discovery; K01 Credential data model and formats",core,split,Quote only supports issuer inclusion; relying-party verification is unquoted. Rulebook scope (rb-duns) is narrower than 'every EAA'.,
EBW-TRU-087,TRU,Trust and assurance,GLN organisation credential links to the GS1 trust chain,"The GLN organisation data credential shall reference the matching GS1 company prefix licence credential, directly or through a GLN key credential.",Shows the chain by which a party GLN credential traces to its issuing authority.,"SRC-WEBUILD-RB (rb-gln rulebook, Section 2.2.3)",S,ecosystem,trust,B2B,GS1 member organisation; credential issuer,inspection,draft,pending,CON-CROSS-SECTOR; CON-LEGAL-PERSON-ID,2026-10-03,2026-10-03,https://spherity.github.io/business-wallet-requirements/requirements/ebw-tru-087/,reference the matching `GS1CompanyPrefixLicenseCredential` directly,P3,"K17 Cross-jurisdiction identity, identifiers and assurance (EBW and non-EBW); K01 Credential data model and formats; K06 Identity and identifiers",provider-side,ok,Technology-specific credential type names should stay out of statement; currently neutral.,
EBW-TRU-088,TRU,Trust and assurance,Recognition of eID means in online company procedures,"Member States shall ensure that electronic identification means issued under an approved scheme of their own Member State, or issued in another Member State and recognised for cross-border authentication, can be used by applicants in online company procedures.",Fixes the identification means a representative may use towards registers; a wallet that issues notified eID or a European Digital Identity Wallet fits these paths.,SRC-DIR-2019-1151 (Article 13b(1) of Directive (EU) 2017/1132 as inserted by Directive (EU) 2019/1151),L,in force,trust,B2G; G2B; B2B,Member States; applicants,inspection,draft,pending,CON-LEGAL-PERSON-ID; CON-LOA,2026-10-03,2026-10-03,https://spherity.github.io/business-wallet-requirements/requirements/ebw-tru-088/,Member States shall ensure that the following electronic identification means can be used by applicants who are Union citizens in the online procedures,P2,"K17 Cross-jurisdiction identity, identifiers and assurance (EBW and non-EBW); K15 Adoption, acceptance and cross-ecosystem interoperability; K06 Identity and identifiers",authority-side,reword,Statement drops the 'Union citizens' restriction present in quote.,
EBW-TRU-089,TRU,Trust and assurance,Legal capacity and authority checks in online formation,Member States shall lay down rules on online formation that provide at least for procedures to ensure that applicants have the necessary legal capacity and authority to represent the company.,Representation of the company is checked by the register or notary; a wallet should carry evidence that those checks can consume.,"SRC-DIR-2019-1151 (Article 13g(3), point (a), of Directive (EU) 2017/1132 as inserted by Directive (EU) 2019/1151)",L,in force,trust,B2G; G2B; B2B,Member States; registers; notaries,inspection,draft,pending,CON-MANDATE; CON-LEGAL-PERSON-ID,2026-10-03,2026-10-03,https://spherity.github.io/business-wallet-requirements/requirements/ebw-tru-089/,the procedures to ensure that the applicants have the necessary legal capacity and have authority to represent the company;,P3,"K03 Mandates, representation and delegation (employees, machines, agents); K17 Cross-jurisdiction identity, identifiers and assurance (EBW and non-EBW)",authority-side,ok,"Rationale implication about wallet evidence is derived, not in quote.",
EBW-TRU-090,TRU,Trust and assurance,Applicants to use trust services in online formation,Member States shall lay down rules on online formation that provide at least for the requirements for applicants to use trust services referred to in Regulation (EU) No 910/2014.,"Ties company filings to qualified signatures and seals, which a wallet must be able to produce.","SRC-DIR-2019-1151 (Article 13g(3), point (c), of Directive (EU) 2017/1132 as inserted by Directive (EU) 2019/1151)",L,in force,trust,B2G; G2B; B2B,Member States; applicants,inspection,draft,pending,CON-QUALIFIED-SERVICES,2026-10-03,2026-10-03,https://spherity.github.io/business-wallet-requirements/requirements/ebw-tru-090/,the requirements for the applicants to use trust services referred to in Regulation (EU) No 910/2014;,P3,"K17 Cross-jurisdiction identity, identifiers and assurance (EBW and non-EBW); K15 Adoption, acceptance and cross-ecosystem interoperability",authority-side,ok,"Rationale claims wallet must produce qualified signatures; derived, not in quote.",
EBW-TRU-091,TRU,Trust and assurance,Identity of persons registering a branch,Member States shall lay down rules on online branch registration that provide at least for the means for verifying the identity of the person or persons registering the branch or their representatives.,Branch registration is a representative-driven procedure where legal-person representation must be shown across borders.,"SRC-DIR-2019-1151 (Article 28a(3), point (b), of Directive (EU) 2017/1132 as inserted by Directive (EU) 2019/1151)",L,in force,trust,B2G; G2B; B2B,Member States,inspection,draft,pending,CON-LEGAL-PERSON-ID; CON-MANDATE,2026-10-03,2026-10-03,https://spherity.github.io/business-wallet-requirements/requirements/ebw-tru-091/,the means for verifying the identity of the person or persons registering the branch or their representatives;,P3,"K17 Cross-jurisdiction identity, identifiers and assurance (EBW and non-EBW); K06 Identity and identifiers",authority-side,ok,,
EBW-TRU-092,TRU,Trust and assurance,Electronic verification of origin and integrity of filed documents,Member States shall ensure that the origin and integrity of documents filed online can be verified electronically.,Filings from a wallet need signatures or seals that registers can verify without manual steps.,SRC-DIR-2019-1151 (Article 13j(2) of Directive (EU) 2017/1132 as inserted by Directive (EU) 2019/1151),L,in force,trust,B2G; G2B; B2B,Member States; registers,inspection,draft,pending,CON-QUALIFIED-SERVICES; CON-B2G-REGISTRY,2026-10-03,2026-10-03,https://spherity.github.io/business-wallet-requirements/requirements/ebw-tru-092/,the origin and integrity of the documents filed online may be verified electronically.,P2,"K17 Cross-jurisdiction identity, identifiers and assurance (EBW and non-EBW); K08 Protocols and interfaces",authority-side,ok,,
EBW-TRU-093,TRU,Trust and assurance,Companies have an EUID,"Member States shall ensure that companies listed in Annexes II and IIB have a European unique identifier, the EUID, allowing them to be unequivocally identified in communications between registers through the system of interconnection of registers.",The EUID is the legal-person identifier on which business wallet owner identification and register lookups rely. Member States apply the national measures from 31 July 2028 (Article 4(2) of Directive (EU) 2025/25).,"SRC-DIR-2025-25 (Article 16(1), second subparagraph, of Directive (EU) 2017/1132 as amended by Directive (EU) 2025/25)",L,in force,trust,B2G; G2B; B2B,Member States; registers,inspection,draft,pending,CON-LEGAL-PERSON-ID; CON-B2G-REGISTRY,2026-10-03,2026-10-03,https://spherity.github.io/business-wallet-requirements/requirements/ebw-tru-093/,Member States shall ensure that companies listed in Annexes II and IIB have a European unique identifier (“EUID”),P1,"K17 Cross-jurisdiction identity, identifiers and assurance (EBW and non-EBW); K06 Identity and identifiers",authority-side,ok,,
EBW-TRU-094,TRU,Trust and assurance,Registers issue EU Company Certificates accepted in all Member States,"Member States shall ensure that the registers issue EU Company Certificates, and that the certificate is accepted in all Member States as sufficient evidence, at the time of issuance, of the incorporation of the company and of the information it lists.",The certificate is the legally recognised company evidence a business wallet can store and present to relying parties. Member States apply the national measures from 31 July 2028 (Article 4(2) of Directive (EU) 2025/25).,SRC-DIR-2025-25 (Article 16b(1) of Directive (EU) 2017/1132 as inserted by Directive (EU) 2025/25),L,in force,trust,B2G; B2B; G2B,Member States; registers,inspection,draft,pending,CON-AUTHENTIC-SOURCES; CON-EBW-EUDIW,2026-10-03,2026-10-03,https://spherity.github.io/business-wallet-requirements/requirements/ebw-tru-094/,"shall be accepted in all Member States as sufficient evidence, at the time of its issuance, of the incorporation of the company",P1,"K17 Cross-jurisdiction identity, identifiers and assurance (EBW and non-EBW); K06 Identity and identifiers; K15 Adoption, acceptance and cross-ecosystem interoperability",authority-side,split,Quote supports only acceptance clause; issuance by registers needs its own quote. Overlap with EBW-FUN-048.,
EBW-TRU-095,TRU,Trust and assurance,EU Company Certificate authenticated and wallet-compatible,Member States shall ensure that the EU Company Certificate provided in electronic form is authenticated by means of trust services under Regulation (EU) No 910/2014 and is compatible with the European Digital Identity Wallet.,Makes the certificate verifiable by signature or seal and storable in wallets; a business wallet shall be able to hold it. Member States apply the national measures from 31 July 2028 (Article 4(2) of Directive (EU) 2025/25).,SRC-DIR-2025-25 (Article 16b(6) of Directive (EU) 2017/1132 as inserted by Directive (EU) 2025/25),L,in force,trust,B2G; G2B; B2B,Member States; registers,inspection,draft,pending,CON-QUALIFIED-SERVICES; CON-EBW-EUDIW,2026-10-03,2026-10-03,https://spherity.github.io/business-wallet-requirements/requirements/ebw-tru-095/,authenticated by means of trust services as referred to in Regulation (EU) No 910/2014,P1,"K01 Credential data model and formats; K17 Cross-jurisdiction identity, identifiers and assurance (EBW and non-EBW); K05 Trust framework and discovery",authority-side,split,Quote supports only authentication; compatibility clause needs quote. Duplicates EBW-INT-065 and LEG-046 pattern.,
EBW-TRU-096,TRU,Trust and assurance,Paper EU Company Certificate allows electronic verification of origin,Member States shall ensure that the EU Company Certificate provided in paper form bears a unique protocol or identification number or similar feature that allows the electronic verification of origin and authenticity.,"Even printed certificates must be machine-verifiable, relevant to wallet-based scan and verify flows. Member States apply the national measures from 31 July 2028 (Article 4(2) of Directive (EU) 2025/25).",SRC-DIR-2025-25 (Article 16b(7) of Directive (EU) 2017/1132 as inserted by Directive (EU) 2025/25),L,in force,trust,B2G; G2B; B2B,Member States; registers,test,draft,pending,CON-LEGAL-PERSON-ID,2026-10-03,2026-10-03,https://spherity.github.io/business-wallet-requirements/requirements/ebw-tru-096/,allows the electronic verification of the origin and authenticity of the document.,P3,"K17 Cross-jurisdiction identity, identifiers and assurance (EBW and non-EBW); K12 Registered delivery and notifications",authority-side,ok,,
EBW-TRU-097,TRU,Trust and assurance,Verification when granting a digital EU power of attorney,"Member States shall ensure that national requirements for drawing up, amending or revoking the digital EU power of attorney include at least the verification by courts, notaries or other competent authorities of the identity, legal capacity and authority to represent the company of the person granting, amending or revoking it.","Puts a trusted human or authority check ahead of every mandate used as wallet credential, relevant to mandate issuance. Member States apply the national measures from 31 July 2028 (Article 4(2) of Directive (EU) 2025/25).","SRC-DIR-2025-25 (Article 16c(1), second subparagraph, of Directive (EU) 2017/1132 as inserted by Directive (EU) 2025/25)",L,in force,trust,B2G; G2B; B2B,Member States; notaries; companies,inspection,draft,pending,CON-MANDATE; CON-LEGAL-PERSON-ID,2026-10-03,2026-10-03,https://spherity.github.io/business-wallet-requirements/requirements/ebw-tru-097/,"verification by courts, notaries or other competent authorities of the identity, legal capacity and authority to represent the company",P2,"K03 Mandates, representation and delegation (employees, machines, agents); K17 Cross-jurisdiction identity, identifiers and assurance (EBW and non-EBW); K05 Trust framework and discovery",authority-side,ok,Related to LEG-045/046/047 and TRU-058; not a duplicate.,
EBW-TRU-098,TRU,Trust and assurance,Electronic copies and extracts authenticated by trust services,Member States shall ensure that electronic copies and extracts of documents and information provided by the register are authenticated by means of trust services referred to in Regulation (EU) No 910/2014.,Guarantees provenance and true-copy status of electronic register output used as wallet evidence.,SRC-DIR-2019-1151 (Article 16a(4) of Directive (EU) 2017/1132 as inserted by Directive (EU) 2019/1151),L,in force,trust,B2G; G2B; B2B,Member States; registers,inspection,draft,pending,CON-QUALIFIED-SERVICES; CON-AUTHENTIC-SOURCES,2026-10-03,2026-10-03,https://spherity.github.io/business-wallet-requirements/requirements/ebw-tru-098/,in order to guarantee that the electronic copies or extracts have been provided by the register,P2,"K01 Credential data model and formats; K17 Cross-jurisdiction identity, identifiers and assurance (EBW and non-EBW); K05 Trust framework and discovery",authority-side,merge-with EBW-INT-065,Quote gives purpose clause only; 'trust services' authentication not in quote. Same object as INT-065.,
EBW-TRU-099,TRU,Trust and assurance,EU Inc filings signed by trust services or business wallet,"Any documents and information filed via the EU central interface shall be signed by means of trust services referred to in Regulation (EU) No 910/2014 or using the signing function of the European Business Wallet, if applicable.",Proposed explicit link between EU Inc filings and the business wallet signing function.,SRC-COM-2026-321 (Article 23(1) of COM(2026) 321),L,proposal,trust,B2G,EU Inc. companies,inspection,draft,pending,CON-EBW-EUDIW; CON-B2G-REGISTRY,2026-10-03,2026-10-03,https://spherity.github.io/business-wallet-requirements/requirements/ebw-tru-099/,shall be signed by means of trust services referred to in Regulation (EU) No 910/2014 or using the signing function,P1,"K08 Protocols and interfaces; K04 Key custody and wallet architecture; K17 Cross-jurisdiction identity, identifiers and assurance (EBW and non-EBW)",core,ok,The if-applicable condition is ambiguous; clarify it.,
EBW-TRU-100,TRU,Trust and assurance,EU Inc register filings use eID means or business wallets,All filings of documents and information with the business register shall be fully online and use electronic identification means in accordance with Regulation (EU) No 910/2014 or Business Wallets.,Proposed business wallet as authentication channel for company filings.,SRC-COM-2026-321 (Article 27(5) of COM(2026) 321),L,proposal,trust,B2G,EU Inc. companies,inspection,draft,pending,CON-EBW-EUDIW; CON-LEGAL-PERSON-ID,2026-10-03,2026-10-03,https://spherity.github.io/business-wallet-requirements/requirements/ebw-tru-100/,shall be fully online and use electronic identification means in accordance with Regulation (EU) No 910/2014 or Business,P1,"K17 Cross-jurisdiction identity, identifiers and assurance (EBW and non-EBW); K15 Adoption, acceptance and cross-ecosystem interoperability; K08 Protocols and interfaces",core,reword,Quote truncated at 'Business'; confirm 'Wallets' wording. Scope limited to EU Inc.,
EBW-TRU-101,TRU,Trust and assurance,Unit attestation generated and signed per wallet unit,The provider of European Business Wallets shall generate and sign a European Business Wallet unit attestation for each European Business Wallet unit.,"Gives every unit a verifiable, provider-signed description of its components.","SRC-EBW-PROPOSAL (Annex, point 2)",L,proposal,trust,B2B; B2G; G2B,wallet provider,inspection,draft,pending,CON-TRUST-PLANE; CON-WUA,2026-10-03,2026-10-03,https://spherity.github.io/business-wallet-requirements/requirements/ebw-tru-101/,generate and sign a European Business Wallet unit attestation,P1,K04 Key custody and wallet architecture; K05 Trust framework and discovery; K07 Credential lifecycle,core,ok,Counterpart of TRU-029; check overlap with TRU-116.,
EBW-TRU-102,TRU,Trust and assurance,Unit attestation signed under a trusted-list certificate,The provider of European Business Wallets shall sign or seal the European Business Wallet unit attestation with a certificate issued under a certificate listed in the trusted list referred to in Commission Implementing Regulation (EU) 2024/2980.,Anchors unit attestations in the same trust list as the EUDI wallet ecosystem; counterpart of EBW-TRU-029 for the business wallet.,"SRC-EBW-PROPOSAL (Annex, point 2)",L,proposal,trust,B2B; B2G; G2B,wallet provider,inspection,draft,pending,CON-TRUST-LIST; CON-WUA; CON-EBW-EUDIW,2026-10-03,2026-10-03,https://spherity.github.io/business-wallet-requirements/requirements/ebw-tru-102/,The certificate used to sign or seal the Business Wallet unit attestation shall be issued under a certificate listed in the trusted list,P1,K05 Trust framework and discovery; K04 Key custody and wallet architecture,core,ok,Could merge with TRU-101 but separate obligation; counterpart of TRU-029.,
EBW-TRU-103,TRU,Trust and assurance,"Unit attestation holds public keys, private keys in secure device",The provider of European Business Wallets shall ensure that each wallet unit attestation contains public keys and that the corresponding private keys are protected by a wallet secure cryptographic device.,Allows verifiers to bind the unit to keys that cannot be extracted.,"SRC-EBW-PROPOSAL (Annex, point 5(1))",L,proposal,trust,B2B; B2G; G2B,wallet provider,inspection,draft,pending,CON-WUA; CON-TRUST-PLANE,2026-10-03,2026-10-03,https://spherity.github.io/business-wallet-requirements/requirements/ebw-tru-103/,contain public keys and that the corresponding private keys are protected by a Wallets secure cryptographic device,P1,"K04 Key custody and wallet architecture; K05 Trust framework and discovery; K14 Conformity, certification and assurance",core,ok,Proposal text; Council text may change.,
EBW-TRU-104,TRU,Trust and assurance,User identification independent of the wallet unit,"The provider of European Business Wallets shall provide mechanisms, independent of the wallet units, for the secure identification and authentication of wallet users.","Lets users be authenticated even where the unit itself is not available or trusted, for example for revocation requests.","SRC-EBW-PROPOSAL (Annex, point 5(2))",L,proposal,trust,B2B; B2G; G2B,wallet provider; wallet user,inspection,draft,pending,CON-TRUST-PLANE; CON-REVOCATION,2026-10-03,2026-10-03,https://spherity.github.io/business-wallet-requirements/requirements/ebw-tru-104/,"provide mechanisms, independent of Wallets units, for the secure identification and authentication of Wallets users",P1,"K04 Key custody and wallet architecture; K03 Mandates, representation and delegation (employees, machines, agents); K07 Credential lifecycle",core,merge-with EBW-FUN-029,Same text as FUN-029; keep one.,
EBW-TRU-105,TRU,Trust and assurance,Public policy on revoking unit attestations,The provider of European Business Wallets shall establish a publicly available policy specifying the conditions and the timeframe for the revocation of wallet unit attestations.,Gives relying parties and owners predictable revocation behaviour.,"SRC-EBW-PROPOSAL (Annex, point 6(1))",L,proposal,assurance,B2B; B2G; G2B,wallet provider,inspection,draft,pending,CON-REVOCATION,2026-10-03,2026-10-03,https://spherity.github.io/business-wallet-requirements/requirements/ebw-tru-105/,establish a publicly available policy specifying the conditions and the timeframe for the revocation of Wallets unit attestations,P3,"K07 Credential lifecycle; K13 Governance, supervision and liability",provider-side,ok,,
EBW-TRU-106,TRU,Trust and assurance,Public validity status of revoked unit attestations,"When the provider of European Business Wallets has revoked a wallet unit attestation, it shall make the validity status of that attestation publicly available and describe the location of that information in the attestation.",Verifiers need a discoverable status source. Unlike the EUDI counterpart (EBW-TRU-031) no privacy-preserving manner is stated in the proposal annex.,"SRC-EBW-PROPOSAL (Annex, point 6(3))",L,proposal,trust,B2B; B2G; G2B,wallet provider; relying party,test,draft,pending,CON-REVOCATION; CON-WUA,2026-10-03,2026-10-03,https://spherity.github.io/business-wallet-requirements/requirements/ebw-tru-106/,make publicly available the validity status of the European Business Wallet unit attestation,P1,K07 Credential lifecycle; K05 Trust framework and discovery; K09 Privacy and data protection,core,split,"Two obligations: publish status, describe location. Overlaps TRU-031 without privacy clause.",
EBW-TRU-107,TRU,Trust and assurance,Authenticate relying party for restricted-audience attestations,The European Business Wallet unit shall require authentication of the relying party where an attestation is intended for a restricted audience.,Open attestations may be shown to anyone; restricted ones need an authenticated verifier.,"SRC-EBW-PROPOSAL (Annex, point 13(1))",L,proposal,trust,B2B; B2G; G2B,wallet provider; relying party,test,draft,pending,CON-TRUST-PLANE; CON-MULTI-TRUST,2026-10-03,2026-10-03,https://spherity.github.io/business-wallet-requirements/requirements/ebw-tru-107/,Authentication of the relying party shall be required where attestations are intended for a restricted audience,P2,K05 Trust framework and discovery; K08 Protocols and interfaces; K09 Privacy and data protection,core,ok,"""Restricted audience"" undefined; hard to test.",
EBW-TRU-108,TRU,Trust and assurance,Wallet unit authenticates issuers before issuance,"When a wallet unit requests issuance of electronic attestations of attributes, the provider of European Business Wallets shall ensure the unit is able to authenticate the relying party.",Prevents attestations being obtained from or sent to unauthenticated parties.,"SRC-EBW-PROPOSAL (Annex, point 14(1))",L,proposal,trust,B2B; B2G; G2B,wallet provider,test,draft,pending,CON-TRUST-PLANE; CON-AUTHENTIC-SOURCES,2026-10-03,2026-10-03,https://spherity.github.io/business-wallet-requirements/requirements/ebw-tru-108/,able to authenticate relying parties,P2,K08 Protocols and interfaces; K05 Trust framework and discovery,core,ok,Quote is truncated; statement adds the issuance trigger.,
EBW-TRU-109,TRU,Trust and assurance,Present unit attestation to authorities and issuers on request,"When the owner interacts through the wallet unit with competent national authorities and attestation providers, the wallet unit shall present its wallet unit attestation upon their request to enable authentication and validation of its components.",Lets issuers verify the unit before issuing.,"SRC-EBW-PROPOSAL (Annex, point 14(2)(b))",L,proposal,trust,B2G; G2B,wallet provider; attestation provider,test,draft,pending,CON-WUA; CON-TRUST-PLANE,2026-10-03,2026-10-03,https://spherity.github.io/business-wallet-requirements/requirements/ebw-tru-109/,enable authentication and validation of the Wallet unit components by presenting the Wallet unit attestations,P2,K04 Key custody and wallet architecture; K05 Trust framework and discovery; K08 Protocols and interfaces,core,merge-with EBW-TRU-035,Counterpart of TRU-035 (provider verifies WUA); presenting WUA also covers authorities.,
EBW-TRU-110,TRU,Trust and assurance,Wallet unit verifies authenticity of received data,The wallet unit shall verify the authenticity and validity of owner identification data and electronic attestations of attributes it receives.,Prevents storing forged or revoked credentials.,"SRC-EBW-PROPOSAL (Annex, point 14(2)(d))",L,proposal,trust,B2B; B2G; G2B,wallet provider,test,draft,pending,CON-TRUST-PLANE; CON-REVOCATION,2026-10-03,2026-10-03,https://spherity.github.io/business-wallet-requirements/requirements/ebw-tru-110/,Wallet units shall verify the authenticity and validity of Business Wallets owner identification data,P2,K07 Credential lifecycle; K05 Trust framework and discovery; K01 Credential data model and formats,core,reword,Quote names owner identification data only; attestations of attributes not in quote.,
EBW-TRU-111,TRU,Trust and assurance,Owner identification data bound to the receiving unit,Competent national authorities shall ensure that owner identification data they issue is cryptographically bound to the wallet unit to which it is issued.,Stops reuse of identification data in another unit; complements EBW-TRU-067.,"SRC-EBW-PROPOSAL (Annex, point 16(2))",L,proposal,trust,B2G; G2B,competent authority,test,draft,pending,CON-LEGAL-PERSON-ID; CON-TRUST-PLANE,2026-10-03,2026-10-03,https://spherity.github.io/business-wallet-requirements/requirements/ebw-tru-111/,cryptographically bound to the Wallets unit to which it is issued,P1,K06 Identity and identifiers; K04 Key custody and wallet architecture,authority-side,ok,Complements TRU-067; actor is authority issuing data.,
EBW-TRU-112,TRU,Trust and assurance,Attestation providers identify with relying party access certificate,Providers of electronic attestations of attributes shall identify themselves to wallet units using their wallet-relying party access certificate.,Gives units a verifiable issuer identity. Council text drops the certificate wording.,"SRC-EBW-PROPOSAL (Annex, point 17(2))",L,proposal,trust,B2B; B2G; G2B,attestation provider,test,draft,pending,CON-TRUST-PLANE; CON-AUTHENTIC-SOURCES,2026-10-03,2026-10-03,https://spherity.github.io/business-wallet-requirements/requirements/ebw-tru-112/,shall identify themselves to European Business Wallets units using their wallet-relying party access certificate,P2,K05 Trust framework and discovery; K08 Protocols and interfaces,provider-side,ok,Check against Council text noted in rationale.,
EBW-TRU-113,TRU,Trust and assurance,Security level assigned to every keystore,"The wallet provider shall assign a security level to every keystore of a wallet unit, corresponding to the level of resistance for which the keystore was certified.",Credential issuers use the level to decide whether a keystore may hold the keys of a credential.,"SRC-ARF-HLR (Annex 2.02, Topic 40, WIAM_08a)",S,standard,trust,B2B; B2G; G2B,wallet provider,inspection,draft,pending,CON-WUA,2026-10-03,2026-10-03,https://spherity.github.io/business-wallet-requirements/requirements/ebw-tru-113/,the Wallet Provider SHALL assign a security level to every keystore,P2,"K04 Key custody and wallet architecture; K14 Conformity, certification and assurance",wallet-general,ok,EUDI ARF; business wallet bearing open.,
EBW-TRU-114,TRU,Trust and assurance,Extended identity proofing for remote qualified signers,A qualified provider managing a remote qualified signature or seal creation device shall perform identity proofing of the signer that fulfils the requirements of the extended level of identity proofing defined in ETSI TS 119 461.,It fixes the identity assurance behind a key that is held by a provider on behalf of the signer.,"SRC-ETSI-TS-119431-1 (Annex A, LNK-A.7-01)",S,standard,trust,B2B; B2G; G2B,qualified trust service provider,audit,draft,pending,CON-QUALIFIED-SERVICES; CON-LOA,2026-10-03,2026-10-03,https://spherity.github.io/business-wallet-requirements/requirements/ebw-tru-114/,The identity proofing of the signer shall fulfil the requirements of extended Level of Identity Proofing (LoIP) as defined in ETSI TS 119 461,P2,"K04 Key custody and wallet architecture; K14 Conformity, certification and assurance; K17 Cross-jurisdiction identity, identifiers and assurance (EBW and non-EBW)",provider-side,ok,,
EBW-TRU-115,TRU,Trust and assurance,Wallet checks that a remote device is part of a qualified service,"In remote signature creation scenarios, a wallet unit shall verify that the qualified electronic signature or seal creation device is part of a qualified service carried out by a qualified trust service provider.",It stops a wallet from sending signing requests to a device that gives no qualified effect.,"SRC-ARF-HLR (Annex 2.02, Topic 16, QES_15)",S,standard,trust,B2B; B2G; G2B,wallet provider,test,draft,pending,CON-QUALIFIED-SERVICES; CON-TRUST-LIST,2026-10-03,2026-10-03,https://spherity.github.io/business-wallet-requirements/requirements/ebw-tru-115/,SHALL verify that the qualified electronic signature or seal creation device is part of a qualified service,P2,K04 Key custody and wallet architecture; K05 Trust framework and discovery,wallet-general,ok,Applies to a business wallet that remote-signs or seals.,
EBW-TRU-116,TRU,Trust and assurance,Unit attestation consists of instance and key attestations,A wallet unit attestation shall comprise one or more wallet instance attestations and one or more key attestations.,"It changes the single unit attestation into two parts with different status and validity, and the business wallet texts have not followed.","SRC-CIR-2026-1731 (Annex III (new Annex Ib to Implementing Regulation (EU) 2024/2979), point 1)",L,in force,trust,B2B; B2G; G2B,wallet provider,inspection,draft,pending,CON-WUA,2026-10-03,2026-10-03,https://spherity.github.io/business-wallet-requirements/requirements/ebw-tru-116/,A wallet unit attestation shall comprise one or more wallet instance attestations and one or more key attestations.,P1,K04 Key custody and wallet architecture; K07 Credential lifecycle; K08 Protocols and interfaces,wallet-general,ok,EUDI profile; adoption by business wallet is open.,
EBW-TRU-117,TRU,Trust and assurance,Instance attestation expires within 24 hours of the integrity check,The wallet provider shall set the expiry of each wallet instance attestation less than 24 hours after the time at which it verified the integrity of the wallet instance.,"A short technical validity keeps the attestation fresh, while revocation status is maintained separately for longer.","SRC-CIR-2026-1731 (Annex III (new Annex Ib), point 2(b), TR-WIA-2.1)",L,in force,trust,B2B; B2G; G2B,wallet provider,test,draft,pending,CON-WUA; CON-REVOCATION,2026-10-03,2026-10-03,https://spherity.github.io/business-wallet-requirements/requirements/ebw-tru-117/,the time they will indicate in the 'exp' header parameter of the issued wallet instance attestation shall be less than 24 hours,P2,K07 Credential lifecycle; K04 Key custody and wallet architecture,wallet-general,reword,Quote only caps exp below 24 hours; link to integrity-check time not quoted.,
EBW-TRU-118,TRU,Trust and assurance,Key attestation states storage and authentication level,A key attestation that mentions a wallet secure cryptographic device shall state the key storage and user authentication level 'iso_18045_high'.,Credential issuers read the level to decide whether to bind a credential to the key.,"SRC-CIR-2026-1731 (Annex III (new Annex Ib), point 2(c), C_KA-1)",L,in force,trust,B2B; B2G; G2B,wallet provider,test,draft,pending,CON-WUA,2026-10-03,2026-10-03,https://spherity.github.io/business-wallet-requirements/requirements/ebw-tru-118/,The 'key_storage' and 'user_authentication' attributes shall have value 'iso_18045_high' where a key attestation mentions a WSCD,P2,"K04 Key custody and wallet architecture; K14 Conformity, certification and assurance",wallet-general,ok,Format-specific value; technology-neutrality weak.,
EBW-TRU-119,TRU,Trust and assurance,Separate key attestation per secure device and keystore,The wallet provider shall provide a wallet unit with different key attestations for the wallet secure cryptographic device of the unit and for each of its keystores.,"Each key store has its own revocation state, so a compromised keystore can be revoked without the device.","SRC-CIR-2026-1731 (Annex III (new Annex Ib), point 2(b), TR_KA-2)",L,in force,trust,B2B; B2G; G2B,wallet provider,inspection,draft,pending,CON-WUA,2026-10-03,2026-10-03,https://spherity.github.io/business-wallet-requirements/requirements/ebw-tru-119/,A wallet provider shall provide a wallet unit with different key attestations for the WSCD of the wallet unit and for each of its keystores.,P2,K04 Key custody and wallet architecture; K07 Credential lifecycle,wallet-general,ok,,
EBW-TRU-120,TRU,Trust and assurance,Sign a key attestation only after verifying key storage,The wallet provider shall sign or seal a key attestation only after verifying that the keys attested are stored in the wallet secure cryptographic device or keystore described in the attestation.,"The key attestation is the evidence of where a key lives, so the provider must have checked it.","SRC-CIR-2026-1731 (Annex III (new Annex Ib), point 2(b), TR_KA-2.1)",L,in force,trust,B2B; B2G; G2B,wallet provider,audit,draft,pending,CON-WUA,2026-10-03,2026-10-03,https://spherity.github.io/business-wallet-requirements/requirements/ebw-tru-120/,after the wallet provider has verified that the keys attested to in the key attestation are stored in the WSCD,P2,"K04 Key custody and wallet architecture; K11 Security, resilience and incident handling",wallet-general,ok,,
EBW-TRU-121,TRU,Trust and assurance,PID technical validity ends before the status commitments,A provider of person identification data shall end the technical validity period of the data before both the status expiry of the wallet instance attestation and the status expiry of the key attestation received in the issuance process.,Credential validity cannot outlast the period in which the wallet provider serves status for the wallet.,"SRC-CIR-2026-1731 (Annex III (new Annex Ib), point 2(d), LC_GEN-3)",L,in force,trust,B2B; B2G; G2B,PID provider,inspection,draft,pending,CON-WUA; CON-REVOCATION,2026-10-03,2026-10-03,https://spherity.github.io/business-wallet-requirements/requirements/ebw-tru-121/,The technical validity period of person identification data shall end before both the 'client_status.exp',P2,K07 Credential lifecycle; K04 Key custody and wallet architecture,wallet-general,ok,,
EBW-TRU-122,TRU,Trust and assurance,PID provider checks wallet status at least every 24 hours,"A provider of person identification data whose data has a technical validity period of more than 24 hours shall, during that period, check the revocation status of the wallet instance attestation and of the key attestation received at issuance at least once every 24 hours, and shall revoke the data where either is revoked.",It passes the revocation of a wallet unit on to the credentials bound to it within a day.,"SRC-CIR-2026-1731 (Annex III (new Annex Ib), point 2(d), LC_GEN-4)",L,in force,trust,B2B; B2G; G2B,PID provider,test,draft,pending,CON-WUA; CON-REVOCATION,2026-10-03,2026-10-03,https://spherity.github.io/business-wallet-requirements/requirements/ebw-tru-122/,shall check the revocation status of both the wallet instance attestation and the key attestation received during issuance at least once every 24 hours,P2,K07 Credential lifecycle; K04 Key custody and wallet architecture,wallet-general,split,"Two obligations: periodic check, and revoke.",
EBW-TRU-123,TRU,Trust and assurance,Type-shared key status revoked only for a device type vulnerability,"Where a wallet provider uses a status index shared by all key attestations of a type of secure device or keystore, it shall revoke that index only if the type has a security vulnerability.",A shared index revokes every unit with that device type at once.,"SRC-CIR-2026-1731 (Annex III (new Annex Ib), point 2(e), R_KA-4)",L,in force,trust,B2B; B2G; G2B,wallet provider,audit,draft,pending,CON-WUA; CON-REVOCATION,2026-10-03,2026-10-03,https://spherity.github.io/business-wallet-requirements/requirements/ebw-tru-123/,shall only revoke a 'key_storage_status.status' entry if the type of WSCD or keystore has a security vulnerability,P2,K07 Credential lifecycle; K04 Key custody and wallet architecture,wallet-general,ok,Format-specific (status index).,
EBW-TRU-124,TRU,Trust and assurance,Revoke all instance status indices of a unit,"Where a wallet unit must be revoked, the wallet provider shall revoke the index values in all wallet instance attestations associated with that unit.",Revoking only one attestation would leave the unit usable through the others.,"SRC-CIR-2026-1731 (Annex III (new Annex Ib), point 2(e), R_WIA-4)",L,in force,trust,B2B; B2G; G2B,wallet provider,test,draft,pending,CON-WUA; CON-REVOCATION,2026-10-03,2026-10-03,https://spherity.github.io/business-wallet-requirements/requirements/ebw-tru-124/,shall revoke the index values in the 'client_status.status' claim in all wallet instance attestations associated with that wallet unit,P2,K07 Credential lifecycle; K04 Key custody and wallet architecture,wallet-general,ok,,
EBW-TRU-125,TRU,Trust and assurance,Revoked unit attestations of a withdrawn solution stay revoked,"When a Member State withdraws a wallet solution, it shall ensure that the wallet unit attestations of the affected units are revoked, cannot revert to a valid state and that no new unit attestation is issued to existing units of that solution.",It prevents a withdrawn solution from coming back through its status entries.,"SRC-CIR-2025-847 (Article 8(2), points (a) to (c))",L,in force,trust,G2B; G2G,Member State,audit,draft,pending,CON-WUA; CON-REVOCATION,2026-10-03,2026-10-03,https://spherity.github.io/business-wallet-requirements/requirements/ebw-tru-125/,the wallet unit attestations cannot revert to a valid state,P3,"K13 Governance, supervision and liability; K07 Credential lifecycle",authority-side,split,Three outcomes bundled; no wallet design impact.,
EBW-TRU-126,TRU,Trust and assurance,Status shows only revoked or not revoked,"A status element used for person identification data, qualified electronic attestations of attributes or attestations issued by or on behalf of a public sector body responsible for an authentic source shall indicate only whether the attestation is revoked or not revoked and shall not support any other status value, such as suspension.",It rules out suspension for these credential types.,"SRC-CIR-2026-1731 (Annex IV (new Annex II to Implementing Regulation (EU) 2024/2979), clause 4.2.11.1, EAA-4.2.11.1-06)",L,in force,trust,B2B; B2G; G2B,PID provider; qualified trust service provider,inspection,draft,pending,CON-REVOCATION,2026-10-03,2026-10-03,https://spherity.github.io/business-wallet-requirements/requirements/ebw-tru-126/,"it shall only indicate whether the attestation is revoked or not revoked and shall not support any other status values, such as suspension",P2,K07 Credential lifecycle; K01 Credential data model and formats,wallet-general,recategorise INT,Format of status element; statement on credential not trust service. Business wallet bearing open.,
EBW-TRU-127,TRU,Trust and assurance,Short-lived attestations need no revocation,Revocation of a short-lived electronic attestation of attributes with a validity period of 24 hours or less shall not be required.,It allows an alternative to status checking and defines the threshold.,"SRC-CIR-2026-1731 (Annex IV (new Annex II to Implementing Regulation (EU) 2024/2979), clause 4.2.13, EAA-4.2.13-03)",L,in force,trust,B2B; B2G; G2B,PID provider; qualified trust service provider,inspection,draft,pending,CON-REVOCATION,2026-10-03,2026-10-03,https://spherity.github.io/business-wallet-requirements/requirements/ebw-tru-127/,"Where short-lived electronic attestations of attributes with a validity period of 24 hours or less are issued, revocation shall not be required.",P2,K07 Credential lifecycle,wallet-general,reword,"Not a ""shall"" duty; it is an exemption.",
EBW-TRU-128,TRU,Trust and assurance,Risk analysis where status information is unavailable,A relying party shall perform a risk analysis considering all relevant factors for the use case to determine whether it accepts or refuses a PID or attestation when no reliable information on its revocation status is available.,"Offline use, expired caches and non-revocable credentials need an explicit decision rule.","SRC-ARF-HLR (Annex 2.02, Topic 7, VCR_14)",S,standard,trust,B2B; B2G; G2B,relying party,audit,draft,pending,CON-REVOCATION,2026-10-03,2026-10-03,https://spherity.github.io/business-wallet-requirements/requirements/ebw-tru-128/,to determine whether it will accept or refuse a PID or attestation in case no reliable information regarding the revocation status,P2,K07 Credential lifecycle; K05 Trust framework and discovery,relying-party-side,ok,Close to TRU-047 and TRU-135; check overlap.,
EBW-TRU-129,TRU,Trust and assurance,PID revoked when the wallet unit attestation is revoked,A provider of person identification data shall revoke person identification data issued to a wallet unit where the wallet unit attestation of that unit has been revoked.,It carries the revocation of the wallet down to the credentials bound to it.,"SRC-CIR-2026-1731 (Article 1(3), replacing Article 5(4)(b) of Implementing Regulation (EU) 2024/2977)",L,in force,trust,B2B; B2G; G2B,PID provider,test,draft,pending,CON-WUA; CON-REVOCATION,2026-10-03,2026-10-03,https://spherity.github.io/business-wallet-requirements/requirements/ebw-tru-129/,where the wallet unit attestation of the wallet unit to which the person identification data was issued to has been revoked,P2,K07 Credential lifecycle; K04 Key custody and wallet architecture,wallet-general,ok,Close to FUN/TRU-040 revocation circumstances; PID only.,
EBW-TRU-130,TRU,Trust and assurance,PID revoked on the request of the wallet user,A provider of person identification data shall revoke person identification data upon the explicit request of the wallet user to whose wallet unit the data was issued.,"It gives the user a way to end a credential, in addition to revoking the wallet.","SRC-CIR-2024-2977 (Article 5(4), point (a))",L,in force,trust,B2B; B2G; G2B,PID provider,test,draft,pending,CON-REVOCATION,2026-10-03,2026-10-03,https://spherity.github.io/business-wallet-requirements/requirements/ebw-tru-130/,upon the explicit request of the wallet user to whose wallet unit,P2,"K07 Credential lifecycle; K03 Mandates, representation and delegation (employees, machines, agents)",wallet-general,ok,PID only; business wallet equivalent open.,
EBW-TRU-131,TRU,Trust and assurance,PID revocation cannot be reverted,A provider of person identification data shall ensure that revocations of person identification data cannot be reverted.,Irreversibility prevents a revoked credential from becoming valid again.,SRC-CIR-2024-2977 (Article 5(5)),L,in force,trust,B2B; B2G; G2B,PID provider,test,draft,pending,CON-REVOCATION,2026-10-03,2026-10-03,https://spherity.github.io/business-wallet-requirements/requirements/ebw-tru-131/,shall ensure that revocations cannot be reverted,P2,K07 Credential lifecycle,wallet-general,merge-with EBW-TRU-028,Same rule as TRU-004/025/026/028 for PID; consider one generic requirement.,
EBW-TRU-132,TRU,Trust and assurance,Suspension of a qualified certificate is visible in status,"Where national rules provide for temporary suspension of a qualified certificate, the period of suspension shall be indicated in the certificate database and the suspension status shall be visible during the suspension from the service that gives status information.",Relying parties must be able to see a suspension while it lasts.,"SRC-EIDAS-CONSOL (Article 28(5), point (b) and Article 38(5), point (b))",L,in force,trust,B2B; B2G; G2B,qualified trust service provider,inspection,draft,pending,CON-QUALIFIED-SERVICES; CON-REVOCATION,2026-10-03,2026-10-03,https://spherity.github.io/business-wallet-requirements/requirements/ebw-tru-132/,"the suspension status shall be visible, during the period of suspension, from the service providing information on the status of the certificate",P3,K07 Credential lifecycle; K05 Trust framework and discovery,provider-side,split,"Two obligations: record period, expose status.",
EBW-TRU-133,TRU,Trust and assurance,A suspended qualified certificate loses validity,A qualified certificate that has been temporarily suspended under national rules shall lose its validity for the period of suspension.,"It states the legal effect of suspension, which differs from revocation.","SRC-EIDAS-CONSOL (Article 28(5), point (a) and Article 38(5), point (a))",L,in force,trust,B2B; B2G; G2B,qualified trust service provider,inspection,draft,pending,CON-QUALIFIED-SERVICES; CON-REVOCATION,2026-10-03,2026-10-03,https://spherity.github.io/business-wallet-requirements/requirements/ebw-tru-133/,that certificate shall lose its validity for the period of suspension,P3,"K07 Credential lifecycle; K13 Governance, supervision and liability",horizontal,ok,"Legal effect, not a design duty.",
EBW-TRU-134,TRU,Trust and assurance,Support revocation for owner identification data valid over 24 hours,The provider of owner identification data shall support revocation of owner identification data that has a validity longer than 24 hours.,The rulebook of the pilot treats owner identification data as long-lived but revocable.,"SRC-WEBUILD-RB (rb-ebwoid/README.md, section 6)",S,ecosystem,trust,B2B; B2G; M2M,owner identification data provider,inspection,draft,pending,CON-REVOCATION; CON-LEGAL-PERSON-ID,2026-10-03,2026-10-03,https://spherity.github.io/business-wallet-requirements/requirements/ebw-tru-134/,"Validity longer than 24 hours is permitted; therefore, revocation MUST be supported.",P2,K07 Credential lifecycle; K06 Identity and identifiers,provider-side,reword,"Derived ""shall"" from a permission; ecosystem rulebook, not law.",
EBW-TRU-135,TRU,Trust and assurance,Indeterminate status of owner identification data is not valid,"A relying party that checks the status of owner identification data shall treat an indeterminate status as not valid, in line with its risk policy.",It sets the default when status cannot be determined.,"SRC-WEBUILD-RB (rb-ebwoid/README.md, section 6)",S,ecosystem,trust,B2B; B2G; M2M,relying party,test,draft,pending,CON-REVOCATION; CON-LEGAL-PERSON-ID,2026-10-03,2026-10-03,https://spherity.github.io/business-wallet-requirements/requirements/ebw-tru-135/,Treat any indeterminate status as non-valid per risk policy.,P2,K07 Credential lifecycle; K05 Trust framework and discovery,relying-party-side,merge-with EBW-TRU-047,"Overlaps TRU-047 and TRU-128; ""indeterminate"" undefined.",
EBW-TRU-136,TRU,Trust and assurance,A valid unit attestation is required to operate,A European Business Wallet unit shall hold a valid wallet unit attestation in order to operate within the business wallet ecosystem.,"It ties the operation of a unit to the attestation, so that revoking the attestation stops the unit.","SRC-WEBUILD-ARCH (adr/wallet-unit-lifecycle-management.md, Decision (status Proposed, 11 Feb 2026))",S,ecosystem,trust,B2B; B2G; M2M,wallet provider,test,draft,pending,CON-WUA; CON-REVOCATION,2026-10-03,2026-10-03,https://spherity.github.io/business-wallet-requirements/requirements/ebw-tru-136/,A valid WUA is required for a Wallet Unit to operate within the EBW ecosystem.,P2,"K04 Key custody and wallet architecture; K07 Credential lifecycle; K15 Adoption, acceptance and cross-ecosystem interoperability",core,ok,ADR status Proposed.,
EBW-TRU-137,TRU,Trust and assurance,A unit cannot be valid without a valid unit attestation,A European Business Wallet unit shall not be in the state valid unless it holds both a valid wallet unit attestation and valid owner identification data.,The consortium separates structural trust of the unit from identity trust of the owner.,"SRC-WEBUILD-ARCH (adr/wallet-unit-lifecycle-management.md, State Transitions)",S,ecosystem,trust,B2B; B2G; M2M,wallet provider,test,draft,pending,CON-WUA; CON-REVOCATION; CON-LEGAL-PERSON-ID,2026-10-03,2026-10-03,https://spherity.github.io/business-wallet-requirements/requirements/ebw-tru-137/,A Wallet Unit cannot be VALID without a valid WUA.,P2,K04 Key custody and wallet architecture; K07 Credential lifecycle; K06 Identity and identifiers,core,ok,Depends on TRU-136; ADR status Proposed.,
EBW-TRU-138,TRU,Trust and assurance,Distribution point in trust tokens resolves to the latest list,"Where a trust service provider gives a distribution point for its trusted list in a trust service token, it shall ensure that the distribution point always resolves to the latest applicable trusted list or to a scheme list that points to it.","Lets a relying party find the applicable list from the token itself, which is the only discovery path that starts from the artefact being validated.",SRC-ETSI-119612 (Clause 6.3 (TL Distribution Points in trust service tokens)),S,standard,trust,B2B; B2G; G2B,trust service provider,inspection,draft,pending,CON-TRUST-LIST-DISCOVERY; CON-TRUST-LIST,2026-10-03,2026-10-03,https://spherity.github.io/business-wallet-requirements/requirements/ebw-tru-138/,always resolved to the latest available applicable TL or to a scheme including a pointer to it,P2,K05 Trust framework and discovery; K08 Protocols and interfaces,provider-side,ok,,
EBW-TRU-139,TRU,Trust and assurance,Authenticate a pointed-to list before using it,"A relying party shall authenticate a trusted list or list of trusted entities that another list points to, using one of the digital identities given in the pointer, before it uses the pointed-to list.",Pointers are the discovery mechanism between lists; trusting a list without authenticating it with the key in the pointer would make the pointer an attack path.,"SRC-ETSI-119602 (Clause 6.3.13 (Pointers to other LoTEs), Semantics)",S,standard,trust,B2B; B2G; G2B,relying party; scheme operator,test,draft,pending,CON-TRUST-LIST-DISCOVERY; CON-TRUST-LIST,2026-10-03,2026-10-03,https://spherity.github.io/business-wallet-requirements/requirements/ebw-tru-139/,One of such digital identities shall allow successful authentication of the pointed-to list before its use.,P2,"K05 Trust framework and discovery; K11 Security, resilience and incident handling",relying-party-side,ok,,
EBW-TRU-140,TRU,Trust and assurance,Trust evaluation of a delivery service from a trusted list,"A party that evaluates trust in an electronic registered delivery service from a trusted list shall validate the service signature, link the signing certificate to the service digital identity in the list, verify that the current status is granted, and verify that the service type fits the applicable trust domain.","Defines how a provider decides whether to relay a message to another provider, which is the discovery and trust step of the registered delivery channel.",SRC-ETSI-EN-319522-4-3 (Clause 7.2 (EU Trusted List)),S,standard,trust,B2B; B2G; G2B,qualified electronic registered delivery provider,test,draft,pending,CON-TRUST-LIST; CON-QUALIFIED-SERVICES,2026-10-03,2026-10-03,https://spherity.github.io/business-wallet-requirements/requirements/ebw-tru-140/,verify that the signing certificate can be linked to the service digital identity in the TL,P2,K05 Trust framework and discovery; K12 Registered delivery and notifications,relying-party-side,split,Four separate checks bundled.,
EBW-TRU-141,TRU,Trust and assurance,Rulebook states how to obtain the trust anchor,The scheme provider of a rulebook for a non-qualified attestation shall specify how a relying party obtains the trust anchor needed to verify the attestation signature.,"Non-qualified attestation providers are not on a Commission list, so without a rulebook mechanism a relying party cannot find the anchor.",SRC-ARF-TRUST (Section 6.3.2.4 (trust anchors conditionally included in a Trusted List or LoTE)),D,ecosystem,trust,B2B; B2G; G2B,scheme provider; relying party,inspection,draft,pending,CON-TRUST-LIST-DISCOVERY; CON-MULTI-TRUST,2026-10-03,2026-10-03,https://spherity.github.io/business-wallet-requirements/requirements/ebw-tru-141/,it must know how to obtain the trust anchor it needs to verify the signature over that EAA,P2,K05 Trust framework and discovery; K01 Credential data model and formats,provider-side,ok,Provenance D; rationale states derivation.,
EBW-TRU-142,TRU,Trust and assurance,Verifier can recognise several governance authorities,A verifier in a data space shall be able to recognise the trust anchors of more than one data space governance authority.,Organisations that belong to several data spaces need one verification path that can honour each space own list of trusted issuers.,"SRC-DCP (trust.model.md, Trust Relationships, Verifier)",S,ecosystem,trust,B2B; M2M,verifier; data space governance authority,inspection,draft,pending,CON-MULTI-TRUST; CON-DSP-DCP,2026-10-03,2026-10-03,https://spherity.github.io/business-wallet-requirements/requirements/ebw-tru-142/,Verifiers can recognize several Dataspace Governance Authorities.,P2,"K05 Trust framework and discovery; K15 Adoption, acceptance and cross-ecosystem interoperability; K08 Protocols and interfaces",relying-party-side,ok,"Ecosystem source; ""shall be able"" testable by configuration.",
EBW-TRU-143,TRU,Trust and assurance,Signed issuer metadata with the access certificate,"A provider of person identification data or electronic attestations of attributes shall publish its issuer metadata as signed metadata, signed with its access certificate.","Lets the wallet tie the issuer endpoint and the supported credentials to a registered, authenticated provider before it requests issuance. This is an EUDI Wallet profile; its use in the business wallet is part of DEC-07.","SRC-ETSI-119472-3 (Clause 4.2.1, ISS-MDATA-4.2.1-02)",S,standard,trust,B2B; B2G; B2C,credential issuer; wallet provider,test,draft,pending,CON-TRUST-LIST; CON-EBW-EUDIW,2026-10-03,2026-10-03,https://spherity.github.io/business-wallet-requirements/requirements/ebw-tru-143/,The signing certificate of the signature on the Issuer Metadata shall be the access certificate of the PID/EAA Provider.,P2,K08 Protocols and interfaces; K05 Trust framework and discovery; K06 Identity and identifiers,wallet-general,ok,EUDI profile; business wallet bearing open (DEC-07).,
EBW-TRU-144,TRU,Trust and assurance,Pre-authorised issuance only with physical presence,A provider of person identification data that uses the pre-authorised code issuance flow shall perform user authorisation with the physical presence of the user.,"The pre-authorised flow does not protect against hijacking in remote scenarios, so remote issuance at assurance level high is excluded from it. This is an EUDI Wallet profile; its use in the business wallet is part of DEC-07.","SRC-ETSI-119472-3 (Clause 4.1, GEN-REQ-4.1-05)",S,standard,trust,B2C; B2G,provider of person identification data,audit,draft,pending,CON-LOA; CON-EBW-EUDIW,2026-10-03,2026-10-03,https://spherity.github.io/business-wallet-requirements/requirements/ebw-tru-144/,PID Providers implementing the Pre-Authorised Code Flow shall perform user authorisation with the physical presence.,P3,"K08 Protocols and interfaces; K14 Conformity, certification and assurance",wallet-general,ok,EUDI profile; business wallet bearing open (DEC-07).,
EBW-TRU-145,TRU,Trust and assurance,Access certificate validation stays in the wallet,The wallet unit shall authenticate and validate wallet-relying party access certificates itself and shall not delegate this to an operating system browser or other intermediary application.,Prevents the trust decision from moving to a platform component that the wallet provider does not control. This is an EUDI Wallet profile; its use in the business wallet is part of DEC-07.,"SRC-CIR-2026-1731 (Article 4, point (2)(a) (amending Article 3(1) of Implementing Regulation (EU) 2024/2982))",L,in force,trust,B2B; B2G; G2B,wallet provider; wallet unit,test,draft,pending,CON-TRUST-PLANE; CON-EBW-EUDIW,2026-10-03,2026-10-03,https://spherity.github.io/business-wallet-requirements/requirements/ebw-tru-145/,without delegating execution of these processes to an operating system browser or other intermediary application,P2,K05 Trust framework and discovery; K04 Key custody and wallet architecture; K08 Protocols and interfaces,wallet-general,merge-with EBW-TRU-032,Extends TRU-032 with no-delegation; could be merged. Business wallet bearing open.,
EBW-TRU-146,TRU,Trust and assurance,Preservation evidence carries qualified time stamps,A qualified preservation service shall use qualified time stamps within the preservation evidence.,Qualified time stamps give the presumption of accuracy of time and integrity that long-term proof of existence needs.,"SRC-CIR-2025-1946 (Annex, point 1(11), OVR-A-03)",L,in force,assurance,B2B; B2G; G2B,qualified preservation service provider,audit,draft,pending,CON-QUALIFIED-SERVICES,2026-10-03,2026-10-03,https://spherity.github.io/business-wallet-requirements/requirements/ebw-tru-146/,Time-stamps used within the preservation evidence shall be qualified time-stamps,P3,"K10 Evidence, logging and audit; K11 Security, resilience and incident handling",provider-side,recategorise OPS,"Preservation service evidence, not trust anchor; plane assurance already.",
EBW-TRU-147,TRU,Trust and assurance,CSP-B performs identity proofing of the participant,The core service provider-B shall verify the identity of the prospective participant through an identity proofing process.,"The assurance level depends on the referenced identity proofing standard, which is a placeholder (CX-XXXX) in the page read.",SRC-CX-0006 (Section 2.4),S,ecosystem,assurance,B2B; M2M,core service provider-B,audit,draft,pending,CON-LEGAL-PERSON-ID; CON-CROSS-SECTOR; CON-LOA,2026-10-03,2026-10-03,https://spherity.github.io/business-wallet-requirements/requirements/ebw-tru-147/,The CSP-B MUST verify the identity of the prospective participant through an identity proofing process,P1,"K17 Cross-jurisdiction identity, identifiers and assurance (EBW and non-EBW); K14 Conformity, certification and assurance; K06 Identity and identifiers",provider-side,ok,"Gap: no level of assurance stated; cannot be mapped to eIDAS LoA. Not verifiable as written. Cross-reference EBW-TRU-084 (LoA high legal person registration), TRU-015, TRU-114.",
EBW-TRU-148,TRU,Trust and assurance,Every participant has a compliant wallet,Every participant shall have access to a wallet instance complying with the Catena-X wallet requirements after onboarding.,The wallet holds the participant credentials and identifier.,SRC-CX-0006 (Section 2.5),S,ecosystem,trust,B2B; M2M,data space participant,inspection,draft,pending,CON-EBW-EUDIW,2026-10-03,2026-10-03,https://spherity.github.io/business-wallet-requirements/requirements/ebw-tru-148/,every participant MUST have access to a wallet instance complying with CX-0149 Wallet Requirements,P2,"K15 Adoption, acceptance and cross-ecosystem interoperability; K04 Key custody and wallet architecture; K17 Cross-jurisdiction identity, identifiers and assurance (EBW and non-EBW)",wallet-general,ok,Overlaps TRU-151 (any wallet in the data space compliant). See TRU-151.,
EBW-TRU-149,TRU,Trust and assurance,"CSP-B issues membership, BPN and framework credentials","The core service provider-B shall issue to the prospective participant a Membership Credential, a BPN Credential and a Framework Agreement Credential, provided that the conditions for the credential claims are met.","Onboarding ends with credentials issued by the ecosystem authority, the single trust anchor of the ecosystem.",SRC-CX-0006 (Section 2.6),S,ecosystem,trust,B2B; M2M,core service provider-B,inspection,draft,pending,CON-LEGAL-PERSON-ID; CON-CROSS-SECTOR; CON-TRUST-LIST,2026-10-03,2026-10-03,https://spherity.github.io/business-wallet-requirements/requirements/ebw-tru-149/,"The CSP-B MUST issue to the prospective participant a Membership Credential, a BPN Credential, and a Framework Agreement Credential",P2,"K07 Credential lifecycle; K05 Trust framework and discovery; K17 Cross-jurisdiction identity, identifiers and assurance (EBW and non-EBW)",provider-side,ok,Related: DAT-003. Single issuer model conflicts with multi-issuer EBW trust list approach.,
EBW-TRU-150,TRU,Trust and assurance,CSP triggers the clearing house trust anchor,The core service provider shall be able to trigger the clearing house trust anchor for a registration application.,External clearing house acts as an additional trust anchor for the legal entity data.,SRC-CX-0009 (Section 2.2.1 (clearinghouse endpoint)),S,ecosystem,assurance,B2B; M2M,core service provider,inspection,draft,pending,CON-LEGAL-PERSON-ID; CON-CROSS-SECTOR; CON-AUTHENTIC-SOURCES,2026-10-03,2026-10-03,https://spherity.github.io/business-wallet-requirements/requirements/ebw-tru-150/,The Core Service Provider MUST be able to trigger the CH trust anchor.,P3,"K05 Trust framework and discovery; K17 Cross-jurisdiction identity, identifiers and assurance (EBW and non-EBW); K08 Protocols and interfaces",provider-side,ok,"CX-Neptune preview, not certifiable. CX-0009 fast-track; not certifiable. Statement is an interface capability, not a trust requirement.",
EBW-TRU-151,TRU,Trust and assurance,Wallets in the data space are compliant,Any wallet used in the Catena-X data space shall be a Catena-X-compliant wallet.,"Single wallet profile for all participants, no alternative wallet types.",SRC-CX-0149 (Section 2),S,ecosystem,trust,B2B; M2M,data space participant,inspection,draft,pending,CON-EBW-EUDIW,2026-10-03,2026-10-03,https://spherity.github.io/business-wallet-requirements/requirements/ebw-tru-151/,Any wallet used in the Catena-X dataspace MUST be a Catena-X-compliant wallet.,P3,"K15 Adoption, acceptance and cross-ecosystem interoperability; K04 Key custody and wallet architecture",wallet-general,merge-with EBW-TRU-148,Same obligation as TRU-148 (wallet compliant with CX-0149) from different section; merge or cross-reference.,
EBW-TRU-152,TRU,Trust and assurance,Membership Credential issued by CSP or assigned issuer,"The core service provider, or an issuer assigned by it, shall issue the Membership Credential to the participant.",Issuer delegation by the core service provider is the trust-anchor model of the ecosystem.,SRC-CX-0050 (Section 2.1),S,ecosystem,trust,B2B; M2M,core service provider,inspection,draft,pending,CON-LEGAL-PERSON-ID; CON-CROSS-SECTOR; CON-TRUST-LIST,2026-10-03,2026-10-03,https://spherity.github.io/business-wallet-requirements/requirements/ebw-tru-152/,It is issued to the participant by the CSP or a core service provider assigned issuer.,P2,"K05 Trust framework and discovery; K07 Credential lifecycle; K17 Cross-jurisdiction identity, identifiers and assurance (EBW and non-EBW)",provider-side,reword,Source sentence states fact in a normative section; the 'shall' is a derivation per the research note. Mark as derived in fidelity pass.,
EBW-TRU-153,TRU,Trust and assurance,BPN-DID resolution checks the Membership Credential,"The BPN-DID resolution service shall check the validity of the provided Membership Credential, including type, expiry, revocation and a signature by a trusted issuer, and deny access if the check fails.",Access to the identifier directory depends on a trusted-issuer check; who is trusted is not specified.,SRC-CX-0167 (Section 2.1),S,ecosystem,trust,B2B; M2M,core service provider-B,inspection,draft,pending,CON-REVOCATION; CON-TRUST-LIST,2026-10-03,2026-10-03,https://spherity.github.io/business-wallet-requirements/requirements/ebw-tru-153/,"MUST check the validity of the provided Membership Credential, e.g., correct type, not expired, not revoked, properly signed by a trusted issuer",P2,"K05 Trust framework and discovery; K07 Credential lifecycle; K17 Cross-jurisdiction identity, identifiers and assurance (EBW and non-EBW)",relying-party-side,reword,"Quote lists checks as examples ('e.g.'); statement makes them exhaustive. Also: trusted issuer undefined, no cross-jurisdiction trust list. Cross-reference EBW trust-list requirements.",
EBW-TRU-154,TRU,Trust and assurance,"Catalogue request token scope covers membership, BPN and framework credentials","The token for requesting a catalogue shall include a scope covering the Membership Credential, the BPN Credential and the Framework Agreement Credential.",Counterparties are identified by ecosystem credentials before any data offer is shown.,SRC-CX-0018 (Section 2.3),S,ecosystem,trust,B2B; M2M,data space participant,inspection,draft,pending,CON-DSP-DCP,2026-10-03,2026-10-03,https://spherity.github.io/business-wallet-requirements/requirements/ebw-tru-154/,The scope of the token for requesting a Catalog MUST include the following credentials as defined in CX-0050,P3,"K08 Protocols and interfaces; K17 Cross-jurisdiction identity, identifiers and assurance (EBW and non-EBW); K05 Trust framework and discovery",relying-party-side,ok,"Protocol-specific (CX-0018, CX-0050); not neutral. Consider profile-of cross-reference.",
EBW-TRU-155,TRU,Trust and assurance,BPN access constraints validated through credentials,Data providers and data consumers shall validate access policy constraints on the BPN or on BPNLs of a business partner group through the Membership Credential or the BPN Credential.,Access decisions for named partners rest on issuer-attested BPNs.,SRC-CX-0152 (Section 2.1 (validation mechanism of constraints)),S,ecosystem,trust,B2B; M2M,data provider; data consumer,inspection,draft,pending,CON-LEGAL-PERSON-ID; CON-CROSS-SECTOR; CON-DSP-DCP,2026-10-03,2026-10-03,https://spherity.github.io/business-wallet-requirements/requirements/ebw-tru-155/,BusinessPartnerNumber and of the BPNLs contained in the BusinessPartnerGroup MUST be done via the MembershipCredential or the BpnCredential.,P2,"K05 Trust framework and discovery; K17 Cross-jurisdiction identity, identifiers and assurance (EBW and non-EBW); K09 Privacy and data protection",relying-party-side,ok,Quote ends 'via the MembershipCredential or the BpnCredential' as in statement; consider access-policy cluster K08.,
EBW-TRU-156,TRU,Trust and assurance,Managing relation only after power of attorney is verified,"The core service provider-B shall create an ""is managed by"" relation between legal entities only after it has verified that the managing legal entity has legal authority or power of attorney for the managed legal entity.",Delegation between legal entities is verified before it is recorded; the verification method is left to the Catena-X association.,SRC-CX-0076 (Section 2.1.9),S,ecosystem,assurance,B2B; M2M,core service provider-B,inspection,draft,pending,CON-LEGAL-PERSON-ID; CON-CROSS-SECTOR; CON-MANDATE,2026-10-03,2026-10-03,https://spherity.github.io/business-wallet-requirements/requirements/ebw-tru-156/,relation is only created after the Core Service Provider B has verified that the Managing Legal Entity has the legal authority / power of attorney,P1,"K03 Mandates, representation and delegation (employees, machines, agents); K17 Cross-jurisdiction identity, identifiers and assurance (EBW and non-EBW); K06 Identity and identifiers",provider-side,ok,Cross-reference EBW-GOV-027/representation and mandate requirements (K03). Verification method unspecified in source: not testable beyond the order of steps.,
EBW-TRU-157,TRU,Trust and assurance,Confidence level for BPNL and BPNA,The service provider shall calculate and assign a confidence level to BPNLs and BPNAs to indicate data quality.,"Quality score combines use by members, check against official sources and data owner approval; an assurance-level analogue for partner data.",SRC-CX-0076 (Section 2.1.12),S,ecosystem,assurance,B2B; M2M,service provider,inspection,draft,pending,CON-LEGAL-PERSON-ID; CON-CROSS-SECTOR; CON-LOA,2026-10-03,2026-10-03,https://spherity.github.io/business-wallet-requirements/requirements/ebw-tru-157/,A confidence level MUST be calculated and assigned to BPNLs and BPNAs to indicate the data quality.,P3,"K14 Conformity, certification and assurance; K17 Cross-jurisdiction identity, identifiers and assurance (EBW and non-EBW); K06 Identity and identifiers",provider-side,ok,Scores 1/3/5 points; do not equate with LoA. Cross-reference EBW-TRU-084 for the eIDAS notion.,
EBW-TRU-158,TRU,Trust and assurance,Wallet provider verifies wallet instance integrity and signs the instance attestation,The wallet provider shall verify the integrity of the wallet instance and sign or seal the wallet instance attestation.,"Ties the instance attestation to a checked wallet instance, which issuers rely on before issuing person identification data.","SRC-CIR-2026-1731 (Annex III (new Annex Ib to Implementing Regulation (EU) 2024/2979), point 2(b), TR-WIA-2)",L,in force,trust,B2B; B2G; G2B,wallet provider,test,draft,pending,CON-WUA,2026-10-03,2026-10-03,https://spherity.github.io/business-wallet-requirements/requirements/ebw-tru-158/,A wallet provider shall verify the integrity of the wallet instance and sign or seal the wallet instance attestation.,P2,K07 Credential lifecycle; K04 Key custody and wallet architecture,wallet-general,ok,Added after CIR 2026/1731; TR-WIA-2 of new Annex Ib. Complements EBW-TRU-117 (expiry) and EBW-TRU-029 (listed certificate).,
EBW-TRU-159,TRU,Trust and assurance,Suspended mandate attestation treated as invalid,"Where a power of attorney or power of representation attestation is suspended, the relying party shall treat it as invalid for as long as the suspension lasts.","A temporarily suspended mandate must not be exercisable, so a verifier that still accepts it would undo the owner's suspension.","SRC-WEBUILD-RB (rulebooks/rb-poa-pox.md, section 6.5 (Suspension))",S,ecosystem,trust,B2B; B2G,relying party; authorised representative,test,draft,pending,CON-MANDATE; CON-REVOCATION,2026-10-03,2026-10-03,https://spherity.github.io/business-wallet-requirements/requirements/ebw-tru-159/,During suspension the attestation SHALL be treated as invalid.,P2,"K03 Mandates, representation and delegation (employees, machines, agents); K07 Credential lifecycle",relying-party-side,merge-with EBW-TRU-160,"Verified against registered commit de79cca (rulebooks/rb-poa-pox.md, v0.7) and v0.8 of 2026-09-04: section and quote unchanged. Rulebook 6.5 allows suspension but its status values (6.9) have no suspended value; raise with WE BUILD.",
EBW-TRU-160,TRU,Trust and assurance,Reject mandate attestations that are not active,"A relying party shall reject every power of attorney or power of representation attestation whose status is not active, including revoked, expired and unknown.",Treating an unknown status as acceptable would let a revoked or suspended mandate pass whenever the status service is unreachable.,"SRC-WEBUILD-RB (rulebooks/rb-poa-pox.md, section 6.9 (Attestation Status Values))",S,ecosystem,trust,B2B; B2G,relying party,test,draft,pending,CON-MANDATE; CON-REVOCATION,2026-10-03,2026-10-03,https://spherity.github.io/business-wallet-requirements/requirements/ebw-tru-160/,Relying Parties SHALL reject every attestation except those having status `active`.,P2,"K07 Credential lifecycle; K03 Mandates, representation and delegation (employees, machines, agents)",relying-party-side,ok,"Verified against registered commit de79cca (rulebooks/rb-poa-pox.md, v0.7) and v0.8 of 2026-09-04: section and quote unchanged. Statement adds ""revoked, expired and unknown"" from the 6.9 list (checked).",
EBW-TRU-161,TRU,Trust and assurance,"Verify identifier, status, validity and issuer before accepting a mandate","Before accepting a power of attorney or power of representation attestation, the relying party shall verify the attestation identifier, its current status, its validity period and the status of its issuer.","Status checking of a mandate has to include the issuer, because a suspended issuer can no longer vouch for the mandate.","SRC-WEBUILD-RB (rulebooks/rb-poa-pox.md, section 6.10 (Status Verification))",S,ecosystem,trust,B2B; B2G,relying party,test,draft,pending,CON-MANDATE; CON-REVOCATION,2026-10-03,2026-10-03,https://spherity.github.io/business-wallet-requirements/requirements/ebw-tru-161/,"the Relying Party SHALL verify attestation identifier, current status, validity period and issuer status",P2,"K07 Credential lifecycle; K03 Mandates, representation and delegation (employees, machines, agents); K05 Trust framework and discovery",relying-party-side,ok,"Verified against registered commit de79cca (rulebooks/rb-poa-pox.md, v0.7) and v0.8 of 2026-09-04: section and quote unchanged. Section 6.10.",
EBW-TRU-162,TRU,Trust and assurance,Revoke a mandate attestation when the principal withdraws the mandate,The issuer of a power of attorney or power of representation attestation shall revoke it when the principal withdraws the mandate.,"The rulebook lists the trigger as mandatory but names no duty-holder; the issuer is derived from sections 4.14, 6.7 and 6.13, where the issuer validates the request and updates the status.","SRC-WEBUILD-RB (rulebooks/rb-poa-pox.md, section 6.6 (Revocation Triggers) with sections 6.7 and 6.13)",D,ecosystem,trust,B2B; B2G,attestation issuer; wallet owner,test,draft,pending,CON-MANDATE; CON-REVOCATION,2026-10-03,2026-10-03,https://spherity.github.io/business-wallet-requirements/requirements/ebw-tru-162/,Principal withdraws mandate | SHALL,P2,"K03 Mandates, representation and delegation (employees, machines, agents); K07 Credential lifecycle",provider-side,ok,"Verified against registered commit de79cca (rulebooks/rb-poa-pox.md, v0.7) and v0.8 of 2026-09-04: section and quote unchanged. Duty-holder derived from 4.14, 6.7, 6.13 (stated); confirm with WE BUILD.",
EBW-TRU-163,TRU,Trust and assurance,Revoke a mandate attestation when the representative leaves the organisation,The issuer of a power of attorney or power of representation attestation shall revoke it when the representative leaves the organisation.,"Authority held through an employer must end with the employment; the rulebook lists the trigger as mandatory, and the issuer is derived from sections 4.14, 6.7 and 6.13.","SRC-WEBUILD-RB (rulebooks/rb-poa-pox.md, section 6.6 (Revocation Triggers) with sections 6.7 and 6.13)",D,ecosystem,trust,B2B; B2G,attestation issuer; wallet owner; authorised representative,test,draft,pending,CON-MANDATE; CON-REVOCATION,2026-10-03,2026-10-03,https://spherity.github.io/business-wallet-requirements/requirements/ebw-tru-163/,Representative leaves organization | SHALL,P2,"K03 Mandates, representation and delegation (employees, machines, agents); K07 Credential lifecycle",provider-side,ok,"Verified against registered commit de79cca (rulebooks/rb-poa-pox.md, v0.7) and v0.8 of 2026-09-04: section and quote unchanged. Duty-holder derived from 4.14, 6.7, 6.13 (stated); confirm with WE BUILD. Issuer needs HR or register sync: see OPS-041.",
EBW-TRU-164,TRU,Trust and assurance,Revoke mandate attestations when the company is dissolved,The issuer of a power of attorney or power of representation attestation shall revoke it when the represented company is dissolved.,"Delegated authority cannot outlive the principal; the rulebook lists the trigger as mandatory, and the issuer is derived from sections 4.14, 6.7 and 6.13.","SRC-WEBUILD-RB (rulebooks/rb-poa-pox.md, section 6.6 (Revocation Triggers) with sections 6.7 and 6.13)",D,ecosystem,trust,B2B; B2G,attestation issuer; wallet owner,test,draft,pending,CON-MANDATE; CON-REVOCATION; CON-LEGAL-PERSON-ID,2026-10-03,2026-10-03,https://spherity.github.io/business-wallet-requirements/requirements/ebw-tru-164/,Company dissolved | SHALL,P2,"K03 Mandates, representation and delegation (employees, machines, agents); K07 Credential lifecycle",provider-side,ok,"Verified against registered commit de79cca (rulebooks/rb-poa-pox.md, v0.7) and v0.8 of 2026-09-04: section and quote unchanged. Duty-holder derived from 4.14, 6.7, 6.13 (stated); confirm with WE BUILD.",
EBW-TRU-165,TRU,Trust and assurance,Authenticate the requester before accepting a unit revocation request,The provider of European Business Wallets shall authenticate the person who requests revocation of a wallet unit before accepting the request.,"Derived by mapping the ARF rule for EUDI wallets to the European Business Wallet, whose Annex point 1 already requires an authentication mechanism for users who request revocation; the ARF names a natural-person user, the EBW requester is an owner or authorised user.","SRC-ARF-HLR (Annex 2.02, Topic 38, WURevocation_10)",D,standard,trust,B2B; B2G,wallet provider; wallet owner; wallet user,test,draft,pending,CON-WUA; CON-REVOCATION,2026-10-03,2026-10-03,https://spherity.github.io/business-wallet-requirements/requirements/ebw-tru-165/,The Wallet Provider SHALL authenticate the User before accepting a request to revoke the Wallet Unit.,P2,"K07 Credential lifecycle; K11 Security, resilience and incident handling; K02 Wallet subject model",provider-side,ok,ARF rule is for EUDI; claim that Annex point 1 already requires an authentication mechanism for revocation requests to be verified.,
EBW-TRU-166,TRU,Trust and assurance,Revoked owner identification data leaves the structural trust of the unit intact,"When the owner identification data of a European Business Wallet unit is revoked or expires, the unit shall lose its identity validity while its wallet unit attestation stays valid.","The consortium decision separates identity trust from structural trust, so that only the owner-identification state changes; the ADR is proposed and not final.","SRC-WEBUILD-ARCH (adr/wallet-unit-lifecycle-management.md, Consequences and State Transitions)",S,ecosystem,trust,B2B; B2G; M2M,wallet provider; relying party,test,draft,pending,CON-WUA; CON-REVOCATION; CON-LEGAL-PERSON-ID,2026-10-03,2026-10-03,https://spherity.github.io/business-wallet-requirements/requirements/ebw-tru-166/,Revocation of EBWOID suspends identity validity while preserving structural trust.,P2,K07 Credential lifecycle; K05 Trust framework and discovery; K02 Wallet subject model,wallet-general,reword,"Statement uses ""shall"" and adds ""or expires"" and ""lose"", none in the quote (which says ""suspends identity validity""). ADR status is Proposed: not final.",
EBW-TRU-167,TRU,Trust and assurance,Actions outside the mandate scope are rejected,A relying party shall reject an action that falls outside the scope defined in the mandate of the acting representative.,The rulebook names verification as the point of enforcement and rejection of the action as the failure behaviour; this limits an employee or other representative to the powers granted.,"SRC-WEBUILD-RB (rulebooks/rb-poa-pox.md, section 2.9, integrity rule IR-18)",S,ecosystem,trust,B2B; B2G,relying party; authorised representative,test,draft,pending,CON-MANDATE,2026-10-03,2026-10-03,https://spherity.github.io/business-wallet-requirements/requirements/ebw-tru-167/,A mandate SHALL NOT authorize actions outside its defined scope,P2,"K03 Mandates, representation and delegation (employees, machines, agents); K01 Credential data model and formats",relying-party-side,ok,"Verified against registered commit de79cca (rulebooks/rb-poa-pox.md, v0.7) and v0.8 of 2026-09-04: section and quote unchanged. IR-18 in 2.9 (verification, failure behaviour reject action).",
EBW-TRU-168,TRU,Trust and assurance,Joint representation requires two or more signatories acting together,"Where the representation type of the authorised signatories of a legal entity is joint, a relying party that verifies the authorised signatories attestation shall require that two or more signatories act together before it treats an act as made on behalf of the entity.","Derived from the code-list meaning of JOINT in the authorised signatories rulebook, which gives the definition but no verifier duty; the legal effect of a joint act is national law (to verify).","SRC-WEBUILD-RB (rulebooks/rb-authorised-signatories/README.md, section 2.8.1 (Representation Type Codes))",D,ecosystem,trust,B2B; B2G,relying party; authorised representative,test,draft,pending,CON-MANDATE; CON-AUTHORITY-ACCESS,2026-10-03,2026-10-03,https://spherity.github.io/business-wallet-requirements/requirements/ebw-tru-168/,Two or more signatories are required to act together to make binding commitments on behalf of the legal entity,P3,"K03 Mandates, representation and delegation (employees, machines, agents); K02 Wallet subject model",relying-party-side,reword,Reworded as in the N14 proposal and marked D; location corrected to rulebooks/rb-authorised-signatories/README.md 2.8.1 (registered commit de79cca). Legal effect of a joint act is national law (to verify).,
EBW-TRU-169,TRU,Trust and assurance,Custody model recorded per private key,"The wallet provider shall record for each private key of a wallet unit the custody model that holds it (device held by the owner, module operated by the provider, module operated by the owner, or remote service of a qualified trust service provider) and shall make the record available to the owner on request.","Derived (criteria C1, C6, C9 of the DEC-03 page): no source says where keys must be held, so the choice must at least be recorded; Annex point 3(1) requires a secure cryptographic device but not its placement.","SRC-EBW-PROPOSAL (Annex, point 3(1))",D,proposal,trust,B2B; B2G; G2B,wallet provider; wallet owner,inspection,draft,pending,CON-WUA; CON-TRUST-PLANE,2026-10-03,2026-10-03,https://spherity.github.io/business-wallet-requirements/requirements/ebw-tru-169/,shall use at least one Wallet secure cryptographic application and Wallets secure cryptographic device to manage critical assets,P2,"K04 Key custody and wallet architecture; K13 Governance, supervision and liability",provider-side,ok,"Derivation stated. Quote supports a secure device only; four-way custody list is the reviewer's model. Related GOV-050, CER-023.",
EBW-TRU-170,TRU,Trust and assurance,Council text: onboarding of the owner at assurance level high,Providers of European Business Wallets shall ensure that their wallets support common protocols and interfaces to securely onboard the owner remotely via a legal representative or other lawfully empowered person with an electronic identification means that meets assurance level high.,The Council text narrows the Commission proposal (EBW-TRU-008: substantial or high) to level high; the requirement follows Council text ST 9684/26 until the trilogue outcome is known.,"SRC-COUNCIL-ST-9684-26 (Article 6(1), point (e))",L,proposal,trust,B2B; B2G,provider of European Business Wallets; legal representative,test,draft,pending,CON-LOA; CON-LEGAL-PERSON-ID,2026-10-03,2026-10-03,https://spherity.github.io/business-wallet-requirements/requirements/ebw-tru-170/,securely onboard the European Business Wallet owner remotely via a legal representative or other persons that are lawfully empowered to carry out the onboarding process,P1,"K02 Wallet subject model; K06 Identity and identifiers; K17 Cross-jurisdiction identity, identifiers and assurance (EBW and non-EBW)",provider-side,merge-with EBW-TRU-008,"Quote now Council ST 9684/26 Art 6(1)(e), including legal representative or lawfully empowered persons, machine-checked; assurance level high in full_quote. Divergence from TRU-008 kept until trilogue. Related TRU-070.",
EBW-TRU-171,TRU,Trust and assurance,Identity proofing covers the representative of a third-country operator,A provider of owner identification data shall issue owner identification data and a unique identifier to an economic operator established outside the Union only if the identity proofing of the operator and of its representative empowered to carry out the onboarding fulfils the identity verification methods of Article 24(1a) of Regulation (EU) No 910/2014.,"The Council text extends the proofing condition of the Commission proposal (EBW-TRU-015) to the empowered representative, which links the legal-person identity to a natural person in a third country.","SRC-COUNCIL-ST-9684-26 (Article 18(5), point (a))",L,proposal,trust,B2B; B2G,provider of owner identification data; economic operator established outside the Union,audit,draft,pending,CON-LOA; CON-LEGAL-PERSON-ID,2026-10-03,2026-10-03,https://spherity.github.io/business-wallet-requirements/requirements/ebw-tru-171/,the identity proofing and verification of those economic operators and their representative empowered to carry out the onboarding process,P3,"K17 Cross-jurisdiction identity, identifiers and assurance (EBW and non-EBW); K06 Identity and identifiers",provider-side,merge-with EBW-TRU-015,Adds the empowered representative to the TRU-015 condition.,
EBW-TRU-172,TRU,Trust and assurance,Legal person not in a status that prevents it from acting,"For identity proofing of a legal person at assurance level high, the entity responsible for registration shall check that the legal person is not known by an authoritative source to be in a status that would prevent it from acting as that legal person.","The element is listed at level low and is cumulative for substantial and high; the existing requirement EBW-TRU-084 covers only name, legal form and unique identifier, not dissolved or insolvent entities.","SRC-CIR-2015-1502 (Annex, section 2.1.3, level Low element 3, carried into levels Substantial and High)",L,in force,assurance,B2B; B2G,entity responsible for registration,audit,draft,pending,CON-LOA; CON-AUTHENTIC-SOURCES,2026-10-03,2026-10-03,https://spherity.github.io/business-wallet-requirements/requirements/ebw-tru-172/,The legal person is not known by an authoritative source to be in a status that would prevent it from acting as that legal person.,P2,"K06 Identity and identifiers; K17 Cross-jurisdiction identity, identifiers and assurance (EBW and non-EBW)",authority-side,merge-with EBW-TRU-084,"Same CIR 2015/1502 section 2.1.3; add the ""status preventing it from acting"" check to TRU-084.",
EBW-TRU-173,TRU,Trust and assurance,Issuer establishes the principal's authority before issuing a power of attorney,The issuer of an EU power of attorney attestation shall reject the issuance if the authority of the principal to act on behalf of the company cannot be established.,The rulebook gives this check as protection against invalid delegation chains in which a person without authority grants powers.,"SRC-WEBUILD-RB (rb-eu-poa/README.md, section 2.9, integrity rule IR-03)",S,ecosystem,trust,B2B; B2G,attestation issuer,test,draft,pending,CON-MANDATE,2026-10-03,2026-10-03,https://spherity.github.io/business-wallet-requirements/requirements/ebw-tru-173/,Issuer SHALL reject issuance if principal authority cannot be established.,P2,"K03 Mandates, representation and delegation (employees, machines, agents); K17 Cross-jurisdiction identity, identifiers and assurance (EBW and non-EBW); K08 Protocols and interfaces",provider-side,ok,Source check: IR-03 confirmed at registered commit de79cca (rb-eu-poa v0.1). 'Authority cannot be established' has no stated method; testable only against a defined authentic source.,
EBW-TRU-174,TRU,Trust and assurance,Reject acts of a substitute where substitution is not allowed,"Where an EU power of attorney attestation states that substitution is not allowed, a relying party shall reject an act that a third party performs under powers the attorney has passed on.",Derived; the rulebook defines the attribute as the attorney's right to delegate the granted powers to a third party but states no verifier behaviour for the value not_allowed.,"SRC-WEBUILD-RB (rb-eu-poa/README.md, section 2.8 (code list of scope_of_representation_power_of_substitution))",D,ecosystem,trust,B2B; B2G,relying party,test,draft,pending,CON-MANDATE,2026-10-03,2026-10-03,https://spherity.github.io/business-wallet-requirements/requirements/ebw-tru-174/,Whether the attorney may delegate the granted powers to a third party,P1,"K03 Mandates, representation and delegation (employees, machines, agents); K08 Protocols and interfaces; K17 Cross-jurisdiction identity, identifiers and assurance (EBW and non-EBW)",relying-party-side,ok,"Provenance D with derivation stated: rulebook gives the code list definition only, no verifier rule. Source check: section 2.8 exists at registered commit de79cca (rb-eu-poa v0.1). Requires detecting that a third party acts under passed-on powers, which no credential mechanism yet shows (see INT-025/029 act claim). Depends on INT-097 (optional attribute).",
EBW-TRU-175,TRU,Trust and assurance,Unique identification and authentication of systems as well as persons,"Where the wallet owner is a financial entity, its identity management policies and procedures shall ensure the unique identification and authentication of natural persons and systems accessing its information.",Derived; the duty lies on financial entities. It is the only Union text found that names systems next to natural persons as subjects of identification and authentication for access rights.,SRC-DORA-RTS-1774 (Article 20(1)),D,in force,trust,B2B; M2M,financial entity; wallet owner,audit,draft,pending,CON-MANDATE; CON-CONTROL-PLANE,2026-10-03,2026-10-03,https://spherity.github.io/business-wallet-requirements/requirements/ebw-tru-175/,ensure the unique identification and authentication of natural persons and systems accessing the financial entities’ information,P2,"K03 Mandates, representation and delegation (employees, machines, agents); K02 Wallet subject model; K16 AI-first and agent interoperability",horizontal,ok,Matches Art 20(1). Derived to wallet owners generally. Overlaps TRU-176 in subject (machines) but differs in duty-holder; not merged.,
EBW-TRU-176,TRU,Trust and assurance,Authenticate the calling machine or application before granting access,"Before granting an application or machine access to protected asset data or restricted services, the party operating the asset interface shall identify and authenticate that application.","Derived from the IDTA security specification for the asset administration shell, an implementation artefact; only this high-level rule is used. The specification maps the rule from IEC 62443 and allows the application to stand for a non-person user.","SRC-IDTA-AAS-P4 (Part 4 (IDTA-01004 v3.1), AAS Security requirements, FR1, Identification and authentication of AAS user applications and AAS interface)",D,ecosystem,trust,M2M; B2B,asset interface operator; machine,test,draft,pending,CON-CONTROL-PLANE,2026-10-03,2026-10-03,https://spherity.github.io/business-wallet-requirements/requirements/ebw-tru-176/,the AAS interface SHALL ensure the identification and authentication of the AAS user application,P2,"K03 Mandates, representation and delegation (employees, machines, agents); K16 AI-first and agent interoperability; K04 Key custody and wallet architecture",provider-side,ok,Derived; 'identification and authentication of AAS user application' generalised to machines. Related to TRU-175 (owner-side policy) and TRU-054 (agent).,
